Shop Name,Shop Address,Lat,Lng,Maps URL,Total Violations,Near Worship,Near Schools,Near Bus Stands,Status
TASMAC BAR,"95M9+F2F, Unnamed Road, Karakonam",8.3836835,77.1675686,https://www.google.com/maps/place/?q=place_id:ChIJJS6tXJGtBTsRWgPfyGFc8DI,66,62,4,0,VIOLATION
Wine shop,"C56Q+CQ8, Cheriyakolla",8.411015299999999,77.1894384,https://www.google.com/maps/place/?q=place_id:ChIJX6IZP2GtBTsRMUAQd0hlskE,62,62,0,0,VIOLATION
Tasmac,"P9GV+326, Unnamed Road, Vickramasingapuram",8.725136599999999,77.39255380000002,https://www.google.com/maps/place/?q=place_id:ChIJDS-y7IA7BDsR6htcQSOVy1M,26,26,0,0,VIOLATION
TASMAC,"Q9Q3+GRJ, Sivasailam Rd, Kalyanipuram",8.7888384,77.3545298,https://www.google.com/maps/place/?q=place_id:ChIJay1F8KkxBDsRZ8lQgE3JzBM,30,30,0,0,VIOLATION
Tasmac,"X6HX+G7H, SH 39, Shenkottai",8.9788128,77.2482225,https://www.google.com/maps/place/?q=place_id:ChIJ78qcQ5qBBjsRENvfxH58ntw,71,68,3,0,VIOLATION
Beverages Corporation,"X38F+V67, SH 39, Thenmala",8.967181199999999,77.0730547,https://www.google.com/maps/place/?q=place_id:ChIJMWd639Z5BjsRyR7fHmvkyzI,60,60,0,0,VIOLATION
TASMAC,"VJ6Q+7C2, Manur",8.860641,77.638503,https://www.google.com/maps/place/?q=place_id:ChIJT5C_s5oZBDsR70i5Y0xt81Y,3,3,0,0,VIOLATION
Tasmac,"WGM8+5W8, Tirunelveli",8.932936699999999,77.5173159,https://www.google.com/maps/place/?q=place_id:ChIJY6bXtKohBDsR_1zqSBLkIqw,4,4,0,0,VIOLATION
Tasmac Bar,"QPMG+Q4F, Rajavalipuram Rd, Thalaiyuthu",8.784470299999999,77.7252999,https://www.google.com/maps/place/?q=place_id:ChIJn48oUB0RBDsR0oX4aaxbrzs,83,74,6,3,VIOLATION
TASMAC BAR,"QPH9+FMG, Tirunelveli",8.7786785,77.7192109,https://www.google.com/maps/place/?q=place_id:ChIJLYfoRrsRBDsRFX7kIIwH3QE,60,60,0,0,VIOLATION
Tasmac,"XJVM+F5, Vanniconendal",8.993645899999999,77.6329045,https://www.google.com/maps/place/?q=place_id:ChIJp7LZuFmhBjsRslwiV2lQ2bQ,2,2,0,0,VIOLATION
TASMAC Shop,"VR23+X35, Anaithalaiyur, Gangaikondan",8.8523862,77.8027278,https://www.google.com/maps/place/?q=place_id:ChIJ2_vwmp4FBDsRkCnlZE6Fpj0,3,3,0,0,VIOLATION
TASMAC மதுபானக்கடை,"WJ7R+497, Alagiapandiapuram",8.912771,77.64090809999999,https://www.google.com/maps/place/?q=place_id:ChIJPWEpgsEfBDsRIFNU_6_QWtw,14,14,0,0,VIOLATION
Bar Government Wineshop,nadukallur 627010,8.7458187,77.59166619999999,https://www.google.com/maps/place/?q=place_id:ChIJUXiZwmkXBDsR3iGSbQzhaOs,2,2,0,0,VIOLATION
Wine Shop,"PPQ4+M9G, Sivasakthi Rd, Thattarmadam, Tirunelveli",8.7391908,77.70593970000002,https://www.google.com/maps/place/?q=place_id:ChIJWXm-4psRBDsRHKfJ7NHJ98M,61,60,0,1,VIOLATION
TASMAC SHOP,"PJJJ+2FX, Thiruppani Karisal Kulam",8.730112,77.6312454,https://www.google.com/maps/place/?q=place_id:ChIJ4YWGoqIWBDsRDi_5hHAxXMg,30,30,0,0,VIOLATION
TASMAC Wine Shop,"MHF9+8WJ, Tirunelveli - Shencottai Rd, Cheranmahadevi",8.6733716,77.5697778,https://www.google.com/maps/place/?q=place_id:ChIJ8f5j5XgVBDsRVPJvM0L9ezw,64,63,0,1,VIOLATION
Tasmac,"MHF8+V8W, Cheranmahadevi",8.674728499999999,77.56583810000001,https://www.google.com/maps/place/?q=place_id:ChIJdSSIEyQVBDsRH3voxlgI9gc,74,70,4,0,VIOLATION
Tasmac Bar,"PC28+CQ7, Unnamed Road, Sivanthipuram",8.7010425,77.41696499999999,https://www.google.com/maps/place/?q=place_id:ChIJmeqCFJs5BDsRrTcfCmhuLiM,22,22,0,0,VIOLATION
Tasmac - Thuppakudi,"QC8V+7F, Anaindaperumalnadanur",8.7657318,77.44374839999999,https://www.google.com/maps/place/?q=place_id:ChIJV2evcGQ7BDsRwCAqYJf366M,7,7,0,0,VIOLATION
"Wine Shop, Paapakudi","QG65+X6F, keezha paapakudi, Kasidharmam",8.7624443,77.5080487,https://www.google.com/maps/place/?q=place_id:ChIJgweFAvk8BDsROYw1JU1rqTE,11,11,0,0,VIOLATION
Wine shop,"RC3X+6RQ, Theertharappapuram Road, Anjankattalai, Madathoor",8.8030954,77.4496254,https://www.google.com/maps/place/?q=place_id:ChIJJ8Rqy1UlBDsRjCnbTvApHH4,1,1,0,0,VIOLATION
TASMAC,"RR9Q+7V5, Savalaperi, Alanda",8.8180873,77.8397425,https://www.google.com/maps/place/?q=place_id:ChIJGdxzdU0HBDsR7ft8P52JViI,5,5,0,0,VIOLATION
wine shop,"V2JG+FF4, Thoothukudi",8.881133600000002,78.02619,https://www.google.com/maps/place/?q=place_id:ChIJsQIVG8P7AzsRgz4IWRO4LQ8,27,27,0,0,VIOLATION
Tasmac Bar,"W9C6+9PC, Kulasekarapatti",8.9209356,77.3617634,https://www.google.com/maps/place/?q=place_id:ChIJe8WWoo4oBDsRV9NivkQPPYo,46,46,0,0,VIOLATION
Wine shop { bar },"24/F Santhani, Thoppu West Street, 6 Ward, Keezhapavur",8.911897399999999,77.40223019999999,https://www.google.com/maps/place/?q=place_id:ChIJHcEG1AYnBDsRy8mjz4Oa4rQ,9,9,0,0,VIOLATION
KANDAMANGALAM WINE SHOP BAR,"No 1, WINE SHOP, Courtalam Road, Kandamangalam, Kallurani",8.9083047,77.3645639,https://www.google.com/maps/place/?q=place_id:ChIJA1dV3BspBDsRX-s3V6_s_xY,39,39,0,0,VIOLATION
VENGADAMPATTI WINE SHOP BAR,"Wine Shop Bar, No 1, Vengadampatti",8.8558285,77.41048769999999,https://www.google.com/maps/place/?q=place_id:ChIJEzCeX1UlBDsRYhAh-FhtM6o,24,24,0,0,VIOLATION
TASMAC,"3P3V+2CW, Chettikurichi",9.052603699999999,77.7435651,https://www.google.com/maps/place/?q=place_id:ChIJVX_bRh6mBjsRwHRUfErhZ6k,15,15,0,0,VIOLATION
TASMAC SHOP,"4JC3+747, Unnamed Road, Ilandaikulam",9.1206613,77.60280809999999,https://www.google.com/maps/place/?q=place_id:ChIJXYHa8-KjBjsRk2aTeCVRuTQ,2,2,0,0,VIOLATION
TASMAC SHOP,"3P6W+GJJ, Chettikurichi",9.0613408,77.7465503,https://www.google.com/maps/place/?q=place_id:ChIJlas0EmupBjsRivSkJDfr288,47,47,0,0,VIOLATION
Wine shop,"XC7X+93G, Tirunelveli",8.9635337,77.4477059,https://www.google.com/maps/place/?q=place_id:ChIJufPCNXYnBDsROQZ3sJ9vqx8,16,16,0,0,VIOLATION
TASMAC,"87G5+9HW, Athur",8.326025099999999,77.2589435,https://www.google.com/maps/place/?q=place_id:ChIJGeJb5ktUBDsRYp58gs1HEsg,77,70,7,0,VIOLATION
Tasmac Bar (wineshop),57M2+845,8.1837176,77.2501135,https://www.google.com/maps/place/?q=place_id:ChIJteG5vr79BDsRTP35N8GAG2s,67,67,0,0,VIOLATION
TASMAC BAR,"76X3+536, Kappukadu",8.297934099999999,77.2026027,https://www.google.com/maps/place/?q=place_id:ChIJiXf5DPhVBDsRgPpQ2jsC7Pw,69,67,2,0,VIOLATION
"Wine Shop, Rajakkamangalam","49J8+X5H, SH 46, Rajakkamangalam, Ganapathipuram",8.132485299999999,77.3654486,https://www.google.com/maps/place/?q=place_id:ChIJBccxVwX7BDsRJWK5sVTONXk,67,67,0,0,VIOLATION
Tasmac bar,"5V4P+H2H, pasuvanthanai road, Pandavarmangalam",9.1564366,77.8850952,https://www.google.com/maps/place/?q=place_id:ChIJEaWC1nitBjsR6wzSQ76aXC4,38,38,0,0,VIOLATION
Tasmac manthithoppu ( KOVILPATTI BAR ),"30D/6 Uthupatti kovilpatti road kovilpatti _, Kovilpatti",9.146369499999999,77.8593963,https://www.google.com/maps/place/?q=place_id:ChIJr6Xi4kqtBjsRy3Waoa2yElk,33,33,0,0,VIOLATION
Tasmac Kulathur,"2633+XVF, Thoothukudi, Kulathur East",9.004940699999999,78.2046806,https://www.google.com/maps/place/?q=place_id:ChIJD1CD4eVfATsRntlp6F74PMU,10,10,0,0,VIOLATION
Elite Tasmac,"108, Trivandrum Rd, Palayamkottai, Tirunelveli",8.7226523,77.7316445,https://www.google.com/maps/place/?q=place_id:ChIJ7RMLa6QTBDsROLF1SpMQY9I,114,98,16,0,VIOLATION
Tasmac,"5, South Bypass Road, Behind Nissan Datsun Car Showroom, Melapalayam, Kokkirakulam, Tirunelveli",8.715356,77.7193659,https://www.google.com/maps/place/?q=place_id:ChIJd6oSACMSBDsRzD1FYhXs39A,57,57,0,0,VIOLATION
Tasmac with bar,"12, Sivalaperi Rd, Shakthi Nagar, Palayamkottai, Tirunelveli",8.7272464,77.73902029999999,https://www.google.com/maps/place/?q=place_id:ChIJ_ZGapscRBDsRz5ScWoyYcX0,146,128,17,1,VIOLATION
TASMAC WINES,"PPH5+F63, Perumal Kovil West Car St, Meenakshipuram, Tirunelveli",8.7286351,77.7080431,https://www.google.com/maps/place/?q=place_id:ChIJD04z1YURBDsRcDId0Hf1SlI,103,92,9,2,VIOLATION
TASMAC government,"PPGQ+G6X, Manakaavalam Pillai Hospital Rd, Palayamkottai, Tirunelveli",8.7264275,77.7381015,https://www.google.com/maps/place/?q=place_id:ChIJT7rqPgARBDsRPzB-idXVxiQ,151,127,23,1,VIOLATION
TASMAC Wineshop,"62RQ+CRH, Keelnattukurichi",9.2410608,78.0396131,https://www.google.com/maps/place/?q=place_id:ChIJYf_vOb5OATsRnl4HPLElOxU,8,8,0,0,VIOLATION
Tasmac,"5HWR+WRM, Melakidaram",9.197332,78.5920369,https://www.google.com/maps/place/?q=place_id:ChIJ8cy2jmh3ATsRc6YEX76W_N4,16,16,0,0,VIOLATION
tasmac,"5C7R+MMP, Sayalgudi",9.1642054,78.4417483,https://www.google.com/maps/place/?q=place_id:ChIJg2fPA3JlATsRy4wdMWftKwM,74,69,5,0,VIOLATION
TASMAC WINESHOP,"5FFR+633, Thanjavur - Kalayarkoil - Sayalkudi Rd, Kadaladi Vilakku, Kadugusandai",9.1729919,78.4901618,https://www.google.com/maps/place/?q=place_id:ChIJyV12rTB7ATsRHj0bYz6sQ9k,28,28,0,0,VIOLATION
TASMAC (டாஸ்மாக்),"6P46+CC9, Mayakulam",9.206199699999999,78.7110627,https://www.google.com/maps/place/?q=place_id:ChIJXy7lbQCdATsRypwrEizmsnQ,71,71,0,0,VIOLATION
TASMAC - WINE SHOP,"7VFJ+83V, Vannangundu",9.2733571,78.88017529999999,https://www.google.com/maps/place/?q=place_id:ChIJL0mnA9eQATsRx9thEURCqSM,6,6,0,0,VIOLATION
TASMAC Wineshop,"7VF4+G7Q, Tinnakulam",9.273815899999999,78.8557311,https://www.google.com/maps/place/?q=place_id:ChIJ5442ybaQATsRoxT86ZTASek,44,44,0,0,VIOLATION
Tasmac,"W8JQ+MV, Gunaramanallur",8.9316525,77.3397478,https://www.google.com/maps/place/?q=place_id:ChIJNfkWMlApBDsR4uyrEo8KGC8,43,43,0,0,VIOLATION
Tasmac,"W7PG+FH9, Courtallam",8.9361678,77.276484,https://www.google.com/maps/place/?q=place_id:ChIJd8RWUWIrBDsRQnPNBux9BJE,72,71,1,0,VIOLATION
Tasmac,"28J3+VM, Neduvayal",9.0322085,77.3041503,https://www.google.com/maps/place/?q=place_id:ChIJV-YLcQCDBjsR7Kr2WLtx0f0,6,6,0,0,VIOLATION
"Tasmac, Idaikal","28HX+M48, Tirunelveli",9.0291531,77.34782530000001,https://www.google.com/maps/place/?q=place_id:ChIJcTYlbxGDBjsRd-zYALyX0Yk,9,9,0,0,VIOLATION
Tasmac,"49HG+RG4, Madurai - Tenkasi Main Rd, Singilipatti",9.1295085,77.3763444,https://www.google.com/maps/place/?q=place_id:ChIJCZfS2UiFBjsRtWQCElW9f28,6,6,0,0,VIOLATION
TASMAC wine shop,"598R+5QJ, Puliyangudi",9.1655043,77.39187679999999,https://www.google.com/maps/place/?q=place_id:ChIJ23tqjKORBjsRAWHVEadVOwM,61,61,0,0,VIOLATION
TASMAC,"6C54+M6H, Unnamed Road, Puliyangudi",9.2091855,77.4055951,https://www.google.com/maps/place/?q=place_id:ChIJfTOe5EWRBjsRXD0B8ETxvjA,3,3,0,0,VIOLATION
மதுபானக் கடை - Liquor shop,"4945+58C, Sundaresapuram road, kumanthapuram, Kadayanallur",9.10544,77.3582574,https://www.google.com/maps/place/?q=place_id:ChIJXQggrQKFBjsR9fODwegkllw,24,24,0,0,VIOLATION
TASMAC,"6CP8+37G, Unnamed Road, Naranapuram",9.2352062,77.4157503,https://www.google.com/maps/place/?q=place_id:ChIJv3qObpaTBjsRbqbL0MvBakk,31,31,0,0,VIOLATION
TASMAC,"5GGH+RJ6, Railway Feeder Rd, Sankarankoil",9.1770447,77.5290119,https://www.google.com/maps/place/?q=place_id:ChIJFy0dsvOXBjsRPFpTeAcWRSc,74,69,5,0,VIOLATION
Wine Shop,"7M8G+6XG, Appayanaickenpatti-Thiruvengadam Rd, Thiruvengadam",9.265585999999999,77.67744909999999,https://www.google.com/maps/place/?q=place_id:ChIJpzbXt_y5BjsRr9s--ptTKiY,21,21,0,0,VIOLATION
Government Wineshop & Bar,"2CXC+M4X, Kallampuli Rd",9.049171,77.420385,https://www.google.com/maps/place/?q=place_id:ChIJrxzewhedBjsRtYjgVUYOiZ0,8,8,0,0,VIOLATION
Wine shop Athipatti,"5M7R+HJ9, Athipatti",9.1639812,77.6916066,https://www.google.com/maps/place/?q=place_id:ChIJpbB_Ut67BjsRtBUasSgmenk,3,3,0,0,VIOLATION
Tasmac Karungulam,"9CJG+5W5, Anaiyur",9.3803944,78.4273489,https://www.google.com/maps/place/?q=place_id:ChIJhUD2XR4TATsRyHcqSV4VQ48,5,5,0,0,VIOLATION
Tasmac wine shop,9G5C+PG7,9.359270000000002,78.5212724,https://www.google.com/maps/place/?q=place_id:ChIJR4k4fiQNATsRJSKCxARoa0w,59,59,0,0,VIOLATION
Tasmac Government Wine Shop,MDR637,9.3385105,78.5724857,https://www.google.com/maps/place/?q=place_id:ChIJQev0iTt1ATsRF3S083nEeRQ,9,9,0,0,VIOLATION
TASMAC WINE SHOP,"8FXM+4V, Melamudukulathur",9.3478265,78.4846803,https://www.google.com/maps/place/?q=place_id:ChIJKeWGB0FzATsRaqWHF9EPAAE,2,2,0,0,VIOLATION
TASMAC,"9F42+CPF, Mudukulathur - Kamuthi Rd, Periyur",9.356075500000001,78.4517862,https://www.google.com/maps/place/?q=place_id:ChIJ_ctFpcoSATsRhT5GzmLNSD0,64,63,1,0,VIOLATION
TASMAC,"139, Master Plan Complex Madurai Rameswaram Road Sakkarakottai Village, Ramanathapuram, Coimbatore",9.3650975,78.8353089,https://www.google.com/maps/place/?q=place_id:ChIJQ70APTiWATsRBHUYp-OT7i4,118,100,15,3,VIOLATION
TASMAC,"8RXV+WJ5, Sakkarakottai",9.3497527,78.8440942,https://www.google.com/maps/place/?q=place_id:ChIJr66nifOXATsRifE0t-C8WIA,28,28,0,0,VIOLATION
TASMAC Wine Shop - டாஸ்மாக்,"9R8P+C6J, Durairaj Chatthira Street, Rose Nagar, Velipattinam, Ramanathapuram",9.3660819,78.8355163,https://www.google.com/maps/place/?q=place_id:ChIJsyj3sSiZATsRL-z7oEzPV-E,125,102,20,3,VIOLATION
TASMAC Thiruppullani அரசு மது பான கடை,"7RQF+CXH, MDR717, Tiruppullani",9.288565400000001,78.8249708,https://www.google.com/maps/place/?q=place_id:ChIJJXpI5x6ZATsRPzH2tSyMWqs,28,28,0,0,VIOLATION
TASMAC,"7W98+Q6F, Peddureddipatti",9.2694786,77.91555389999999,https://www.google.com/maps/place/?q=place_id:ChIJLUSNNLi0BjsRwCcxWpjIxM8,6,6,0,0,VIOLATION
Tasmac bar,"5VGP+638, SH 44, Thittankulam, Kovilpatti",9.175492199999999,77.8851856,https://www.google.com/maps/place/?q=place_id:ChIJO2WmJcGzBjsR-_4u55AADB4,61,59,2,0,VIOLATION
TASMAC,"Puthukiramam, Kovilpatti",9.183706899999999,77.8848683,https://www.google.com/maps/place/?q=place_id:ChIJn82104qyBjsRkjlXOLYPizc,76,72,4,0,VIOLATION
Supramani Tasmac House,"6RCW+RMQ, Chithirampatti",9.222099799999999,77.8467335,https://www.google.com/maps/place/?q=place_id:ChIJvy5QaACzBjsRgxoGGJPq_ME,7,7,0,0,VIOLATION
Tasmac,"8234+HWX, Unnamed Road, Uchipuli",9.3039851,79.007368,https://www.google.com/maps/place/?q=place_id:ChIJdzr-hEOVATsR8SX_XZAP294,11,11,0,0,VIOLATION
TASMAC mandapam,"74JH+G82, AH43, Mandapam",9.2812579,79.12826489999999,https://www.google.com/maps/place/?q=place_id:ChIJy39XMF7vATsRLx_q9Qt4HQ8,21,21,0,0,VIOLATION
அரசு மதுபானக்கடை (TASMAC),"7XW5+JHR, irutoorani",9.2966079,78.9588881,https://www.google.com/maps/place/?q=place_id:ChIJL7RRrLCVATsRlUwyYDS0PIE,36,36,0,0,VIOLATION
Wine Shop,74GW+Q3G,9.27695,79.1451963,https://www.google.com/maps/place/?q=place_id:ChIJf90aHvPvATsR2Hb8MwQ0org,31,31,0,0,VIOLATION
TASMAC,"FG6M+X57, Vadakku Venganallur",9.4624024,77.5329325,https://www.google.com/maps/place/?q=place_id:ChIJawwxvjbpBjsRAzV23Ls5HZY,55,55,0,0,VIOLATION
Tasmac,"FG7P+W56, Ayyanar Kovil Rd, Thiruvalluvar Nagar, Rajapalayam",9.464747,77.53535579999999,https://www.google.com/maps/place/?q=place_id:ChIJJWb9PAzpBjsRwwy94zFWXuw,65,64,1,0,VIOLATION
Tasmac,"G423+MQW, Vellai Kottai, Aruppukkottai",9.5016875,78.10442859999999,https://www.google.com/maps/place/?q=place_id:ChIJbyX232AxATsReRB7t5-pO9Y,65,63,2,0,VIOLATION
Tasmac,"G469+C93, Aruppukkottai",9.5110757,78.11843150000001,https://www.google.com/maps/place/?q=place_id:ChIJpdIeuR07ATsRfD2OneXH9dg,10,10,0,0,VIOLATION
Tasmac,"C72J+F68, Melaramanadhi",9.401152,78.2805812,https://www.google.com/maps/place/?q=place_id:ChIJAZQbX6Q_ATsRWnVdxUjbPaw,2,2,0,0,VIOLATION
Tasmac,"G563+955, Aruppukkottai",9.5108897,78.1529777,https://www.google.com/maps/place/?q=place_id:ChIJN2YKU5c7ATsRgYV1STeURdo,4,4,0,0,VIOLATION
Tasmac,"F5G3+HR, Kullampatti",9.476536399999999,78.15459369999999,https://www.google.com/maps/place/?q=place_id:ChIJp6P1nBY7ATsRiS-5piiUGNg,6,6,0,0,VIOLATION
Tasmac wine shop,"C9CF+46F, SH 47, Kamudi, Kumudi",9.420324700000002,78.3730241,https://www.google.com/maps/place/?q=place_id:ChIJk_gKQTYVATsRF_TZc5RG1Pg,27,27,0,0,VIOLATION
TASMAC,"8WRC+4WJ, Chatrapatti",9.3403561,77.9222666,https://www.google.com/maps/place/?q=place_id:ChIJc6g2zGfLBjsRaK_GT4t12uY,46,46,0,0,VIOLATION
Tasmac bar,"SSS AUTO STORE, 1/960-6, Kanniseri - Mathyasenai Rd, opposite Power plant, Ramaswamy Raja Nagar, Thammanayakkanpatti",9.463372099999999,77.9272716,https://www.google.com/maps/place/?q=place_id:ChIJg3ZKOxbNBjsRfyi-EY_j1GM,20,20,0,0,VIOLATION
TASMAC,Tulukkapatti,9.4459124,77.93542339999999,https://www.google.com/maps/place/?q=place_id:ChIJG9eVwUkzATsRJMhoCjdnWCs,3,3,0,0,VIOLATION
Tasmac 6908,"8P5H+9GJ, Sevalpatti",9.308450299999999,77.7287551,https://www.google.com/maps/place/?q=place_id:ChIJ9eDYP-m5BjsRYtOH4x682RY,68,66,2,0,VIOLATION
Govd .wine Shop,"8P7C+6CP, Kilanmarinadu",9.3130822,77.721076,https://www.google.com/maps/place/?q=place_id:ChIJ85BRZmy4BjsRdpUnoaiDCaI,2,2,0,0,VIOLATION
TASMAC,"CJG9+25X, Tiruvarangam",9.425118699999999,78.61798329999999,https://www.google.com/maps/place/?q=place_id:ChIJN00PkUkKATsRO3-kqmdHtHk,55,55,0,0,VIOLATION
Tasmac(wineshop),"FHJ5+FP, Kavanur",9.481254,78.5592922,https://www.google.com/maps/place/?q=place_id:ChIJ044J-EkPATsRwXamzElToKc,5,5,0,0,VIOLATION
TASMAC,"FPW9+WRJ, Akkiramesi",9.4973429,78.71952879999999,https://www.google.com/maps/place/?q=place_id:ChIJa3fop3SnATsRkqrLyR7e860,3,3,0,0,VIOLATION
TASMAC,"9RG2+GW7, MDR683",9.376329300000002,77.8023125,https://www.google.com/maps/place/?q=place_id:ChIJg0NkCKjJBjsRrluVovZ9BCg,69,69,0,0,VIOLATION
TASMAC Wine Shop,"8QRC+85, Selliyapuram",9.340779699999999,77.7704878,https://www.google.com/maps/place/?q=place_id:ChIJLcYx-knJBjsRIX1lnzXrS-w,28,28,0,0,VIOLATION
Wine Shop Vembakottai,"8QMF+Q3X, Vembakottai",9.334477999999999,77.7727482,https://www.google.com/maps/place/?q=place_id:ChIJwW022yDIBjsRrUwFKI4B_3A,65,64,1,0,VIOLATION
TASMAC,"1/230, Othaiyal Mettupatti",9.327817399999999,77.9022529,https://www.google.com/maps/place/?q=place_id:ChIJX8CCYoa1BjsRLunZ1U_lHB0,22,22,0,0,VIOLATION
TASMAC,"FV3V+89C, Devipattinam-Chittarkottai Rd, Devipattinam, Ilanthaikuttam",9.4533016,78.8933838,https://www.google.com/maps/place/?q=place_id:ChIJOR9b5c29ATsRvWmW9ZEqG_c,5,5,0,0,VIOLATION
TASMAC,"8W43+67V, Vannangundu",9.3056244,78.9031565,https://www.google.com/maps/place/?q=place_id:ChIJ_3Bbtb6XATsRNTs23A0-4J0,5,5,0,0,VIOLATION
TASMAC Regunathapuram,"7WVF+63R, MDR717, Raghunathapuram",9.2931176,78.92265309999999,https://www.google.com/maps/place/?q=place_id:ChIJz8S9ARiXATsRATNg3c0Jg_U,61,60,1,0,VIOLATION
Tasmac,"GV2W+5P, Pathanendal",9.5004367,78.8966768,https://www.google.com/maps/place/?q=place_id:ChIJJWqNTwC7ATsRz4HoBWa5-No,3,3,0,0,VIOLATION
TASMAC A1Bar,"9VH5+7R3, Ramanathapuram",9.378052499999999,78.8595474,https://www.google.com/maps/place/?q=place_id:ChIJN7FvQF29ATsRtRXUeBL546w,59,59,0,0,VIOLATION
TASMAC BAR Wine shop,"8VV7+RM7, Ramanathapuram",9.3445355,78.86417329999999,https://www.google.com/maps/place/?q=place_id:ChIJfyzLBb-XATsR4jItS-keZ_0,9,9,0,0,VIOLATION
tasmac whine shop,"9VH4+768, Ramanathapuram",9.3781594,78.85558999999999,https://www.google.com/maps/place/?q=place_id:ChIJv4JRoVy9ATsRzz_5XFwnL1o,54,54,0,0,VIOLATION
Tasmac,"9VV2+PX3, Palangulam",9.393172,78.8521368,https://www.google.com/maps/place/?q=place_id:ChIJDc34TdK9ATsRGLSFRLRXnvE,59,59,0,0,VIOLATION
TASMAC கிக் பார் GOVERNMENT,"8VV8+XR, Ramanathapuram",9.3449113,78.8670284,https://www.google.com/maps/place/?q=place_id:ChIJT7AagBGXATsRo1ZlJOJ4PRw,17,17,0,0,VIOLATION
Ramnad tasmac godown,"9V53+R65, Nehru Nagar, Ramanathapuram",9.359598499999999,78.85313339999999,https://www.google.com/maps/place/?q=place_id:ChIJvX9O1JKXATsRdjFvry7eA00,73,68,5,0,VIOLATION
TASMAC,"FH34+WF5, RJPM Bus Station to Bypass Rd, Rajapalayam",9.454788899999999,77.556241,https://www.google.com/maps/place/?q=place_id:ChIJER9li-bpBjsR14pNmAlTPfU,125,109,14,2,VIOLATION
TASMAC,"CHP4+C6M, PSK Nagar, Indra Nagar, Rajapalayam",9.4361476,77.5555378,https://www.google.com/maps/place/?q=place_id:ChIJ9figxynpBjsR4ncyhXeqyV0,64,62,2,0,VIOLATION
TASMAC,"FH25+RXP, T.P. Mills Rd, Rajapalayam",9.4520833,77.5599525,https://www.google.com/maps/place/?q=place_id:ChIJLyOGSc7pBjsRXGI384YshkI,81,72,7,2,VIOLATION
Tasmac liquor shops and bar,"FMG2+P2V, Deyvendri",9.4768682,77.650061,https://www.google.com/maps/place/?q=place_id:ChIJCQ78DWHDBjsRWsGuoFQIrLc,8,8,0,0,VIOLATION
Tasmac,"142, S Car St, Mangapuram, Srivilliputhur",9.5075003,77.63317409999999,https://www.google.com/maps/place/?q=place_id:ChIJt0U3IBjdBjsRLI4cu3jfBic,104,95,8,1,VIOLATION
Tasmac,"FJP7+WC2, Srivilliputhur - Thulukankulam Rd, Lakshmiyapuram Puthur, Padikkasu Vaithanpatti",9.487254,77.6135257,https://www.google.com/maps/place/?q=place_id:ChIJrXx2KiTDBjsRSiPIvTrTAnE,64,63,1,0,VIOLATION
Tasmac -டாஸ்மாக்,"CJ72+MM8, Chatrapatti, Melarajakularaman",9.4137498,77.6015403,https://www.google.com/maps/place/?q=place_id:ChIJpxUhkvrDBjsRk1yohSs7zIc,75,75,0,0,VIOLATION
Wine shop samsikapuram,"CH7Q+W43, Velayuthapuram, Rajapalayam",9.4147591,77.5878049,https://www.google.com/maps/place/?q=place_id:ChIJ1TEs-57DBjsRkwaIB2VWGoc,59,59,0,0,VIOLATION
TASMAC,"CHX6+H32, near meenakshi cinema theatre, Pudupalaiyam, Rajapalayam",9.4488773,77.560141,https://www.google.com/maps/place/?q=place_id:ChIJW3l2I0LpBjsRoofAEEklLRA,77,71,3,3,VIOLATION
Tasmac,"G6M6+49X, Tiruchuli",9.5328539,78.2109873,https://www.google.com/maps/place/?q=place_id:ChIJm9EVUNojATsRTQVSnAlllDc,12,12,0,0,VIOLATION
Tasmac Narikudi,"H8V2+3Q5, Kandukondanmanickam",9.5926613,78.3019753,https://www.google.com/maps/place/?q=place_id:ChIJ5ei7jFoZATsR_4KMtkDWwK4,7,7,0,0,VIOLATION
Tasmac MR Wines,"HH42+GV3, Poduvakudi",9.556254400000002,78.5521792,https://www.google.com/maps/place/?q=place_id:ChIJazq6S4EFATsR6j71mECY9rc,10,10,0,0,VIOLATION
TASMAC BAR அரசு மதுபானக்கடை நவீன பார்,"HGCH+592, Kamutnakudi",9.571020599999999,78.52854669999999,https://www.google.com/maps/place/?q=place_id:ChIJj7sgRAAFATsRaFENSi2Tmyw,17,17,0,0,VIOLATION
Beverages Corporation Liquor Shop,"7QFV+XV2, Thazhevettipram, Pathanamthitta",9.2748917,76.79462579999999,https://www.google.com/maps/place/?q=place_id:ChIJ3cJrqeUVBjsRp3uoDk7wWyY,59,59,0,0,VIOLATION
Tasmac,"12-C/6, Gandhi Rd, Parapatti, Sivakasi",9.44741,77.80156989999999,https://www.google.com/maps/place/?q=place_id:ChIJiX9wJObOBjsRN78Su6hbH8Q,93,80,11,2,VIOLATION
TASMAC with New Hi-tech bar,"62, Alamarathupatti Road, near periyar colony, Thiruthangal, Sivakasi",9.480682,77.82510660000001,https://www.google.com/maps/place/?q=place_id:ChIJo7QnKRXPBjsRabE5fYNF9W8,10,10,0,0,VIOLATION
Tasmac,"86, Srivilliputhur - Sivakasi - Virudhunagar - Aruppukottai - Tiruchuli - Narikudi - Parthibanoor Rd, National Colony, Kamarajapuram Colony, Sivakasi",9.461397999999999,77.8062255,https://www.google.com/maps/place/?q=place_id:ChIJ7YAnPXTPBjsRpWzzY9DEIVM,75,69,6,0,VIOLATION
Tasmac - Tamil Nadu Government,"FHWQ+2CC, Mamsapuram",9.4950642,77.5884976,https://www.google.com/maps/place/?q=place_id:ChIJ4Sfu2cvCBjsRDT8LNdq8rOE,72,71,1,0,VIOLATION
Tasmac,"M6JW+JJ2, Gudalur",9.681508,77.2465139,https://www.google.com/maps/place/?q=place_id:ChIJ184TgckBBzsRVImi1AdbuWE,110,101,9,0,VIOLATION
Tasmac Wine Shop,"P852+FRJ, Surulipatti",9.7087056,77.3020081,https://www.google.com/maps/place/?q=place_id:ChIJKVPGJiIDBzsRsIIw86C6OBE,63,63,0,0,VIOLATION
Tasmac wineshop,"M7GH+Q5V, Theni",9.6769866,77.2779448,https://www.google.com/maps/place/?q=place_id:ChIJYRm_Vt8BBzsRymuPQrfGh3s,1,1,0,0,VIOLATION
Tasmac,"HH8M+47J, Katchathanallur",9.5652884,78.58313249999999,https://www.google.com/maps/place/?q=place_id:ChIJHe3Q0CsHATsRKT1bjHF9auk,6,6,0,0,VIOLATION
Tasmac Shop 6933,"GHRV+445, Chinnakadai, Melachathiram, Paramakudi",9.540239099999999,78.5929118,https://www.google.com/maps/place/?q=place_id:ChIJdYflqvcHATsRSHSU8SX075Q,94,81,11,2,VIOLATION
Wine shop,"GMRX+H5, Vaniyavallam",9.541413499999999,78.6979719,https://www.google.com/maps/place/?q=place_id:ChIJCRZJOxypATsRS49f0jFAGOk,13,13,0,0,VIOLATION
Wine shop,"G2V3+FJ2, Irukkankudi Rd",9.5436374,78.00400979999999,https://www.google.com/maps/place/?q=place_id:ChIJ336U7d4tATsR9cuF2E9gIXw,7,7,0,0,VIOLATION
TASMAC,"MFX3+83C, Manamadurai",9.698315200000001,78.4526514,https://www.google.com/maps/place/?q=place_id:ChIJq0V1124dATsRIehVM_J4p5M,74,71,2,1,VIOLATION
TASMAC,"P9VQ+4Q3, Vagudi",9.7427645,78.38942639999999,https://www.google.com/maps/place/?q=place_id:ChIJBdaq91_jADsRD8JS-tVRvYw,17,17,0,0,VIOLATION
TASMAC WINE SHOP,"7RMG+FH6, Tiruppullani",9.2836395,78.8262757,https://www.google.com/maps/place/?q=place_id:ChIJAfABZfeZATsR_8j7RCQbVfk,73,72,1,0,VIOLATION
TASMAC WINESHOP -REGUNATHAPURAM,"7WXC+GV5, Raghunathapuram",9.298778600000002,78.9222187,https://www.google.com/maps/place/?q=place_id:ChIJJT7FEaSWATsR7-6gVQ8pt2U,75,72,3,0,VIOLATION
"Tasmac,Manakudi","GQCX+M7, P.Kodikulam",9.5216321,78.7980643,https://www.google.com/maps/place/?q=place_id:ChIJKQsH1zqlATsRfyr77ylBpN0,1,1,0,0,VIOLATION
TASMAC,SH 34A,9.622059799999999,78.83505389999999,https://www.google.com/maps/place/?q=place_id:ChIJI9cUtuevATsRAQ-E7_CWGP0,4,4,0,0,VIOLATION
Wine shop,"GMWX+X5M, Nainarkovil",9.547466799999999,78.6979075,https://www.google.com/maps/place/?q=place_id:ChIJxRdpAwCpATsRevQAzhfCSqI,59,59,0,0,VIOLATION
Wine shop,"HP3J+V2, A. Katchan",9.5546715,78.7300001,https://www.google.com/maps/place/?q=place_id:ChIJTYuQCQCpATsRqfjnSAXMkx8,6,6,0,0,VIOLATION
tasmac,"JJM5+PMX, Melayur",9.634358899999999,78.6092218,https://www.google.com/maps/place/?q=place_id:ChIJbUOL80sBATsRcOgZ66Cue9g,20,20,0,0,VIOLATION
Tasmac,"MPWC+4F4, Suranam",9.6952711,78.7211978,https://www.google.com/maps/place/?q=place_id:ChIJDY2IXD6rATsRptCO8S6etTw,44,44,0,0,VIOLATION
TASMAC,NH536,9.6256582,78.8642842,https://www.google.com/maps/place/?q=place_id:ChIJCzFF_G6xATsRDOw0aCAXbpc,2,2,0,0,VIOLATION
TASMAC,"JRP5+2JF, Sengudi, Varavani",9.6350687,78.8090388,https://www.google.com/maps/place/?q=place_id:ChIJ8UGPd7qtATsRKwBWExTDhx8,14,14,0,0,VIOLATION
Wine Shop,"HW58+W35, Thiruppalaikkudi",9.5597668,78.91523719999999,https://www.google.com/maps/place/?q=place_id:ChIJOfld2xmxATsRqVPxhqq70Y4,3,3,0,0,VIOLATION
TASMAC,"FQ6C+FW5, Gandhinagar, Sivakasi",9.4611514,77.7723456,https://www.google.com/maps/place/?q=place_id:ChIJsbChE0PPBjsRWDBjd98H1dY,60,58,2,0,VIOLATION
Wine shop,"CPMW+QJH, Maraneri",9.4349501,77.74646729999999,https://www.google.com/maps/place/?q=place_id:ChIJ0_q6jnXPBjsRUpVPOz-C1Xs,64,63,1,0,VIOLATION
Whine shop(மதுக்கடை),"PX8X+G4, Nambuthalai",9.7163975,78.99774,https://www.google.com/maps/place/?q=place_id:ChIJYcJ3RpO1ATsRvwFtU8416U0,8,8,0,0,VIOLATION
SAKTHIVEL WINE SHOP,"88, Sivakasi - Sattur Rd, Muneeswaran Colony, Vadapatti, Sivakasi",9.448784999999999,77.80970590000001,https://www.google.com/maps/place/?q=place_id:ChIJ-8DWm0TPBjsRvLGbbeMCdQk,69,68,1,0,VIOLATION
TASMAC 12028,"640, SREE LIN HOUSE, Madurai - Tenkasi Main Rd, SSP Nagar, Krishnan Kovil",9.566987,77.693007,https://www.google.com/maps/place/?q=place_id:ChIJiwkAcdDbBjsRux9-PNwyQEA,63,62,0,1,VIOLATION
TASMAC,"JP2W+3H8, Kalathur",9.600161,77.746468,https://www.google.com/maps/place/?q=place_id:ChIJ65iNqSvXBjsRmMmrmxeICm8,25,25,0,0,VIOLATION
Tasmac Wine Shop,"HMXF+2WQ, Virudhunagar",9.5975904,77.6748698,https://www.google.com/maps/place/?q=place_id:ChIJ6eb8vl3ZBjsRQVNIqwa13sk,61,61,0,0,VIOLATION
TASMAC Bar,"GMR3+969, Melathotiyapatti road, Pillaiyarnatham",9.5409126,77.65312639999999,https://www.google.com/maps/place/?q=place_id:ChIJZwYbswndBjsRuWyaFrxh9UE,14,14,0,0,VIOLATION
G tasmac,"MDR1031, Mangapuram, Srivilliputhur",9.5132441,77.6302463,https://www.google.com/maps/place/?q=place_id:ChIJWU_UwmHdBjsRm74oJH6Jq_E,144,126,16,2,VIOLATION
Government Wine Shop,"HPQ2+XFP, Kunnur",9.5899459,77.7012713,https://www.google.com/maps/place/?q=place_id:ChIJ88dw9AjbBjsRcct0KqWbuOo,55,55,0,0,VIOLATION
Wine Shop,"GJ7H+F97, Subam Rd, Mangapuram, Srivilliputhur",9.5136541,77.6284349,https://www.google.com/maps/place/?q=place_id:ChIJ94nryMfcBjsReWjuGBEVfuA,111,102,8,1,VIOLATION
Tasmac Wine Shop,"MM89+274, Virudhunagar",9.665000299999999,77.66822839999999,https://www.google.com/maps/place/?q=place_id:ChIJOebNcsfZBjsRD1TP7P2r7ag,33,33,0,0,VIOLATION
Tasmac,"JJRJ+V7X, Koomapati, Road, Watrap",9.6422382,77.6307226,https://www.google.com/maps/place/?q=place_id:ChIJ9yNi0tbfBjsRdqVfBIsMy0I,13,13,0,0,VIOLATION
Tasmac,"P7Q6+5PR, Puthukulam Rd, Kombai RF",9.738027899999999,77.2617691,https://www.google.com/maps/place/?q=place_id:ChIJb9cYEjgBBzsRsOdIqqB6wV4,9,9,0,0,VIOLATION
TASMAC,"RF2X+HVM, Kadamalaikundu",9.801465,77.49967199999999,https://www.google.com/maps/place/?q=place_id:ChIJa_xq7QkZBzsRbQM38Fgq-v4,16,16,0,0,VIOLATION
டாஸ்மா௧் Wine Shop,"Q9VV+8VG, Erasakkanayackanur",9.7933038,77.3947161,https://www.google.com/maps/place/?q=place_id:ChIJvRx4HSQbBzsRwsOn1UVyD0I,62,62,0,0,VIOLATION
TASMAC,"Tamil Nadu 625515, India",9.7820538,77.3641344,https://www.google.com/maps/place/?q=place_id:ChIJixwUzcUEBzsRh8biBjHwZ4Y,4,4,0,0,VIOLATION
அரசு மதுக்கடை,"MP43+HJ8, Ilandaikulam",9.6564185,77.70407910000002,https://www.google.com/maps/place/?q=place_id:ChIJ7boM1WLZBjsRfmO5uIHUCGc,8,8,0,0,VIOLATION
"Wine shop, Bar","RMGG+2F4, M.Kallupatti",9.8249784,77.6762018,https://www.google.com/maps/place/?q=place_id:ChIJVZ_nIlIlBzsR5iRiAK3w6o0,67,67,0,0,VIOLATION
Tasmac,"HXX3+P5W, Pullalakottai Road, GT Nagar, Sivagami Puram, Virudhunagar",9.5993593,77.9529598,https://www.google.com/maps/place/?q=place_id:ChIJa-3PDQctATsR78Kdoq6v0_M,70,66,2,2,VIOLATION
TASMAC BAR 11892,"Main Road, Sivagami Puram, Virudhunagar",9.590386299999999,77.9561792,https://www.google.com/maps/place/?q=place_id:ChIJj0bNwQAtATsRz60j_w0SsjE,114,102,11,1,VIOLATION
TASMAC Office In Virudhunagar Dist.,"GWVX+G84, Kooraikundu",9.5437517,77.9483422,https://www.google.com/maps/place/?q=place_id:ChIJJ-0gHT0tATsRdUi15uTQ1mw,58,58,0,0,VIOLATION
TASMAC,"R77F+4GP, Valaiyanendal",9.812827,78.2738399,https://www.google.com/maps/place/?q=place_id:ChIJWXEcMgndADsRXvQ7-DWpWIQ,12,12,0,0,VIOLATION
Government TASMAC Wine Shop,"R3FP+J33, Soorakkulam",9.824004799999999,78.0851686,https://www.google.com/maps/place/?q=place_id:ChIJncCeQE7RADsRXmnAc9fqIVA,20,20,0,0,VIOLATION
Tasmac - wineshop,"V26M+6G, Dharmathupatti",9.8604786,78.0338347,https://www.google.com/maps/place/?q=place_id:ChIJYy5e-7fRADsRAx1Z6_GI_kk,17,17,0,0,VIOLATION
Tasmac,"M4F3+Q5X, Kariapatti",9.674478299999999,78.1029709,https://www.google.com/maps/place/?q=place_id:ChIJkbLV1BEpATsR0agNXLF16No,82,79,3,0,VIOLATION
Tasmac wine shop,"R288+8V3, Vadagarai",9.816780099999999,78.0194963,https://www.google.com/maps/place/?q=place_id:ChIJ6yDOxfDTADsRZYJzy0vE-pg,10,10,0,0,VIOLATION
TASMAC,"R64F+RW4, Kaliyanur",9.8070003,78.2248291,https://www.google.com/maps/place/?q=place_id:ChIJz-C1X4XdADsRx_7JHY8c1QQ,9,9,0,0,VIOLATION
Tasmac -Manamagil Mandram,"R38W+8QW, Thottiyapatti, Valayankulam",9.8158593,78.0969677,https://www.google.com/maps/place/?q=place_id:ChIJmfzKqhHRADsRp8uuFmMT4W4,51,51,0,0,VIOLATION
Tasmac மதுபானக் கடை,"Q388+HWR, Thangalacheri",9.7664685,78.06724040000002,https://www.google.com/maps/place/?q=place_id:ChIJZR1ivkDXADsRxbaFdfyzRiQ,5,5,0,0,VIOLATION
Vellakarai Tasmac,"R68R+6PV, Vellakkarai, Kaliyandur",9.8156,78.24179199999999,https://www.google.com/maps/place/?q=place_id:ChIJt5no1X7dADsRwstDMXVkTtk,7,7,0,0,VIOLATION
Tasmac மதுபானக் கடை,"Q38G+4XX, Koodakovil",9.765222399999999,78.0771153,https://www.google.com/maps/place/?q=place_id:ChIJqUiqUjvXADsRNAR0gDp_eJY,40,40,0,0,VIOLATION
Tasmac Godiwnin Mdu,"V62G+2XR, Kalugerkadai",9.8501247,78.227402,https://www.google.com/maps/place/?q=place_id:ChIJDezYaQHdADsRR-kZ1V5Mbf0,9,9,0,0,VIOLATION
TASMAC GODOWN,"V26G+5Q4, Tirupparankundram",9.8603921,78.0269483,https://www.google.com/maps/place/?q=place_id:ChIJpwMICwDRADsRn_KJ3mxiPAc,63,63,0,0,VIOLATION
Max Plus Duty Free Wine Shop,"R3QQ+GQ5 Madurai Airport, Airport Rd, Madurai",9.8387508,78.0894829,https://www.google.com/maps/place/?q=place_id:ChIJCapjOLHRADsRpWbDOfbp_is,34,34,0,0,VIOLATION
tasmac,"Q8FM+R92, Thiruppachethi",9.7745091,78.3333794,https://www.google.com/maps/place/?q=place_id:ChIJ6StZlEDhADsRJOUHYWdLqMA,8,8,0,0,VIOLATION
TASMAC SHOP NO 7577,"VG35+JFQ, Sivaganga",9.8540894,78.50872799999999,https://www.google.com/maps/place/?q=place_id:ChIJW_Pw2a_7ADsR7lUk56M2hXk,44,44,0,0,VIOLATION
TASMAC,"QJMP+WMH, Siramam",9.7848107,78.6367452,https://www.google.com/maps/place/?q=place_id:ChIJ3ZBMA0f_ADsRTFrnf3hYD0A,6,6,0,0,VIOLATION
TASMAC,"RPXC+MCJ, Mongankanmoi",9.849209499999999,78.7210126,https://www.google.com/maps/place/?q=place_id:ChIJeTnS8x5XADsR0t2ZKd1kwzo,32,32,0,0,VIOLATION
TASMAC,"RP85+33G, Marakkathur",9.815178,78.7076682,https://www.google.com/maps/place/?q=place_id:ChIJCyiu1YhWADsRddZgDagQNRY,1,1,0,0,VIOLATION
TASMAC,"RRCG+HC, Kadainendal",9.8214221,78.8260658,https://www.google.com/maps/place/?q=place_id:ChIJz43oIE5RADsRSlhoeSKS590,9,9,0,0,VIOLATION
TASMAC,"QMFQ+877, Silukkapatti",9.7733026,78.68815459999999,https://www.google.com/maps/place/?q=place_id:ChIJ0T8gK7pVADsRyYxDkbQUd7s,20,20,0,0,VIOLATION
Wine shop,"QJGP+9VP, SH 29, Palkulam",9.7760033,78.6371994,https://www.google.com/maps/place/?q=place_id:ChIJKetV-lr_ADsR5vc_wKjjX9Y,20,20,0,0,VIOLATION
TASMAC,"R2MP+3JJ, MDR916, Nilamalagiyamangalam",9.832717899999999,79.03651930000001,https://www.google.com/maps/place/?q=place_id:ChIJVV-13hU2ADsRDbbVIyBC3pc,60,60,0,0,VIOLATION
TASMAC WINE SHOP,"XQ7Q+7JH, Kavandanpatti Rd, Usilampatti",9.9631889,77.78910669999999,https://www.google.com/maps/place/?q=place_id:ChIJTx70owQ3BzsRGoDXcEZkWYI,103,92,10,1,VIOLATION
Government Tasmac,"VR68+85G, Perungamanallur",9.8608138,77.8154587,https://www.google.com/maps/place/?q=place_id:ChIJ50NsRqIxBzsRvp-N0z2-UoI,3,3,0,0,VIOLATION
Ullasam Bar & Restaurant,"XQ3Q+FHF, Usilampatti Main Rd, Usilampatti",9.953697,77.7889168,https://www.google.com/maps/place/?q=place_id:ChIJ06EG7BA3BzsRFU4N8od4GiU,59,59,0,0,VIOLATION
Tasmac Wine Shop,"PVH6+VR2, NH 744, T.Kallupatti",9.73003,77.8618389,https://www.google.com/maps/place/?q=place_id:ChIJl0mEHAcrBzsRossamlYTj3E,17,17,0,0,VIOLATION
Government tasmac bar,"PRFX+9VG, Kilangulam",9.723424999999999,77.8497246,https://www.google.com/maps/place/?q=place_id:ChIJ6-u-rvgrBzsRkl1s0SoRWqg,73,69,3,1,VIOLATION
TASMAC,"V72V+MHV, Kombai, Uthamapalayam",9.8517499,77.2939171,https://www.google.com/maps/place/?q=place_id:ChIJHysmbQAPBzsR77_kKCQoG3k,71,69,2,0,VIOLATION
TASMAC SHOP KOMBAI,"R8J4+998, Kombai",9.830923199999999,77.3059677,https://www.google.com/maps/place/?q=place_id:ChIJFwwycUkFBzsR2MuD4N7yGck,6,6,0,0,VIOLATION
Beverages Corporation Outlet (Bevco),"R57W+CQ2, Thookkupalam",9.813500099999999,77.1968897,https://www.google.com/maps/place/?q=place_id:ChIJk48vLPUHBzsRR5ndAiZaClI,67,67,0,0,VIOLATION
JP Theatre Wine Shop,"RFXR+43M, Aranmanai Vaasal, Sivaganga",9.8478491,78.49016929999999,https://www.google.com/maps/place/?q=place_id:ChIJ_9trusL7ADsRN56uXJ4bmrQ,81,77,4,0,VIOLATION
Tasmac,"Sandhai Pettai Bus Station, SH73, Tirumangalam",9.826150799999999,77.9803422,https://www.google.com/maps/place/?q=place_id:ChIJLXd2ZZDTADsR8M7o9vVXZxg,91,87,4,0,VIOLATION
Tasmac,"RXQJ+P23, Madurai",9.839271799999999,77.9800403,https://www.google.com/maps/place/?q=place_id:ChIJS8ou5eDTADsR2S_iXjdCd_g,56,56,0,0,VIOLATION
Tasmac,"RXFP+CMM, MDR953, Tirumangalam",9.8235741,77.98667189999999,https://www.google.com/maps/place/?q=place_id:ChIJjaOQf77TADsRe5iPOpkQWXQ,138,121,15,2,VIOLATION
Tasmac,"PX3G+M52, Kalligudi",9.7041323,77.97539379999999,https://www.google.com/maps/place/?q=place_id:ChIJSXSSvAHVADsRQZ3VnJ-ePjQ,18,18,0,0,VIOLATION
Pannikundu Tasmac,"VW34+6JF, Pannikundu",9.8530635,77.9065504,https://www.google.com/maps/place/?q=place_id:ChIJy-JQdF0tBzsRT5a0JcvVhlI,2,2,0,0,VIOLATION
Wine shop,"308, Virudhunagar Rd, Jaihindpuram, Tirumangalam",9.8167963,77.9849575,https://www.google.com/maps/place/?q=place_id:ChIJr_t9IQDTADsRuuP8OIt1ZGA,79,79,0,0,VIOLATION
Tasmac bar 7511,"XR56+H4X, Devakottai",9.958952799999999,78.81034509999999,https://www.google.com/maps/place/?q=place_id:ChIJcyG5S-hbADsROqBABxCZU0s,63,62,1,0,VIOLATION
Tasmac Devakotai,"WRXC+G8C, Udayachi",9.948818,78.8210134,https://www.google.com/maps/place/?q=place_id:ChIJ1aCAG9NbADsRlTfDjtWAJaI,86,79,5,2,VIOLATION
Tasmac,"W42J+HHM, Nattanipurasakudi",9.9015423,79.13132940000001,https://www.google.com/maps/place/?q=place_id:ChIJm5gYIdIxADsRUw-_8Jt7FsU,7,7,0,0,VIOLATION
TASMAC,"X57H+475, Jegathapattinam, Periyamadaippaychchal",9.9628827,79.1782711,https://www.google.com/maps/place/?q=place_id:ChIJ4a6Fn247ADsRD9VanZ4C2KU,14,14,0,0,VIOLATION
Wine shop,"W3C4+J5G, Thiruppunavasal Adambur Road, Tennamarai",9.9215617,79.0554683,https://www.google.com/maps/place/?q=place_id:ChIJCaPm6045ADsRIGlkNMUzK2E,2,2,0,0,VIOLATION
Tasmac,"VFF4+4MP, Kamatchipuram",9.8728439,77.4566901,https://www.google.com/maps/place/?q=place_id:ChIJZ3xUYHQRBzsR7uyePa_lYuU,15,15,0,0,VIOLATION
Private Wine Shop,"VF95+32C, Kamatchipuram",9.8676871,77.45750149999999,https://www.google.com/maps/place/?q=place_id:ChIJEyvjlAoRBzsRXZU6EfUiEVw,62,62,0,0,VIOLATION
TASMAC,"WRRH+95G, Taluk, Usilampatti, Aramanathapuram",9.940942,77.8279551,https://www.google.com/maps/place/?q=place_id:ChIJcRxDgtUxBzsRQvfHu6GbKbc,16,16,0,0,VIOLATION
Tasmac,"XW95+WXV, Kodikulam",9.9698625,77.90989320000001,https://www.google.com/maps/place/?q=place_id:ChIJMb15mTE1BzsRkPq1VQ464gg,21,21,0,0,VIOLATION
Tasmac Shop,"W89J+72R, NRT Nagar, Theni Allinagaram, Sankarapuram",9.9182784,77.33003579999999,https://www.google.com/maps/place/?q=place_id:ChIJH9vcEQcPBzsRin2msas0Dt0,19,19,0,0,VIOLATION
Foreighn Liquor Shop,"Kattappana - Erattayar Rd, Kattappana",9.7674226,77.1141818,https://www.google.com/maps/place/?q=place_id:ChIJeymmI0apBzsRj8Rlt_U67P8,38,38,0,0,VIOLATION
Tasmac,"232C+9X7, Amaradakki, Koneriyendal",10.0009055,79.07240709999999,https://www.google.com/maps/place/?q=place_id:ChIJs6dk-gk_ADsRj3pDyAut4qg,6,6,0,0,VIOLATION
Tasmac,"W6X7+R85, East Coast Rd, main road, near indian oil petrol bunk, Pudupattinam, othakadai, Thiruvathavur, madurai",9.9495059,78.2133467,https://www.google.com/maps/place/?q=place_id:ChIJF3SxRgDDADsRIrTyxF3_8Ns,25,25,0,0,VIOLATION
V1 Recreation club (Tasmac),"Rajakoor, Madurai, Veerapanjan",9.926046099999999,78.2087128,https://www.google.com/maps/place/?q=place_id:ChIJ7Y7nWQDFADsRZMscCOtwoHo,56,56,0,0,VIOLATION
Nattamai logu Wine Shop,"X836+GF2, Madurai",9.9538016,78.3111275,https://www.google.com/maps/place/?q=place_id:ChIJl1bxZA7pADsRIXOJi7d7CUc,61,60,1,0,VIOLATION
TASMAC,"2F9G+MV5, Bathra Kaliyamman, Sri Ram Nagar, Theni, Unjampatti",10.0191393,77.4772311,https://www.google.com/maps/place/?q=place_id:ChIJYQ8P5iAVBzsRhdnW9MwCai8,70,65,5,0,VIOLATION
Elite TASMAC,"2F7M+X3F, NRT Nagar, Theni",10.01496,77.4826873,https://www.google.com/maps/place/?q=place_id:ChIJLcyU0kEVBzsRPBx12XUcues,102,82,20,0,VIOLATION
Government Tasmac,"2957+732, Meenakshipuram",10.0082371,77.3626548,https://www.google.com/maps/place/?q=place_id:ChIJUffVfRsNBzsRzUWoVNSQrNQ,30,30,0,0,VIOLATION
TASMAC,NRT Nagar,10.0101324,77.4776591,https://www.google.com/maps/place/?q=place_id:ChIJKXaXYa8UBzsRRqGaOt4Pp3g,107,93,14,0,VIOLATION
Wine shop,"X9W3+6Q7, Unnamed Road, B. Meenakshipuram, Bodinayakanur",9.9955479,77.3544301,https://www.google.com/maps/place/?q=place_id:ChIJm4yRHK4NBzsRZ9YxzkKW83U,60,60,0,0,VIOLATION
Wine Shop,"2FMM+W4M, B.K.Patti, Telephone Nagar, Unjampatti",10.0348431,77.48280240000001,https://www.google.com/maps/place/?q=place_id:ChIJwWdb30RrBzsRv6yHFKINcOY,81,80,1,0,VIOLATION
Wine shop government,"X9X2+H9J, B.Renganathapuram, Bodinayakanur",9.998903499999999,77.35098479999999,https://www.google.com/maps/place/?q=place_id:ChIJZ5sOjKwNBzsR7PmBRWqonRY,66,65,1,0,VIOLATION
TASMAC,"X34X+XCM, Appathurai Nagar, Koodal Nagar, Madurai",9.9574631,78.0985614,https://www.google.com/maps/place/?q=place_id:ChIJcRWEvbLIADsRYP2nebKMCZw,87,72,15,0,VIOLATION
TASMAC,"V3MX+5QJ, Avaniyapuram - Thirupparankundram Rd, Madurai",9.8829691,78.0993752,https://www.google.com/maps/place/?q=place_id:ChIJZVVfDI_PADsRsGbxMm90wow,65,60,5,0,VIOLATION
Tasmac,"W3VX+JP5, Thikathir, Vilangudi, Madurai",9.944030099999999,78.0993652,https://www.google.com/maps/place/?q=place_id:ChIJzQTfdU7PADsRdswpKM-86Vg,100,91,6,3,VIOLATION
Tasmac Wines Shop,"X25V+7Q6, Madurai, Keelamathur",9.9581726,78.0443956,https://www.google.com/maps/place/?q=place_id:ChIJfaI7QQ_JADsR2K6PpAIafVM,12,12,0,0,VIOLATION
Tasmac - Wineshop,"V2HH+HH2, Fourway Line.Under the Bridge, Service Rd, Thoppur",9.8788763,78.0288772,https://www.google.com/maps/place/?q=place_id:ChIJxaXNtL7PADsRbCRCROKz5GA,51,51,0,0,VIOLATION
Tasmac wines shop,"X3FW+HW5, Alanganallur Main Road, Sikkandar Savadi, Koodal Nagar, Madurai",9.9738855,78.0973207,https://www.google.com/maps/place/?q=place_id:ChIJwzNBpPvJADsRFkJ6hEkgMRc,76,72,4,0,VIOLATION
Tasmac,"W3M4+F89, NH 44, Nagamalaipudukottai",9.9336574,78.05583469999999,https://www.google.com/maps/place/?q=place_id:ChIJCQwwUGXPADsRO5MGZIy-pXE,74,72,2,0,VIOLATION
Tasmac Wines Bar,"X375+855, Madurai",9.9632814,78.0579533,https://www.google.com/maps/place/?q=place_id:ChIJxRy4KrjJADsRTVmkMnOJmF0,64,64,0,0,VIOLATION
Tasmac Wine Shop,"7A, Bypass Rd, near A Maruthi Body Shop, Fathima Nagar, B T, Bethaniapuram, Madurai",9.93269,78.09609119999999,https://www.google.com/maps/place/?q=place_id:ChIJuc9eDdbPADsR7Sqz1ddacoc,124,95,22,7,VIOLATION
Ideal Bar & TASMAC,"3/353A, Palamedu Main Rd, Sikkandar Savadi, Koodal Nagar, Madurai",9.968477499999999,78.09659529999999,https://www.google.com/maps/place/?q=place_id:ChIJ8Z9o9brIADsRodaNt4Bp_n4,77,71,6,0,VIOLATION
Tasmac மதுபானக்கடை,"43B, B.V.S complex, Madakulam Main Rd, Vinayai Nagar, Palangantham, Madurai",9.904201900000002,78.0971064,https://www.google.com/maps/place/?q=place_id:ChIJd-D3bpHPADsRHYkvuQQamYI,115,95,15,5,VIOLATION
TASMAC,Madurai,9.897527799999999,78.08852639999999,https://www.google.com/maps/place/?q=place_id:ChIJ-6V2L5bPADsRFMaye57rg8s,77,70,7,0,VIOLATION
Tasmac Wine shop,"W2FX+W59, Kilakuyilkudi",9.9247898,78.0479873,https://www.google.com/maps/place/?q=place_id:ChIJc8igUD7PADsR4XtMWZk0eJs,49,49,0,0,VIOLATION
TASMAC,"Astalakshmi Nagar, Lion City",9.8814619,78.046036,https://www.google.com/maps/place/?q=place_id:ChIJ1Z2VRzzOADsRGoT_l53DIy0,69,67,2,0,VIOLATION
Tasmac மதுக்கடை,"60-A, Andalpuram, Madurai",9.9041085,78.0999282,https://www.google.com/maps/place/?q=place_id:ChIJzaND0KnPADsRkEqc6VzrnWs,118,101,12,5,VIOLATION
Tasmac Wine shop,"5/2 Saravana Complex, Didugul Main Road Near Fatima College, opp. to A.R.C Parcel Service Ltd., Madurai",9.951210699999999,78.0945993,https://www.google.com/maps/place/?q=place_id:ChIJf6jn_OTPADsRi6NxFDW7KGw,82,74,8,0,VIOLATION
TASMAC,"W38W+47X, State Bank Supervisors Colony, Madurai",9.9152764,78.09573499999999,https://www.google.com/maps/place/?q=place_id:ChIJg7Dw8HbPADsRolR1zXmSSeA,101,81,17,3,VIOLATION
Tasmac,"XQVQ+FC7, Chinnasemmettupatti",9.993659,77.7886117,https://www.google.com/maps/place/?q=place_id:ChIJMbCu5zg3BzsRw4mbxt3FOFE,12,12,0,0,VIOLATION
Tasmac Bar,"XJR7+CWC, Vellapar Temple Rd, Palani Maaligai, Andippatti",9.9911172,77.6147787,https://www.google.com/maps/place/?q=place_id:ChIJaxiL9wM_BzsRvFm2ZxPKODA,41,41,0,0,VIOLATION
Tasmac govt,"2J4G+FMV, Timmarasanayakkanur",10.006249,77.6266725,https://www.google.com/maps/place/?q=place_id:ChIJD9fwzjQ_BzsR4dz5PdEHNCY,40,40,0,0,VIOLATION
TASMAC ANAIPATTI,"3VR2+RG9, Pillayarnatham",10.092044,77.8513688,https://www.google.com/maps/place/?q=place_id:ChIJYwvLqMVLBzsRevNxPiNJr60,60,60,0,0,VIOLATION
Tasmac govt,"667, Annaisathya Nagar, Silukuvarpatti, Timmarasanayakkanur",10.0065202,77.6342698,https://www.google.com/maps/place/?q=place_id:ChIJwce_2GI_BzsRBZLx3lOgAU8,41,41,0,0,VIOLATION
Tasmac,"X2PF+JP5, Sholavandan Rd, Samayanallur",9.9865181,78.02435360000001,https://www.google.com/maps/place/?q=place_id:ChIJQ0G4k-LJADsRTB2oZa3XrI4,15,15,0,0,VIOLATION
Tasmac,"3XCM+4F4, MDR568, T. Andipatti",10.0702711,77.9836779,https://www.google.com/maps/place/?q=place_id:ChIJX22Cn261ADsR2xRKlykZ9FI,11,11,0,0,VIOLATION
govt tasmac,"XWRP+W2J, Mudalaikulam",9.9923001,77.934995,https://www.google.com/maps/place/?q=place_id:ChIJZ7u5linLADsRlWclWbbJM5k,12,12,0,0,VIOLATION
Tasmac,"229H+FVF, Anaikulam",10.0186969,78.0296566,https://www.google.com/maps/place/?q=place_id:ChIJSS9sASXJADsRWFx_FPygWQQ,6,6,0,0,VIOLATION
Tasmac,"3XGF+H4, Thathampatti",10.0764925,77.97272799999999,https://www.google.com/maps/place/?q=place_id:ChIJpbWIkxu1ADsRfIap263C47U,57,57,0,0,VIOLATION
Tasmac,"3W3M+498, Vadipatti",10.0527954,77.9334511,https://www.google.com/maps/place/?q=place_id:ChIJ3XG7eeu1ADsRCfQAs71xxTw,55,55,0,0,VIOLATION
Tasmac Wine Shop,"XXMW+W8, Thenur",9.984867399999999,77.9957731,https://www.google.com/maps/place/?q=place_id:ChIJm9SbGSrLADsRG26Hl1a8ckU,14,14,0,0,VIOLATION
TASMAC - WINE SHOP,"X2J3+VHV, Melakkal Rd, Keelamathur",9.9822673,78.00388389999999,https://www.google.com/maps/place/?q=place_id:ChIJHyfivQHLADsRCuNfxOz3CB0,13,13,0,0,VIOLATION
Tasmac,39V2+5Q6,10.0929345,78.3518404,https://www.google.com/maps/place/?q=place_id:ChIJvYPX4sOVADsRgRyJhFGoiCo,1,1,0,0,VIOLATION
TASMAC SHOP,"2GV5+PFW, Mampatti North",10.0443666,78.5087072,https://www.google.com/maps/place/?q=place_id:ChIJl9fiBHTzADsRLln261R4t30,42,42,0,0,VIOLATION
Wine Shop,"28GV+QCQ, Melur",10.0269633,78.3436117,https://www.google.com/maps/place/?q=place_id:ChIJBZENxh7rADsRx2Y1bvmbZgM,71,69,2,0,VIOLATION
Wine shop madagupatti,"XGWR+5R7, Kalluppatti - Maravapatty Rd, Madagupatti, Aralikottai",9.995414799999999,78.54206190000001,https://www.google.com/maps/place/?q=place_id:ChIJ54jcXZfzADsRjj-vv6DR1y4,36,36,0,0,VIOLATION
TASMAC,"RGRC+G6M, Paiyaurpillaivayal",9.841270999999999,78.5205278,https://www.google.com/maps/place/?q=place_id:ChIJgRFBGRj7ADsRSitnuawPcTI,9,9,0,0,VIOLATION
Tasmac Wine Shop,"XMP8+R25, Kallal",9.987032,78.6650942,https://www.google.com/maps/place/?q=place_id:ChIJZ739Fc1fADsRyHceukdKyTI,79,74,4,1,VIOLATION
Tasmac Vaniyangadu,"3JV3+HH4, Themmapatti",10.0938999,78.60394819999999,https://www.google.com/maps/place/?q=place_id:ChIJx676_zqLADsRvHAAAv6ZEwA,5,5,0,0,VIOLATION
Tasmac Wine Shop,"W582+G28, Vandiyur Main Rd, Anna Nagar, Sathamangalam, Madurai",9.9162617,78.15005219999999,https://www.google.com/maps/place/?q=place_id:ChIJh1O2hKnFADsRyld_CQZCZh0,90,71,18,1,VIOLATION
Tasmac Wine Shop,"W4QW+33P, Melur Main Rd, KK Nagar, Madurai",9.9377056,78.1451968,https://www.google.com/maps/place/?q=place_id:ChIJ7eQCGOLFADsRuqrI9lg9Tl4,89,68,16,5,VIOLATION
TASMAC WINE SHOP,"X48G+MGJ, P and T Nagar Ext Rd, Thabaal Thanthi Nagar, Bama Nagar, Madurai",9.9667064,78.1262733,https://www.google.com/maps/place/?q=place_id:ChIJxU6IQA7GADsRnZ0EXtNfrT0,83,75,8,0,VIOLATION
TASMAC,"X5GC+5XG, Kadachanendhal",9.9754872,78.1724661,https://www.google.com/maps/place/?q=place_id:ChIJc4xa2aXHADsR9vyE1HWpRGc,76,70,6,0,VIOLATION
TASMAC,"W4JM+X46, Chinna Chokikulam, Madurai",9.9324173,78.1327496,https://www.google.com/maps/place/?q=place_id:ChIJN4ASm5XFADsR0qFIZHkbv6k,126,99,21,6,VIOLATION
Tasmac,"1, Pavukkara St, Periyar, Madurai Main, Mahalipatti, Madurai",9.908728499999999,78.1198952,https://www.google.com/maps/place/?q=place_id:ChIJRZh7oHvFADsR7zMUHlGZfn0,154,128,24,2,VIOLATION
TASMAC Wine Shop,"X43J+CW5, Reserve Line, Mahalakshmi Nagar, KVR Nagar, Madurai",9.9535257,78.1323647,https://www.google.com/maps/place/?q=place_id:ChIJfS_5t3TGADsRhoJpI5xkj7E,86,69,15,2,VIOLATION
Govt Tasmac,"W44M+7FW, West Anuppanadi, Tamil Nadu Housing Board Colony, Anuppanadi, Madurai",9.9058443,78.13370139999999,https://www.google.com/maps/place/?q=place_id:ChIJkU8Z2nTFADsRG6G1Zun6jJg,86,77,9,0,VIOLATION
Tasmac Wines Shop - Kurinji Bar,"W4PP+MPX, Alagar Kovil Main Rd, Outpost, Chinna Chokikulam, Madurai",9.936745499999999,78.1368464,https://www.google.com/maps/place/?q=place_id:ChIJwbXSeXrFADsRv9JTboR3Dtc,99,77,18,4,VIOLATION
TASMAC 5293,"51/2A2, Main Road, Anaiyur Rd, Anaiyur",9.9611162,78.10503369999999,https://www.google.com/maps/place/?q=place_id:ChIJM-vF9cfJADsRDigohc5K5iQ,78,73,5,0,VIOLATION
TASMAC,"1st Floors, 157 VJ Towers Munichalai Main Road, opp. to Saratha Ceramic, Madurai",9.9212585,78.127556,https://www.google.com/maps/place/?q=place_id:ChIJA-TbaJzFADsRHog_3rKjWT8,136,109,27,0,VIOLATION
Tasmac Liquor Shop,"New Pankajam Colony, Meenakshi Nagar, Madurai",9.910936699999999,78.1502555,https://www.google.com/maps/place/?q=place_id:ChIJjRAw0QbFADsRkQhwJ9Z2yuU,84,73,11,0,VIOLATION
TASMAC,"W4M3+RXJ, Old Arppalayam, West Ponnagaram, Arappalayam, Madurai",9.9345929,78.10488889999999,https://www.google.com/maps/place/?q=place_id:ChIJk5yVKNTPADsRV8uN6XoqV2A,112,94,17,1,VIOLATION
Elite Shop Tasmac,"X49G+4JQ, P and T Nagar Ext Rd, Thabaal Thanthi Nagar, Ezhil Nagar, Iyer Bungalow, Madurai",9.967837399999999,78.12661229999999,https://www.google.com/maps/place/?q=place_id:ChIJ_fEHeVrHADsR_T7JVJmOuxs,82,74,8,0,VIOLATION
Tasmac wine shop,"V4JX+G9G, Chinthamani",9.881319,78.1484387,https://www.google.com/maps/place/?q=place_id:ChIJz3YAlzzFADsRqfkorymII0U,66,65,0,1,VIOLATION
Tasmac (Alageshan bar),"33-34, 100 Feet Rd, Kamarajar Salai, Madurai",9.9178309,78.1400811,https://www.google.com/maps/place/?q=place_id:ChIJt-7jb3zFADsR28t1XOPTVdY,103,89,14,0,VIOLATION
Bairava Wine shop (Tasmac),"X56X+32P, Rama Krishna Nagar, Anbu Nagar, Narasingam",9.9602043,78.19760029999999,https://www.google.com/maps/place/?q=place_id:ChIJK9gzsKTHADsRstfQMMW4BUI,60,59,1,0,VIOLATION
Tasmac,"W5W4+69, Industrial Estate, Madurai",9.9455069,78.1558859,https://www.google.com/maps/place/?q=place_id:ChIJzcVElwXFADsRX7gcxIyVSjU,74,63,2,9,VIOLATION
Tasmac,"W4WF+CHW, Nethaji Main Rd, Mullai Nagar, Poonthamalli Nagar, Meenambalpuram, Madurai",9.946096899999999,78.12396629999999,https://www.google.com/maps/place/?q=place_id:ChIJaV2dB3bFADsR2JMwuu2qEGg,98,89,9,0,VIOLATION
Tasmac,"Nagamma Temple, 22-14A, Koil S St, Mahalipatti",9.908496999999999,78.1219383,https://www.google.com/maps/place/?q=place_id:ChIJH3D-H1vFADsRMkrhy4WHmpc,141,122,17,2,VIOLATION
Tasmac,"V592+W5P, Chettikulam",9.8698511,78.1504616,https://www.google.com/maps/place/?q=place_id:ChIJ5cHARMDbADsRmgD1ME8GbVM,59,59,0,0,VIOLATION
Tasmac,"No. 172/A, S Masi St, near Indian Overseas Bank, Valaiyal Kadai, Madurai Main, Madurai",9.9208137,78.1234693,https://www.google.com/maps/place/?q=place_id:ChIJdeo94CrFADsRU0aiP0ojy0s,154,129,25,0,VIOLATION
Elite foreign liquor shop tasmac bar club,"W484+R8M, Vaithiyanathapuram, Madurai",9.9170876,78.10579880000002,https://www.google.com/maps/place/?q=place_id:ChIJJ23H_TPPADsR-y7ab5YbmzQ,110,100,9,1,VIOLATION
Tasmac Wine Shop,"20, Ponmeni Narayanan St, Meenakshipuram, Navalar Nagar, Madurai",9.9207513,78.1323706,https://www.google.com/maps/place/?q=place_id:ChIJs0sNBO7FADsRS1A-aPO22GI,109,86,22,1,VIOLATION
Tasmac- wineshop,"W48J+QV8 signal, Munichalai, Old Kuyavar Palayam Rd, Madurai",9.916910699999999,78.1322185,https://www.google.com/maps/place/?q=place_id:ChIJ6ZCaVy7FADsRAWPUa2aTvpI,135,105,29,1,VIOLATION
பொண்டுகன் 9 TASMAC No 5332,"72, APK Main Rd, Villapuram, Madurai",9.8962433,78.11841079999999,https://www.google.com/maps/place/?q=place_id:ChIJvZoEKwDFADsReSUVpySOu3c,107,98,9,0,VIOLATION
Tasmac டாஸ்மாக்,"6, Gate Lock Rd, Madurai, Meenakshi Nagar",9.9131239,78.1384367,https://www.google.com/maps/place/?q=place_id:ChIJPeyF9cnFADsRSi9MyMef4g8,112,92,20,0,VIOLATION
Tasmac wineshop மதுகடை,"132, Thathaneri Main Rd, Bharathi Nagar, Aruldaspuram, Madurai",9.9359711,78.1123393,https://www.google.com/maps/place/?q=place_id:ChIJmWKSoFzFADsR_xUDa2-WvL4,91,88,3,0,VIOLATION
TASMAC - Anna Bus Stand,"#1 Subburaman street, Kuruvikkaran Salai, Shenoy Nagar, Madurai",9.924276299999999,78.13871619999999,https://www.google.com/maps/place/?q=place_id:ChIJ3WuFrT3FADsRtI0oG3Q3Q1E,97,80,15,2,VIOLATION
Tasmac wineshop,"W45G+QVF, Mahalipatti, Madurai",9.9093605,78.12728849999999,https://www.google.com/maps/place/?q=place_id:ChIJq-WIxQDFADsRlCRw-emj7kk,92,80,12,0,VIOLATION
Tasmac Wine shop,"47, 6th St, Meenakshipuram, Madurai",9.922145,78.1295659,https://www.google.com/maps/place/?q=place_id:ChIJ3S_wPs7FADsRgpRHRlEpFQY,103,83,20,0,VIOLATION
Wine Shop and Bar,"MDR947, Kattaboman Nagar, Sellur, Madurai",9.9435919,78.1189701,https://www.google.com/maps/place/?q=place_id:ChIJr0uOoSPFADsRWh5dA63tsg4,79,73,6,0,VIOLATION
WINE SHOP,"130, Puttu Thoppu Main Rd, Ponnagaram, Mangla Puram, Arappalayam, Ponnagaram Colony, Madurai",9.9310446,78.11178249999999,https://www.google.com/maps/place/?q=place_id:ChIJ--gdb4rFADsRRb2YOQedmC0,117,99,17,1,VIOLATION
Tasmac A.K Bar மதுபான கடை,"V4F5+PWP, Ettayapuram - Madhurai Rd, Avaniyapuram, Madurai",9.874388699999999,78.1098464,https://www.google.com/maps/place/?q=place_id:ChIJMeg848rPADsRsL8hohNhyhM,59,59,0,0,VIOLATION
Wine Shop,Madurai,9.9385135,78.1065842,https://www.google.com/maps/place/?q=place_id:ChIJSeCw6l7PADsRM1NQbppP4xY,90,81,8,1,VIOLATION
Liquor Shop,"W4J7+6XM, Raja Mill Rd, Arappalayam, Madurai, Poondhotam",9.9305962,78.1149222,https://www.google.com/maps/place/?q=place_id:ChIJnWFiwIvFADsRJ_ug76qikYo,110,100,10,0,VIOLATION
Guru Coffee Bar and restaurant,"1/165, Alagar Kovil Main Rd, Ramaond Reserve Line, K.Pudur, Madurai",9.9433066,78.14205659999999,https://www.google.com/maps/place/?q=place_id:ChIJYVVdTcTFADsRfI-HUcNMfaw,70,64,6,0,VIOLATION
Wine Shop,"W4RH+CP8, PT Rajan Road, B B Kulam",9.941030999999999,78.1293225,https://www.google.com/maps/place/?q=place_id:ChIJTZUZXunFADsRA8o6cNfjEJw,89,71,18,0,VIOLATION
TASMAC,"3QPF+3H9, Watertank - Kalanivasal Rd, Ashok Nagar, Karaikudi, Kalanivasal",10.0851621,78.7739868,https://www.google.com/maps/place/?q=place_id:ChIJYXU_6GtnADsR2mcrKSid_PI,68,65,2,1,VIOLATION
TASMAC SHOP NO 7515,"3QFJ+QRC, Vairavapuram, Karaikudi",10.0744427,78.7820046,https://www.google.com/maps/place/?q=place_id:ChIJyaFDKapnADsRD8v9HPtRn9Y,82,73,9,0,VIOLATION
TASMAC SHOP NO 7519,"3QFM+5MC, Ananda Nagar, Karaikudi",10.0729555,78.7841492,https://www.google.com/maps/place/?q=place_id:ChIJEe2q739nADsRGGtYfizfu-A,73,66,7,0,VIOLATION
TASMAC SHOP NO 7529,"3Q7G+JC7, Periyar Nagar, Karaikudi",10.0640378,78.7760478,https://www.google.com/maps/place/?q=place_id:ChIJhyRPZDddADsRCcnE_3acmIc,64,63,1,0,VIOLATION
TASMAC SHOP NO 7516,"3Q9H+RXJ, Arumugamnagar, Ananda Nagar, Karaikudi",10.069594,78.77990109999999,https://www.google.com/maps/place/?q=place_id:ChIJV8oD2v5nADsRM5ss53G_Kq0,75,70,5,0,VIOLATION
Wine shop bar,"Street Number 2 Erippalayam Udumalpet, Periyar Nagar, Karaikudi",10.0610255,78.7754214,https://www.google.com/maps/place/?q=place_id:ChIJz2D2EyNdADsRGu49hFSCsk8,70,68,2,0,VIOLATION
Ariyakudi wine shop,"2QRW+Q7J, road, Unjanai, Ariyakudi",10.0419722,78.7956198,https://www.google.com/maps/place/?q=place_id:ChIJPfh7MwpdADsR4nNPDKtjJrk,30,30,0,0,VIOLATION
Government Wine Shop,"3Q99+346, Kallukatti, Karaikudi",10.0676972,78.7677698,https://www.google.com/maps/place/?q=place_id:ChIJmSimK9BnADsRvdZGuRwuBg0,95,88,7,0,VIOLATION
TASMAC Liquor Shop,"5XG7+2V, Alapiranthan",10.175052,78.9647416,https://www.google.com/maps/place/?q=place_id:ChIJLZF0n05tADsRDiIQ8dJNOec,9,9,0,0,VIOLATION
TASMAC,Attani,10.1366996,79.1941588,https://www.google.com/maps/place/?q=place_id:ChIJjy0Tp2QXADsRWSbDuNTjPBo,50,50,0,0,VIOLATION
Tasmac wine shop,"5XCX+JRF, Unnamed Road, Aranthangi",10.1715666,78.9995488,https://www.google.com/maps/place/?q=place_id:ChIJI58noeNtADsRI3ySC9rehqs,94,82,9,3,VIOLATION
TASMAC டாஸ்மாக்,"4W7H+5WH, Karaikkudi - Manamelkudi Rd, Sengarai",10.1128972,78.9298469,https://www.google.com/maps/place/?q=place_id:ChIJc4OM4Q5rADsRmG2b37TvNrI,13,13,0,0,VIOLATION
Tasmac,"54R7+JWF, Arasarkulam Keelpathi",10.1910554,79.1150703,https://www.google.com/maps/place/?q=place_id:ChIJcalrf30RADsR-gf1oW325Sc,21,21,0,0,VIOLATION
Tasmac no 6 aranthangi,"5X9W+QG3, Karaikkudi - Manamelkudi Rd, Aranthangi",10.1693522,78.9963149,https://www.google.com/maps/place/?q=place_id:ChIJuTiMDFVtADsR8I0nHLD69aI,94,84,8,2,VIOLATION
Tasmac no 4,"52F2+JF6, Aranthangi",10.1740294,79.0011476,https://www.google.com/maps/place/?q=place_id:ChIJn8YUe1dtADsRgPlV1VQJBPs,91,79,10,2,VIOLATION
TASMAC 01,"5327+9PM, SH 145, Vengur",10.149771,79.064595,https://www.google.com/maps/place/?q=place_id:ChIJa0X5EQAVADsRcZB3mlY8cOM,28,28,0,0,VIOLATION
Tasmac 3 aranthangi,"5XFX+FH5, Aranthangi",10.1736302,78.9989757,https://www.google.com/maps/place/?q=place_id:ChIJgwr6KehtADsRpg7D9QVF2zs,88,75,11,2,VIOLATION
Tasmac 2 aranthangi,"5XFX+Q29, Aranthangi",10.1744058,78.9976131,https://www.google.com/maps/place/?q=place_id:ChIJKahaQKxtADsR8yKwqWjlyl0,90,78,11,1,VIOLATION
TASMAC,"46Q3+GX5, Singavanam",10.1387567,79.2049751,https://www.google.com/maps/place/?q=place_id:ChIJARrF8tkZADsRT8ZBqz8o4Rc,5,5,0,0,VIOLATION
WINE SHOP,"Anna Nagar, Shenoy Nagar, Madurai",9.9200822,78.1400298,https://www.google.com/maps/place/?q=place_id:ChIJa0svDqTFADsR6500t6XNuK4,94,80,14,0,VIOLATION
Tasmac bar,"2F6V+HP6, Sidco Thoz, NRT Nagar, Theni, Vadaveeranaickenpatty",10.0114098,77.4942501,https://www.google.com/maps/place/?q=place_id:ChIJr4skEsgUBzsR3jQgrZb35_U,62,61,0,1,VIOLATION
Tasmac godown theni,"2G65+35H, Unnamed Road, Karuvel Naickken Patti, Theni, Vadaveeranaickenpatty",10.0101978,77.5079729,https://www.google.com/maps/place/?q=place_id:ChIJSUrG8f4VBzsRsmZQyGUmSgM,23,23,0,0,VIOLATION
Kannavilaku tasmac bar,"2H65+XM7, Kanavilakku",10.0124063,77.5591737,https://www.google.com/maps/place/?q=place_id:ChIJTTxQtL8VBzsR2vojsxxno68,13,13,0,0,VIOLATION
Wine shop,"2G77+PCG, Unnamed Road, Vadaveeranaickenpatty",10.0142668,77.5135761,https://www.google.com/maps/place/?q=place_id:ChIJvSS8PsgVBzsRQVjVvsc5H-M,14,14,0,0,VIOLATION
TaSMaC,"X9V4+6PC, Karattupatti Rd, Melachokkanathapuram, Bodinayakanur",9.993073899999999,77.3567556,https://www.google.com/maps/place/?q=place_id:ChIJq6qq6moNBzsRMfnmHYI-uR0,61,60,1,0,VIOLATION
Tasmac,"5QX8+JXR, Pattiveeranpatti",10.199147,77.7673993,https://www.google.com/maps/place/?q=place_id:ChIJQWTqx5pPBzsRxbrb4bH5hbM,26,26,0,0,VIOLATION
TASMAC,"RKJ Garden, Unnamed Road, Malayagoundanpatti",10.1391259,77.9265994,https://www.google.com/maps/place/?q=place_id:ChIJf8wMeDNNBzsRbjwl_fFVNNU,21,21,0,0,VIOLATION
TASMAC,"Thamaraikani K 152, Gullalagundu, Potti Chetti Patti",10.1562811,77.9148252,https://www.google.com/maps/place/?q=place_id:ChIJDRGnJmNNBzsRE-icabGhZig,11,11,0,0,VIOLATION
Tasmac,"5Q78+3J2, Batlagundu, Kurumpapatti",10.1626056,77.7664688,https://www.google.com/maps/place/?q=place_id:ChIJD9nc7WxPBzsRe13DJs6vwLo,63,62,1,0,VIOLATION
Tasmac மதுபானக் கடை,"3VX3+XG4, Ethilodu",10.1008266,77.85335169999999,https://www.google.com/maps/place/?q=place_id:ChIJk1O-uMVLBzsRCxzwZUisfn0,21,21,0,0,VIOLATION
Wine Shop,"5QC9+857, Pattiveeranpatti",10.1707849,77.7679105,https://www.google.com/maps/place/?q=place_id:ChIJuz0J7gJPBzsRAjpMISi4jpU,62,61,1,0,VIOLATION
Black Tasmac,"23WQ+WX, Alanganallur",10.0471657,78.0896324,https://www.google.com/maps/place/?q=place_id:ChIJE-cMAgC3ADsRt2v1W3oNig8,75,71,3,1,VIOLATION
TASMAC,Poombarai,10.2601192,77.4050197,https://www.google.com/maps/place/?q=place_id:ChIJ67BBa1hlBzsRc4EoResThcE,39,39,0,0,VIOLATION
Tasmac,"69Q2+G27, Mannavanur",10.2389693,77.3500245,https://www.google.com/maps/place/?q=place_id:ChIJMeXjvmF7BzsRBOgyguW5RHU,8,8,0,0,VIOLATION
TASMAC,"5FQ9+QXR, A.Kalappur",10.1894833,78.4698808,https://www.google.com/maps/place/?q=place_id:ChIJ0ZUsaSuQADsR93bCVnvofBg,3,3,0,0,VIOLATION
Tasmac,"X6QQ+22V, Jemi Narayana Nagar, Ayilangudi",9.9876126,78.2375366,https://www.google.com/maps/place/?q=place_id:ChIJm2Ke6Q3BADsRBooe--j1pV4,39,39,0,0,VIOLATION
Tasmac Karungalakudi,5944+6FP,10.155586,78.3562085,https://www.google.com/maps/place/?q=place_id:ChIJx2GWNPWXADsRWsSRBr0grCg,61,60,1,0,VIOLATION
Tasmac Natham,"6628+WF5, Sattambadi",10.2022608,78.2162373,https://www.google.com/maps/place/?q=place_id:ChIJR96pPHC9ADsRJLXaDyPLrVQ,7,7,0,0,VIOLATION
Tasmac,"5C78+2H9, Melur-Singampunari Rd, Sukkampatti, Kannamangalapatti",10.1625469,78.4164885,https://www.google.com/maps/place/?q=place_id:ChIJB8x-h9iRADsRNyoleIXO1Ug,1,1,0,0,VIOLATION
Tasmac,"4H4Q+FW5, Ranasingapuram, Tirupattur",10.1061484,78.58984530000001,https://www.google.com/maps/place/?q=place_id:ChIJl8UBDqCLADsR4s58qdBu1TE,53,53,0,0,VIOLATION
Tasmac wine shop,"4JGX+4RQ, Sivaganga",10.1253481,78.64959499999999,https://www.google.com/maps/place/?q=place_id:ChIJia-swXOKADsRRTo3IX_qgUI,3,3,0,0,VIOLATION
Thambipatti old tasmac,"4J69+5M9, Vannikundupatti Thambipatti Bypass Ayyanar Bakery opposite road, Rd, Tirupattur",10.110403,78.61924069999999,https://www.google.com/maps/place/?q=place_id:ChIJxwwMlguLADsRUauDriftudY,3,3,0,0,VIOLATION
Wine shop| Royal Bar,"25HV+P2, Mangulam",10.0294388,78.1925409,https://www.google.com/maps/place/?q=place_id:ChIJrX-YTwDHADsRw25p6u0tB5w,16,16,0,0,VIOLATION
TASMAC REGIONAL MANAGERS OFFICES,"Plot no.100, Anna Nagar, Sathamangalam, Madurai",9.9222915,78.14293579999999,https://www.google.com/maps/place/?q=place_id:ChIJEUqOiGHFADsRsOJre0Ujd4E,96,81,15,0,VIOLATION
Tasmac Shop,"X534+4W8, Sambakulam, Kodikulam, Madurai",9.952793,78.15731799999999,https://www.google.com/maps/place/?q=place_id:ChIJ0bxjWCvEADsRzL8zhAnL7sQ,71,65,6,0,VIOLATION
Tasmac,"67PX+Q98, Samudrapatti",10.2369173,78.2984376,https://www.google.com/maps/place/?q=place_id:ChIJx8LMglCZADsRzH7DgfxumxM,13,13,0,0,VIOLATION
Tasmac kanavaipatti,"64XV+63C, Kanavaipatti",10.2480702,78.1426366,https://www.google.com/maps/place/?q=place_id:ChIJgTSVIxelADsRfTsSF5W8Kbw,19,19,0,0,VIOLATION
TASMAC SHOP,"5MH7+76R, Kilasevalpatti",10.1782363,78.6630277,https://www.google.com/maps/place/?q=place_id:ChIJ4yU29kljADsRgPe8JvcTW8Y,61,61,0,0,VIOLATION
Tasmac,"5P3H+C85, Athangudi",10.1535184,78.72839250000001,https://www.google.com/maps/place/?q=place_id:ChIJS6VocF9hADsROPsMY_rkvyY,66,66,0,0,VIOLATION
TASMAC,"4M22+RXR, Thenkarai Rd, Thenkarai",10.1021081,78.65240779999999,https://www.google.com/maps/place/?q=place_id:ChIJW1LOyfOLADsRP6k5r-9kenE,4,4,0,0,VIOLATION
tasmac wines,"6P2F+2CM, Vengalur",10.2000833,78.723547,https://www.google.com/maps/place/?q=place_id:ChIJBeELwgpjADsRm8Aba0fDCGI,2,2,0,0,VIOLATION
TASMAC SHOP NO 7721,"5MM8+J5W, Kilasevalpatti",10.1841013,78.6654606,https://www.google.com/maps/place/?q=place_id:ChIJLbW9kndjADsRd_3zURT4Nqo,71,68,3,0,VIOLATION
TASMAC SHOP NO 7534,"5QFG+38Q, LF Rd, Kanadukathan",10.1727151,78.7758616,https://www.google.com/maps/place/?q=place_id:ChIJMzL1AlllADsRAVGQsadR29M,63,62,1,0,VIOLATION
TASMAC Konapet,"6P2C+8G, Mavoor",10.2007955,78.72131639999999,https://www.google.com/maps/place/?q=place_id:ChIJTdtoIwBjADsRl3cJfRIHqGI,4,4,0,0,VIOLATION
TASMAC,"4Q3W+WWR, Kottaiyur",10.1049173,78.79727989999999,https://www.google.com/maps/place/?q=place_id:ChIJZQ1qNPBnADsRpIsK2Aanjvw,64,63,1,0,VIOLATION
TASMAC,"Kandanur Puduvayal Railway Station, SH28",10.1060961,78.837511,https://www.google.com/maps/place/?q=place_id:ChIJcZlP6YdnADsR5Xsn1Fg4d5c,27,27,0,0,VIOLATION
TASMAC,"4QVX+HV7, Pallathur",10.1439062,78.79967479999999,https://www.google.com/maps/place/?q=place_id:ChIJZ5IEkWRmADsRxVyty6fIuwk,67,65,1,1,VIOLATION
"TASMAC, Devathanapatti","4JQM+RQW, Devadanapatti",10.1396063,77.6344554,https://www.google.com/maps/place/?q=place_id:ChIJ_WDuRaFDBzsRpjDXFg_4vPE,16,16,0,0,VIOLATION
Tasmac,"74P2+F6R, Keeramangalam",10.2862295,79.1005121,https://www.google.com/maps/place/?q=place_id:ChIJgW6n9GENADsRrF5Oqt1IHWY,68,65,3,0,VIOLATION
Peravurani wine shop,"8637+G9V Wine Shop, Peravurani, Maduvakurichi West",10.303839,79.2134112,https://www.google.com/maps/place/?q=place_id:ChIJvxb2VIMFADsRHHS4MxK6dZQ,14,14,0,0,VIOLATION
Wine Shop,"8638+959, Mavadukurichi East",10.3034381,79.2154511,https://www.google.com/maps/place/?q=place_id:ChIJa3N_l6gFADsRRWcEQtmX0QQ,8,8,0,0,VIOLATION
Wine Shop,"73RX+VGR, Keeramangalam",10.2922289,79.0987505,https://www.google.com/maps/place/?q=place_id:ChIJCa9G2dENADsR5o2s92ynNl4,65,65,0,0,VIOLATION
TASMAC VALPARAI,"8XH4+FJP, Kumaran road, Valparai",10.3286907,76.9566017,https://www.google.com/maps/place/?q=place_id:ChIJ3xa6VwCJBzsRd4wriOVFyD0,74,70,4,0,VIOLATION
TASMAC,"Nathamadipatti Road, Sanarpatti, Kosavapatti",10.289184,78.0647658,https://www.google.com/maps/place/?q=place_id:ChIJa9k0CXqvADsRBxTZ7w-a70s,64,64,0,0,VIOLATION
TASMAC,"7VVC+CFV, MDR687, Jivalsaragu",10.2935917,77.8711758,https://www.google.com/maps/place/?q=place_id:ChIJh_ykZ7BTBzsRVgMssUUFVL0,13,13,0,0,VIOLATION
TASMAC - Wine shop. Sembatti,"7VMJ+PJ4, MDR969, Jivalsaragu",10.2842697,77.8815644,https://www.google.com/maps/place/?q=place_id:ChIJ0fGl6Z1TBzsRPDexLgAmmF0,13,13,0,0,VIOLATION
Wine Shop,"8VCJ+H8C, Virakkal",10.3214452,77.88077729999999,https://www.google.com/maps/place/?q=place_id:ChIJJzE-cmBUBzsRIUbraiR8B_Q,5,5,0,0,VIOLATION
Wine Shop Bar,"Chettiyapatti Rd, Gandhigram, Dindigul",10.2798587,77.94520849999999,https://www.google.com/maps/place/?q=place_id:ChIJGVjghkKtADsRBw8FNTT4R3U,9,9,0,0,VIOLATION
Surakappatti Tasmac,"8VG3+W89, Paraipatti",10.3272877,77.85336029999999,https://www.google.com/maps/place/?q=place_id:ChIJB_mQnQdVBzsR5WbEJ7YFMB8,11,11,0,0,VIOLATION
Wine shop ayyampalayam,"6QF3+GFC, Major District Road 733, Ayyampalayam",10.2238249,77.7536542,https://www.google.com/maps/place/?q=place_id:ChIJb-P3phxRBzsR2a-x43DLxqM,24,24,0,0,VIOLATION
Tasmacc,"7GWM+6G4, Varpattu",10.2955215,78.5337437,https://www.google.com/maps/place/?q=place_id:ChIJPZBsd1yFADsRnb0zU2aDLaU,20,20,0,0,VIOLATION
TASMAC SHOP NO 7561,"6GCM+2RQ, Nerkuppai",10.2200884,78.5345979,https://www.google.com/maps/place/?q=place_id:ChIJk46UI6SPADsRy6Z62URjFxY,74,72,2,0,VIOLATION
Tasmac,"6XC8+JXW, SH 26, Narpavalakkudi",10.2216076,78.9674529,https://www.google.com/maps/place/?q=place_id:ChIJtezPwMFtADsRZlxYkcz-7Zk,8,8,0,0,VIOLATION
Tasmac,"63RP+CH8, Periyalur",10.2410441,79.0864378,https://www.google.com/maps/place/?q=place_id:ChIJE-fW4k8TADsR1nWVqFWF5UY,7,7,0,0,VIOLATION
Tasmac vallavari,"639R+392, Peravurani - Aranthangi Rd, Peravurani, Mangudi",10.2176749,79.0908913,https://www.google.com/maps/place/?q=place_id:ChIJQ0Vqs0kTADsRqIymHw5IfZc,24,24,0,0,VIOLATION
Kanapadi wine shop,"C36X+PV, Kanapadi",10.4118356,78.0996686,https://www.google.com/maps/place/?q=place_id:ChIJVwWW-x0HqjsR-8CELsiTUV8,8,8,0,0,VIOLATION
Wine Shop,"95C4+4Q2, Dindigul",10.3702895,78.1569073,https://www.google.com/maps/place/?q=place_id:ChIJGcK_5AmnADsRIi-HZXRucZ0,6,6,0,0,VIOLATION
TASMAC Approved Snacks Bar Or PKP Traders,"Nearby New Mass Hotel, Madurai-Tiruchirappalli Main Road Thuvarankurichi, Marungapuri",10.3738037,78.38433359999999,https://www.google.com/maps/place/?q=place_id:ChIJF-x1YN-dADsRaXw60pM_V64,72,70,2,0,VIOLATION
TASMAC Shop,"7RC9+F3R, Pudukkottai",10.2711847,78.81764919999999,https://www.google.com/maps/place/?q=place_id:ChIJhfEqfJN6ADsRG6UC1ekvaQE,11,11,0,0,VIOLATION
Thirumayam wine shop,"6PMG+FG2, Pudukkottai",10.2336451,78.72627279999999,https://www.google.com/maps/place/?q=place_id:ChIJ25v1J-1jADsRFvk-ryhOK5M,3,3,0,0,VIOLATION
TASMAC DEPOT,"SIPCOT Complex, 2B-3, Thiruvengavasal",10.4292383,78.7814212,https://www.google.com/maps/place/?q=place_id:ChIJ__9vc3CCqjsRdfycFI7d7hE,29,29,0,0,VIOLATION
TASMAC,"9GX2+H8X, Muthupet",10.3989841,79.5008576,https://www.google.com/maps/place/?q=place_id:ChIJH3Sh_qX5_zoRK3zZHPo58yg,64,62,1,1,VIOLATION
Tasmac,"C88J+W8V, Pattukkottai",10.4173702,79.3307889,https://www.google.com/maps/place/?q=place_id:ChIJ8SXZufQAADsRRGElPGIhUAM,61,61,0,0,VIOLATION
Tasmac wine shop,"99HH+CM9, Palanjur",10.3785335,79.3792325,https://www.google.com/maps/place/?q=place_id:ChIJg26YmFEBADsRjczaTStXs4o,4,4,0,0,VIOLATION
Tasmac,"CH62+P7P, MDR640, Thillaivilagam",10.4118534,79.55069189999999,https://www.google.com/maps/place/?q=place_id:ChIJRW2mFnP5_zoRZEBLTp_ZFk8,46,46,0,0,VIOLATION
TASMAC,"CJF4+R7X, Karpaganatharkulam",10.4246075,79.6057211,https://www.google.com/maps/place/?q=place_id:ChIJhwJS8Bj3_zoRCyEfuyBYLiI,9,9,0,0,VIOLATION
TASMAC Wine Shop,"C8MM+X6, Mattusanthai, Pattukkottai",10.4349188,79.3330076,https://www.google.com/maps/place/?q=place_id:ChIJOd8I3TMBADsRZXqmF18hAKQ,12,12,0,0,VIOLATION
Tasmac,"CH9X+X4Q, Idumbavanam",10.4199679,79.59786470000002,https://www.google.com/maps/place/?q=place_id:ChIJsQaYqyr3_zoR3-ndVxq-fBc,61,60,1,0,VIOLATION
Wine Shop,"76, Thanjavur - Karaikudi - Kalaiyarkoil - Sayalkudi Rd, Kottai Kovil, Pattukkottai",10.4241511,79.3113592,https://www.google.com/maps/place/?q=place_id:ChIJu_Ke6r0AADsRqfEhAXyLV2Q,82,77,5,0,VIOLATION
Tasmac Shop Maruthur south,"CPFM+P8M, Annapettai",10.4233412,79.7329548,https://www.google.com/maps/place/?q=place_id:ChIJ8ykKyqP1_zoRMPpoRLJZhxo,20,20,0,0,VIOLATION
Tasmack,"CM3J+H7J, Sinthamanikkadu",10.4039532,79.68065179999999,https://www.google.com/maps/place/?q=place_id:ChIJdW-NcwD1_zoRLJEzCstY4eI,6,6,0,0,VIOLATION
Tasmac Neivilakku,"9RWC+238, Neivilakku",10.3950389,79.820188,https://www.google.com/maps/place/?q=place_id:ChIJ-xuPntyL_zoRaOwkT5d19-8,28,28,0,0,VIOLATION
TASMAC,"9QMP+7QW, Ayakkarambulam III Sethi",10.3832428,79.7869454,https://www.google.com/maps/place/?q=place_id:ChIJM1FCA_-L_zoRx-fPMUPbBgs,13,13,0,0,VIOLATION
Tasmac Kuravapulam,"CQCP+VFW, Kuravapuram",10.4222499,79.7862,https://www.google.com/maps/place/?q=place_id:ChIJpYKbGFiK_zoRQCyeiXM1fVI,66,66,0,0,VIOLATION
Tasmac Shop Ayakkaranbulam,"9QW3+6RJ, Ayakkarambulam III Sethi",10.39597,79.75492109999999,https://www.google.com/maps/place/?q=place_id:ChIJu_GIly6L_zoRuOvE0fzhBwU,65,61,4,0,VIOLATION
Wine shop,"9RFX+R2, Vedaranyam",10.3745936,79.8476093,https://www.google.com/maps/place/?q=place_id:ChIJxexJRBOJ_zoR9sn9iCZ8TRg,122,111,11,0,VIOLATION
Tasmac Maraignayanallur,9RQJ+9M7,10.3884231,79.8316667,https://www.google.com/maps/place/?q=place_id:ChIJs7W1uV-J_zoR7fJvZavrR68,23,23,0,0,VIOLATION
TASMAC Kaliapuram,"GWJ5+XG6, Coimbatore",10.5324182,76.9087424,https://www.google.com/maps/place/?q=place_id:ChIJL9arHIc9qDsRLiazYxnOcJ8,3,3,0,0,VIOLATION
Tasmac Bar,"6FMV+V4H, MDR217, Kodaikanal",10.2346969,77.4928537,https://www.google.com/maps/place/?q=place_id:ChIJPW08n-JnBzsRtcNVVmHsel0,71,68,3,0,VIOLATION
Dippo Wine Shop,"6FRP+5V3, Convent Rd, near safari steels, Kodaikanal",10.2404393,77.4871239,https://www.google.com/maps/place/?q=place_id:ChIJDyyNvI9nBzsRmli2KCKXqKY,67,62,5,0,VIOLATION
Kodai liquor shop,"6FPV+96Q, Kodaikanal",10.2359554,77.4931101,https://www.google.com/maps/place/?q=place_id:ChIJEz5YxLZnBzsRbWgLBcZYY9g,82,73,9,0,VIOLATION
TASMAC,"GXQV+JW3, Angalakuruchi Rd",10.5390015,76.99480969999999,https://www.google.com/maps/place/?q=place_id:ChIJU5rslLA6qDsRkkg1NOcGKLo,19,19,0,0,VIOLATION
TASMAC,"HX2W+8XW, Thensangampalayam",10.550905,76.9974624,https://www.google.com/maps/place/?q=place_id:ChIJEa8SZ706qDsRiUwhCQHUHeE,58,58,0,0,VIOLATION
TASMAC ELITE,"H275+RG, Somandurai",10.5644271,77.0093831,https://www.google.com/maps/place/?q=place_id:ChIJxVhSYgA7qDsRFoB25giNO9w,5,5,0,0,VIOLATION
TASMAC Bar,"HX6F+JGH, Somandurai, Thensithur",10.5615271,76.9738532,https://www.google.com/maps/place/?q=place_id:ChIJCa3izPo6qDsR49fntlBWucQ,5,5,0,0,VIOLATION
Tasmac,"G5CG+R78, Chinnavalavadi",10.522018,77.1757038,https://www.google.com/maps/place/?q=place_id:ChIJBwzegqEtqDsRPDUDTT3nSYE,3,3,0,0,VIOLATION
Karattumadam Wine Shop,"G4W6+C22, Karattumadam",10.5459901,77.1100242,https://www.google.com/maps/place/?q=place_id:ChIJg3NZORsyqDsRNWKV94TpXa8,52,52,0,0,VIOLATION
Erisinampatti Wine shop,"G4XF+65M, Tiruppur",10.5480794,77.1229353,https://www.google.com/maps/place/?q=place_id:ChIJjTvu_hIyqDsRYJ2XgjDmt2A,26,26,0,0,VIOLATION
9/6 Tasmac,"F67R+553, Tiruppur",10.4628761,77.2404361,https://www.google.com/maps/place/?q=place_id:ChIJT-1rK5rTqTsRmZaiqOHfSr8,35,35,0,0,VIOLATION
Tasmac,"G68H+462, Pallapalayam",10.5152647,77.22803569999999,https://www.google.com/maps/place/?q=place_id:ChIJ1bA6qsTTqTsRSJVwo5istVo,36,36,0,0,VIOLATION
TASMAC,"Tamil Nadu 642204, India",10.4931647,77.34279970000001,https://www.google.com/maps/place/?q=place_id:ChIJdxByGPrQqTsRwNueEF8qBwI,27,27,0,0,VIOLATION
Tasmac,"CCX4+VRV, Pappampatti",10.4497239,77.4070869,https://www.google.com/maps/place/?q=place_id:ChIJWQzWldPZqTsRPE2tOZEsJzQ,60,60,0,0,VIOLATION
Tasmac,"FCWX+Q9H, Sithraikulam",10.4969439,77.4484707,https://www.google.com/maps/place/?q=place_id:ChIJa8sb_9PbqTsR7Aaqjv9Cbbo,12,12,0,0,VIOLATION
Tasmac,"G9RR+937, Vayalur",10.5409257,77.3901195,https://www.google.com/maps/place/?q=place_id:ChIJOQIlMv_bqTsRetxDwyXlXnw,23,23,0,0,VIOLATION
Tasmac Wine Shop,"9X88+7JH, NH-209, Begambur",10.3657064,77.9665967,https://www.google.com/maps/place/?q=place_id:ChIJAdu5vfOqADsRczP75nyIZjk,115,110,4,1,VIOLATION
Tasmac Eriyodu,"G387+594, Eriodu",10.5154263,78.0634767,https://www.google.com/maps/place/?q=place_id:ChIJXc-5a00EqjsRd6PT6hoJ0T0,73,70,3,0,VIOLATION
Tasmac,"G2V8+966, Vedasandur Rd, Ammapatti",10.5434004,78.0155214,https://www.google.com/maps/place/?q=place_id:ChIJ3ymhcxgDqjsRBhamzYreERk,7,7,0,0,VIOLATION
Tasmac,"GX6W+XH, Chittur",10.5123826,77.996462,https://www.google.com/maps/place/?q=place_id:ChIJayQpcKUDqjsRYx3HZtObFog,4,4,0,0,VIOLATION
TASMAC GODOWN,"MULLIPADI, Tamaraipadi",10.4032196,78.02805099999999,https://www.google.com/maps/place/?q=place_id:ChIJnQVNDbsHqjsR0-UH6tvsXkU,33,33,0,0,VIOLATION
TASMAC,"2/11, Vadakku Kalam, letchampattu, Kallupatty",10.559167,78.3222815,https://www.google.com/maps/place/?q=place_id:ChIJr1LtNQBzqjsRQGM6W20kHV8,21,21,0,0,VIOLATION
Wine Shop,"GC97+6JC, Unnamed Road, Kannivadugampatti, Pannapatti East",10.5180552,78.4140177,https://www.google.com/maps/place/?q=place_id:ChIJ2xoxOatxqjsRyALaTuc9ZcM,3,3,0,0,VIOLATION
Uthukkuli WINE SHOP,"GGHW+FFF, Teravur",10.5286865,78.5461595,https://www.google.com/maps/place/?q=place_id:ChIJi7r8f5Z7qjsRRsD_cw9kdJE,4,4,0,0,VIOLATION
Tasmac Wine Shop,"956W+XM2, Thiruchitrambalam, Tiruchitrambalam East",10.3623809,79.1966345,https://www.google.com/maps/place/?q=place_id:ChIJn4sO3aYIADsRK8GicJGjFBA,63,61,1,1,VIOLATION
Tasmac Wine shop,"86RV+H96, MDR653, Ottankadu Ukkadai",10.3414194,79.2433954,https://www.google.com/maps/place/?q=place_id:ChIJqezBdeIFADsRXVUXLJYvWzM,56,56,0,0,VIOLATION
New wine shop,"9683+8GF, Thanjavur - Karaikudi - Kalaiyarkoil - Sayalkudi Road, Thiruchitrambalam",10.3658076,79.2037929,https://www.google.com/maps/place/?q=place_id:ChIJ_5-wGOMHADsREc2p9MZTjGc,60,59,0,1,VIOLATION
TASMAC SHOP,"9R97+833, Poonga Nagar, Pudukkottai",10.3682593,78.81268659999999,https://www.google.com/maps/place/?q=place_id:ChIJbY4oWIB5ADsRX8J61w-t80A,70,68,2,0,VIOLATION
TASMAC SHOP,"5/B1, Sipcot Phase II Industrial Complex, Santhanathapuram, Pudukkottai",10.3786852,78.8148059,https://www.google.com/maps/place/?q=place_id:ChIJI5czhHN5ADsRq3DMCKDO7-A,86,79,6,1,VIOLATION
Tasmac,"CVHG+HQ, Mullur",10.4289057,78.8769253,https://www.google.com/maps/place/?q=place_id:ChIJB3a4dQCdqjsRAHRufrhJHuQ,17,17,0,0,VIOLATION
"Wine shop ,kadambarayanpatti","9RGC+C2H Kadan par ayan pattu, A M A Nagar, Pudukkottai",10.376144,78.8201357,https://www.google.com/maps/place/?q=place_id:ChIJRZM5ovZ5ADsRzD81gKmCHU4,94,84,9,1,VIOLATION
Surabi AC Bar and Restaurant,"5/1, Kovilpatti Main Road, Thirukkokarnam, Pudukkottai",10.4024121,78.8059107,https://www.google.com/maps/place/?q=place_id:ChIJg6XBCzZ5ADsRrZw9ztoNLs0,12,12,0,0,VIOLATION
Tasmac,"CXHH+R4C, Semmatividuthy",10.429571,78.977774,https://www.google.com/maps/place/?q=place_id:ChIJ7TewYPyfqjsRb-BgximWsaI,35,35,0,0,VIOLATION
Wine Shop,83Q5+56J,10.3379557,79.058007,https://www.google.com/maps/place/?q=place_id:ChIJCXWoSdQNADsRPybOH4dKLR4,27,27,0,0,VIOLATION
Govt Wine Shop Sooranviduthi,82P9+HX5,10.3363854,79.0199798,https://www.google.com/maps/place/?q=place_id:ChIJ01CYnRUNADsR8oJIp2Nl7Vk,2,2,0,0,VIOLATION
Tasmac,"93PJ+XCH, Unnamed Road, Vadatheru",10.3874287,79.08109999999999,https://www.google.com/maps/place/?q=place_id:ChIJV3XOBxQLADsRU80eAnOFQbA,13,13,0,0,VIOLATION
Wine Shop Pullanviduthy,"9442+C6C, Pullanviduthy",10.356066,79.10051469999999,https://www.google.com/maps/place/?q=place_id:ChIJL94YuLMLADsR3dwp4LZD7n4,44,44,0,0,VIOLATION
Tasmac,"FG39+C5J, Anna Nagar, Palani",10.4535862,77.5179029,https://www.google.com/maps/place/?q=place_id:ChIJtxiSz9bfqTsROYIMGelkbjQ,105,90,15,0,VIOLATION
TASMAC BAR,"Palani, TO, Dharapuram Main Road, Thoppampatti",10.5515067,77.5261349,https://www.google.com/maps/place/?q=place_id:ChIJ2e_AHn_DqTsRZLVGOTOOcE0,6,6,0,0,VIOLATION
Wine shop,"GG2F+3M, Kodaimangalam",10.5002495,77.5241727,https://www.google.com/maps/place/?q=place_id:ChIJAYOhbZDdqTsRFQlsaecMCvE,4,4,0,0,VIOLATION
Tasmac,"FQP7+XCX, Athicombai",10.4874898,77.7636069,https://www.google.com/maps/place/?q=place_id:ChIJ3z_9ViL7qTsRJH7Gt52OsIs,65,64,1,0,VIOLATION
TASMAC Wine Shop,"Indian complex, SH 37, Oddanchatram",10.487124,77.7457952,https://www.google.com/maps/place/?q=place_id:ChIJh94n6v77qTsR4lRrpeBLjWc,76,71,3,2,VIOLATION
Tasmac டாஸ்மாக்,"GQ32+F4, Naganampatty",10.5038997,77.7502011,https://www.google.com/maps/place/?q=place_id:ChIJw4an8nn7qTsRRol4EzNPyxc,61,61,0,0,VIOLATION
Tasmac,"9XQH+F86, Chinniahpuram, Dindigul",10.3887269,77.9782872,https://www.google.com/maps/place/?q=place_id:ChIJMx_1DQmrADsR47yziORq-xs,60,60,0,0,VIOLATION
Tasmac 4,"9X6H+RGP, Spencer Compound, Dindigul",10.3620824,77.97882129999999,https://www.google.com/maps/place/?q=place_id:ChIJxciHcFmqADsRuHyMY4WTeA4,97,79,18,0,VIOLATION
Tasmac,"8XMG+G3R, Unnamed Road, Nallama Nayakkan Patti",10.3338605,77.97513289999999,https://www.google.com/maps/place/?q=place_id:ChIJ8WsWy6WrADsRxX6UjNhlyrE,31,31,0,0,VIOLATION
TASMAC Wine Shop,"9XFG+XCR, RM Colony, Dindigul",10.3749848,77.9760155,https://www.google.com/maps/place/?q=place_id:ChIJjRQehmGqADsRYPBCnDy3U8c,83,75,8,0,VIOLATION
Tasmac,"13c, N Kaliamman Koil St, New Agraharam, Ashok Nagar, Dindigul",10.3643826,77.97288669999999,https://www.google.com/maps/place/?q=place_id:ChIJc09KqAKrADsRe9kNKVWuLKY,146,133,12,1,VIOLATION
Tasmac Wine Shop,Mendonsa Colony,10.3535902,77.97985609999999,https://www.google.com/maps/place/?q=place_id:ChIJc_k-VFGqADsRxAZqp1hnYBM,96,86,8,2,VIOLATION
"TASMAC, Navampatti, Illuppur","GJ5M+F6Q, Illupur",10.5087569,78.633122,https://www.google.com/maps/place/?q=place_id:ChIJn4VIoUV9qjsROmV77w4OIcQ,25,25,0,0,VIOLATION
"TASMAC, Melappatty bar, Illuppur","GJF8+96X, SH 71, Illupur",10.5234931,78.6156098,https://www.google.com/maps/place/?q=place_id:ChIJx3e0Fid9qjsRtml6biKSGh4,23,23,0,0,VIOLATION
TASMAC Cauvery Nagar,Cauvery Nagar,10.475434,78.7955844,https://www.google.com/maps/place/?q=place_id:ChIJ_1vFz0WDqjsR6tJAgBHtv6A,43,43,0,0,VIOLATION
Tasmac,"GXC4+V97, MDR825, Adanakkottai",10.522275,78.9559368,https://www.google.com/maps/place/?q=place_id:ChIJVZwTYuSZqjsRED71vVpWmz8,18,18,0,0,VIOLATION
Wine Shop,"FWWH+54G, Unnamed Road, Perungalur",10.4954175,78.92783480000001,https://www.google.com/maps/place/?q=place_id:ChIJFUWZFJqdqjsRwX2ogYk7P6o,5,5,0,0,VIOLATION
"Tasmac ,nachandupatti","8PCC+3QF, Nachandupatti - Tirumayam Road, Nachandupatti",10.3201794,78.7219295,https://www.google.com/maps/place/?q=place_id:ChIJbVp5KHl9ADsRzHOyxL2lfrI,68,67,1,0,VIOLATION
Tasmac Bar,"F44C+8Q7, Pudukkottai - Pattukkottai Rd, Karambakkudi",10.4557877,79.1219314,https://www.google.com/maps/place/?q=place_id:ChIJtYMi04SnqjsRkcfCe2xNhUg,17,17,0,0,VIOLATION
"Wine Shop,Thuvar",F322+2PH,10.4500727,79.0518498,https://www.google.com/maps/place/?q=place_id:ChIJk6nclWehqjsRhH4OoyuIQ7k,42,42,0,0,VIOLATION
Tasmac,GJQQ+9R4,10.5383168,79.63960809999999,https://www.google.com/maps/place/?q=place_id:ChIJFQUhz5JZVToRx5GLP4SaEIQ,78,71,5,2,VIOLATION
Tasmac,"GFF5+94V, Thirumakkottai -II",10.5234954,79.4577183,https://www.google.com/maps/place/?q=place_id:ChIJxeo8JYlVVToRODHDg9NWo6A,13,13,0,0,VIOLATION
Tasmac,"GJXC+C87, Madappuram",10.5485413,79.62080999999999,https://www.google.com/maps/place/?q=place_id:ChIJmcrYVpdbVToRmJ0R8SRV3X8,17,17,0,0,VIOLATION
Tasmac,"FH35+4H, Nachikulam",10.4528251,79.5589365,https://www.google.com/maps/place/?q=place_id:ChIJM168GABXVToRUb6-GLoE2pU,10,10,0,0,VIOLATION
Thirumakottai Tasmac 9744,"GFP5+QQX, Thirumakottai, Thirumakkottai -II",10.536977,79.45948910000001,https://www.google.com/maps/place/?q=place_id:ChIJ9zLP90dTVToR0vSC_2fAedc,62,61,1,0,VIOLATION
Paalayur Tasmac 9743,"GFHW+22F, Palayakottaiparasapuram",10.5274464,79.49505289999999,https://www.google.com/maps/place/?q=place_id:ChIJ26-aDxxXVToRy_4zbxxFMmg,32,32,0,0,VIOLATION
Government tasmac,"G9F5+V4X, Kannugudi East, Kannugudi North",10.5247296,79.3578497,https://www.google.com/maps/place/?q=place_id:ChIJ7WhwivmrqjsRkwiFHATb_U8,12,12,0,0,VIOLATION
Government tasmac,"G7RJ+J76, Pappanadu, Nemilithippiakudi",10.541548,79.28063209999999,https://www.google.com/maps/place/?q=place_id:ChIJh1LMu72vqjsRsmus3OEGz8E,62,60,2,0,VIOLATION
TASMAC,"Tamil Nadu 614906, India",10.4542738,79.35630960000002,https://www.google.com/maps/place/?q=place_id:ChIJvSa3t5eqqjsRkizkdJOifUM,18,18,0,0,VIOLATION
Tasmac,"Bus Stop, Thiruthuraipoondi - Vedaranyam Rd, Kariyapattinam",10.4577404,79.7394964,https://www.google.com/maps/place/?q=place_id:ChIJm5gkUYdfVToRH3n8W2FFzcI,63,62,1,0,VIOLATION
TASMAC,"GM5Q+6GM, Agamudaiyer St, Segal",10.5086025,79.6894739,https://www.google.com/maps/place/?q=place_id:ChIJP4gOY4tfVToRVRLp9W8hZDI,60,60,0,0,VIOLATION
Govt Wine Shop,"FQ6V+QM3, Katharipulam",10.4619039,79.7941724,https://www.google.com/maps/place/?q=place_id:ChIJF2yL9shhVToRXOiUF3z0tJQ,29,29,0,0,VIOLATION
Umbalacheri Wine Shop,"2-57, Bazaar St, Umbalacheri, Maharajapuram",10.4987803,79.7261079,https://www.google.com/maps/place/?q=place_id:ChIJMyhW3jJeVToRqgnQ0dFrVkI,24,24,0,0,VIOLATION
Tpm wine shop,"FQ25+HR7, Kalaignar",10.4514235,79.7595607,https://www.google.com/maps/place/?q=place_id:ChIJMwg5fpaL_zoR-PBLoOjVUBw,31,31,0,0,VIOLATION
Wine shop,"FPWG+R7H, Maharajapuram",10.4970615,79.7257376,https://www.google.com/maps/place/?q=place_id:ChIJ6Y50c8ZfVToRJxuk57BI4OI,10,10,0,0,VIOLATION
Tasmac,H89G+485,10.5677593,78.325858,https://www.google.com/maps/place/?q=place_id:ChIJdf-XlfFzqjsR6sEPBi6jsFw,11,11,0,0,VIOLATION
TASMAC,"GRCJ+9XM, Vanavanmahadevi, Vellapallam",10.520926,79.83241749999999,https://www.google.com/maps/place/?q=place_id:ChIJtXC4lDxjVToRdxZmPeQAn6A,41,41,0,0,VIOLATION
TASMAC Vettaikkaraniruppu,"HR4J+5Q4, Vettaikkaraniruppu, Karappidagai South",10.555387,79.83196339999999,https://www.google.com/maps/place/?q=place_id:ChIJD_V2nB1kVToRIVOnFHGQ2pg,37,37,0,0,VIOLATION
TASMAC Kovilpathu,"GRVJ+QX5, MDR737, Kovilpathu",10.5443851,79.8324887,https://www.google.com/maps/place/?q=place_id:ChIJPbb1FiVjVToRPcwJSyvaVuw,28,28,0,0,VIOLATION
Tasmac Thamaraipulam,FRCJ+VM7,10.4721761,79.831693,https://www.google.com/maps/place/?q=place_id:ChIJ-UfhxR1iVToRNWhcFNkihEk,27,27,0,0,VIOLATION
Tasmac,"JWR5+24, Ulagangattanpatti",10.6400756,78.90778929999999,https://www.google.com/maps/place/?q=place_id:ChIJPWq0fgCRqjsRmST6EzKEeGU,2,2,0,0,VIOLATION
wine shop gantharvakkottai,"H2H5+MX2, Gandarvakkottai",10.5791394,79.0098896,https://www.google.com/maps/place/?q=place_id:ChIJf3fEEI-ZqjsRAgM9Fro0Yco,17,17,0,0,VIOLATION
TASMAC,"MX6G+CQ7, Zamin Uthukuli",10.6610195,76.97694640000002,https://www.google.com/maps/place/?q=place_id:ChIJfVz0S004qDsRpaEMjUG23lY,12,12,0,0,VIOLATION
Tasmac,"HWFW+CC8, Anamalai - Dhali Rd, Anaimalai",10.5735276,76.9460874,https://www.google.com/maps/place/?q=place_id:ChIJ8Q73D2E7qDsRdR8fAL4mfXI,16,16,0,0,VIOLATION
TASMAC,"HXC4+6JQ, Anaimalai",10.5705789,76.95659619999999,https://www.google.com/maps/place/?q=place_id:ChIJUZqrbQc7qDsRD1672L9K6EA,1,1,0,0,VIOLATION
TASMAC,"Near, 30, Municipal Office Rd, Palaghat, Pollachi",10.661144,77.0020215,https://www.google.com/maps/place/?q=place_id:ChIJ-1NxIj85qDsRxQB41IOT25k,89,79,8,2,VIOLATION
Tasmac,"JVJ9+RQX, Marchinaickenpalayam, Meenakshipuram",10.6321104,76.8694575,https://www.google.com/maps/place/?q=place_id:ChIJ-YEIKQA_qDsRP7aIrn5D0ag,71,70,1,0,VIOLATION
Tasmac,Vinayagar Kovil,10.6559471,77.0035432,https://www.google.com/maps/place/?q=place_id:ChIJnQkKXNE5qDsRblEqq14DVzg,83,77,5,1,VIOLATION
Q7 Bar & Restaurant,"201, Market Rd, near Railway Station, Vinayagar Kovil, Pollachi",10.6544808,77.0006509,https://www.google.com/maps/place/?q=place_id:ChIJY-XyC-05qDsR4Yh8Ad9qmkU,68,64,3,1,VIOLATION
Tasmac wineshop,"JM3H+8P, Thumbhichipalayam",10.6033711,77.6793306,https://www.google.com/maps/place/?q=place_id:ChIJM4_RXDDvqTsRwMYliH7-MWE,16,16,0,0,VIOLATION
Wine shop,"HGHR+FC, Marichilambu",10.5786409,77.5408755,https://www.google.com/maps/place/?q=place_id:ChIJmy7F2QPDqTsRUEYqvQQ_NIE,3,3,0,0,VIOLATION
Wine shop (BAR),"JJWJ+PJX Raasi farms, MDR910, Poosaripatti",10.6468508,77.63161269999999,https://www.google.com/maps/place/?q=place_id:ChIJHeH5G0frqTsRlEw-E4h4DOk,39,39,0,0,VIOLATION
Government Tasmac Wine Shop,"HMQQ+96M, Kallimandayam",10.5884665,77.6880597,https://www.google.com/maps/place/?q=place_id:ChIJXQRn2A_vqTsRsNkYteKbs0o,72,68,3,1,VIOLATION
TASMAC,"H6WM+79J, Kurunjeri",10.5957118,77.23342679999999,https://www.google.com/maps/place/?q=place_id:ChIJ5QWnHqDNqTsRYcJqaRIOAs0,9,9,0,0,VIOLATION
TASMAC Wine Shop,"H7GV+JRX, NH 83, Palappampatti",10.5766057,77.29461669999999,https://www.google.com/maps/place/?q=place_id:ChIJlfLzEP7PqTsRD9NarfeWNP0,36,36,0,0,VIOLATION
TASMAC (Wine Shop),"J49H+4RM, Kolarpatti",10.6178262,77.12954409999999,https://www.google.com/maps/place/?q=place_id:ChIJZ8jAgeUzqDsR3ySHuVuI8CM,21,21,0,0,VIOLATION
TASMAC,"H7Q3+78F, Udumalaipettai",10.5881916,77.25331580000001,https://www.google.com/maps/place/?q=place_id:ChIJ03v5HLnNqTsRCNqjRnLNohE,98,86,10,2,VIOLATION
Tasmac WINE sHOP,"JCR6+H68, Unnamed Road, Chandrapuram",10.6414147,77.41067199999999,https://www.google.com/maps/place/?q=place_id:ChIJZ8Hc_7nHqTsRBB4Bjg9W7Ig,12,12,0,0,VIOLATION
Tasmac wine shop,"H988+W5C, MDR149, Sholamadevi, Vedappatti",10.5673143,77.3653822,https://www.google.com/maps/place/?q=place_id:ChIJWZciVGPPqTsRUbuc-O1iZxY,28,28,0,0,VIOLATION
Poosaripatti tasmac bar,"M4C7+VCF, Poosaripatti",10.6721847,77.1135855,https://www.google.com/maps/place/?q=place_id:ChIJl8MWLgA1qDsRqf7WrpqbgC0,62,62,0,0,VIOLATION
Tasmac,"HFJJ+R69, Sengulam, Keeranur",10.5820407,77.4806211,https://www.google.com/maps/place/?q=place_id:ChIJz-iF-7vDqTsR2IHNK87gkaM,3,3,0,0,VIOLATION
Tasmac (Bar)🔞,"MFGJ+9MX, Dhalavoipattinam",10.6759845,77.4817497,https://www.google.com/maps/place/?q=place_id:ChIJA5NzIT7BqTsRuEWoBtkvLHA,63,63,0,0,VIOLATION
Tasmac,"MWGF+WRW, Jangalpatti",10.6773607,77.9245746,https://www.google.com/maps/place/?q=place_id:ChIJJ7snH2j1qTsR_qS6jlQMZXc,7,7,0,0,VIOLATION
Tasmac,"J8GC+W4X, Okkanadu Keelaiyur",10.6273607,79.3203449,https://www.google.com/maps/place/?q=place_id:ChIJZS3KxXGyqjsRxTUapQdXiok,18,18,0,0,VIOLATION
TASMAC,"J7G3+P35, MDR834, Mandalakkottai, Orathanadu",10.6267634,79.2527482,https://www.google.com/maps/place/?q=place_id:ChIJq5lPwvOxqjsRG4VzN7peAEQ,102,93,9,0,VIOLATION
Tasmac,"H899+79H, Thondarampattu",10.5681877,79.31849129999999,https://www.google.com/maps/place/?q=place_id:ChIJA3L2o_itqjsRxRjHsBwhlVo,14,14,0,0,VIOLATION
TASMAC,"VOC Nagar, Orathanadu",10.6193899,79.2549866,https://www.google.com/maps/place/?q=place_id:ChIJQxSeQNexqjsR7q3vb5ZT3a8,62,62,0,0,VIOLATION
TASMAC wine shop,"JC7F+Q9C, Sevalur-Manapparai Main Rd, Manapparai",10.6144375,78.4233946,https://www.google.com/maps/place/?q=place_id:ChIJiVzhUDhvqjsRubzSbLWCNno,63,62,1,0,VIOLATION
Tasmac Wine Shop,"HCMW+88H, mutchanthi, manappari taluka, Ponmuchanthi",10.583319,78.445874,https://www.google.com/maps/place/?q=place_id:ChIJ7Rlt2CZwqjsRJLnHU2NR69E,34,34,0,0,VIOLATION
Tasmac மதுகடை,"JC46+RW, Vadagupatti",10.6071565,78.41224799999999,https://www.google.com/maps/place/?q=place_id:ChIJg5GNOtZvqjsRBkE1O52vtkU,66,65,1,0,VIOLATION
TASMAC,"HQCQ+R7J, MDR825 - Keeranur - Oduvampatti Rd, OVK Nagar, Keeranur",10.5720754,78.7881555,https://www.google.com/maps/place/?q=place_id:ChIJUXoSQ6GFqjsR-jPD_OVHyaE,77,74,2,1,VIOLATION
TASMAC Wine Shop,"PVGJ+33C, Modakkur East",10.7252443,77.88013579999999,https://www.google.com/maps/place/?q=place_id:ChIJcdAf09j0qTsRZZYYvZxk2IA,5,5,0,0,VIOLATION
Malakattukunnu toddy Bar and Restaurant,"Kunissery nenmara, road, Kunissery",10.6344105,76.59203110000001,https://www.google.com/maps/place/?q=place_id:ChIJfZYOi-ENqDsRsrrTlHesSHo,61,61,0,0,VIOLATION
TASMAC WINE SHOP,"NH 44, Service Rd, Aravakurichi",10.7663191,77.9140487,https://www.google.com/maps/place/?q=place_id:ChIJfYUARsyLqTsRjfJYyo1FVxA,13,13,0,0,VIOLATION
Tasmac,"P263+H3Q, Karur",10.7114643,78.00272489999999,https://www.google.com/maps/place/?q=place_id:ChIJ5cYbmSQfqjsRHVyhibHFk3c,63,62,1,0,VIOLATION
TASMAC,"Q5VV+MCM, Unnamed Road, Kaniyalampatty, Manjanaickenpatti",10.7941292,78.19353679999999,https://www.google.com/maps/place/?q=place_id:ChIJES8fU_E9qjsRMat7mApx_aA,2,2,0,0,VIOLATION
Tasmac,"P764+5Q5, Unnamed Road, Tharagampatti",10.7103881,78.2569879,https://www.google.com/maps/place/?q=place_id:ChIJl1cfS9YVqjsRhX4zUsNzbS0,3,3,0,0,VIOLATION
Wine shop,"P4PQ+29, Karungal",10.7350952,78.13837989999999,https://www.google.com/maps/place/?q=place_id:ChIJl0Jcg04XqjsR1j3gry29Uto,20,20,0,0,VIOLATION
TASMAC,"PPHG+X4C, Anna Nagar - Tiruchy IT Park Rd, Gundur",10.7299583,78.72525440000001,https://www.google.com/maps/place/?q=place_id:ChIJz6asgbGLqjsRGWvXca_dxXE,49,49,0,0,VIOLATION
Tasmac wine shop,"PRVM+4P3, Trichy - Tanjore Rd",10.7427551,78.8342977,https://www.google.com/maps/place/?q=place_id:ChIJlWqzn1CNqjsR6E_QCDs8xYo,23,23,0,0,VIOLATION
Tasmac Wine ShopKamaraj Nagar,"7, Wireless Rd, Vasantha Nagar, Thendral Nagar, Tiruchirappalli",10.7544634,78.69691929999999,https://www.google.com/maps/place/?q=place_id:ChIJn-ABnN6KqjsRJErk5vali4M,86,79,7,0,VIOLATION
Tasmac wine shop,"QRR8+MW4, thondaimaan patty road, Tiruchirappalli",10.7916503,78.81731460000002,https://www.google.com/maps/place/?q=place_id:ChIJMfQ1C7vzqjsRFQpDpRlh62I,1,1,0,0,VIOLATION
Tasmac,"45, New Golden Nagar Rd, near Raja Nursery Garden, Thirunagar, Tiruchirappalli",10.7724788,78.7037381,https://www.google.com/maps/place/?q=place_id:ChIJqy1K1NeLqjsRLbLLolKFvC4,62,61,1,0,VIOLATION
Tasmac,"PV6M+7J2, Pudukudi to Sengalur Rd, Sengalur",10.7106332,78.8840216,https://www.google.com/maps/place/?q=place_id:ChIJ8-1CCBSTqjsRkR-sZyTUNWs,3,3,0,0,VIOLATION
Thuvakkudi Tasmac Godown,"QR46+P7C, Tiruchirappalli",10.7568296,78.8106284,https://www.google.com/maps/place/?q=place_id:ChIJzfiubkmNqjsRC5hqwpZX4eU,63,60,3,0,VIOLATION
TASMAC,"Shop No, Ponmalaipatti, Adaikala Annai Nagar, Thirunagar, Kilakurichy, Tiruchirappalli",10.780103,78.7217117,https://www.google.com/maps/place/?q=place_id:ChIJazQjccn0qjsRzs7IRRKWUTI,78,68,10,0,VIOLATION
Wine shop thatchankurichi,"MXJC+4FQ, Achampatti",10.6803404,78.9712331,https://www.google.com/maps/place/?q=place_id:ChIJYwzz6ryXqjsR-5qHKlwK2_I,2,2,0,0,VIOLATION
TASMAC,"29 east coast road 611111, Velankanni",10.6818075,79.8330015,https://www.google.com/maps/place/?q=place_id:ChIJK0Kx5wJvVToRlZhCdvR5D_k,63,61,1,1,VIOLATION
TASMAC,"MR9P+C5J, Prathabaramapuram",10.6685897,79.8353963,https://www.google.com/maps/place/?q=place_id:ChIJdxn_AApvVToRSAiDTJzjHIQ,35,35,0,0,VIOLATION
TASMAC,"JRP5+RHR, Thirupoondi",10.6371144,79.8088836,https://www.google.com/maps/place/?q=place_id:ChIJ8_LhW35pVToRKSazrhZZ2XU,20,20,0,0,VIOLATION
Tasmac,"MR8G+4P9, Kilvelur",10.665293,79.826866,https://www.google.com/maps/place/?q=place_id:ChIJAal9tsFpVToRv_emPgOeeNs,8,8,0,0,VIOLATION
Tasmac,Erul Neeki,10.6444647,79.58700019999999,https://www.google.com/maps/place/?q=place_id:ChIJlXsu6z5FVToRm35207jIzGE,32,32,0,0,VIOLATION
Tasmac,"MC8X+RFX, Mela Raja Veedhi, Mannargudi",10.667087,79.44874539999999,https://www.google.com/maps/place/?q=place_id:ChIJjbWkRDVMVToR-HLgAqBd2T0,100,87,12,1,VIOLATION
Tasmac,"HCXG+RHF, Ullikottai",10.599555,79.4264068,https://www.google.com/maps/place/?q=place_id:ChIJiY7QEWBSVToR06D9orCNP_w,17,17,0,0,VIOLATION
Tasmac,"JF33+WH, Kannarappettai",10.6048513,79.45389949999999,https://www.google.com/maps/place/?q=place_id:ChIJqxFgULFTVToR8cIJekQpdRg,11,11,0,0,VIOLATION
Tasmac,"HFP7+P6, Painganadu",10.5867582,79.4630482,https://www.google.com/maps/place/?q=place_id:ChIJeRA-_XdTVToRWWDOnLdNGJY,11,11,0,0,VIOLATION
Tasmac,"MG2P+X9C, Thiruvarur",10.6524331,79.5358799,https://www.google.com/maps/place/?q=place_id:ChIJxYczK_lPVToRszse0ua36GY,3,3,0,0,VIOLATION
Tasmac,"122, Kottur Road, Alagappa Colony, Pollachi",10.648177,77.0073815,https://www.google.com/maps/place/?q=place_id:ChIJNzx9ODA5qDsRC3ioK1EQfWs,75,73,2,0,VIOLATION
SPEED BAR AND RESTAURANT,"SPEED RECREATION CLUB, Ar, Chinnampalayam",10.6556328,77.0257917,https://www.google.com/maps/place/?q=place_id:ChIJ_YmHQpo3qDsRb584WgnggO8,64,63,1,0,VIOLATION
TASMAC,"M7PM+59R, Gudimangalam",10.6855173,77.2833926,https://www.google.com/maps/place/?q=place_id:ChIJa0ZdafnLqTsRCxZ_TGLsbac,61,61,0,0,VIOLATION
Tasmac,"M3V3+V7J, Vellalapalayam, Thoppampatti",10.6947244,77.0531385,https://www.google.com/maps/place/?q=place_id:ChIJK4D3tcw3qDsRVhQelxLEsmc,16,16,0,0,VIOLATION
Tasmac,"PGM9+38F, Chenniappa Nagar, Dharapuram South, Dharapuram",10.7326909,77.5183246,https://www.google.com/maps/place/?q=place_id:ChIJ_Y2vNR6_qTsRdGAGhNsFFI8,79,72,6,1,VIOLATION
TASMAC,"PHV2+FXQ, Dharapuram",10.7430517,77.55354369999999,https://www.google.com/maps/place/?q=place_id:ChIJydLrg06_qTsRjlyRtpa2m8E,9,9,0,0,VIOLATION
Tasmac Bar,"PFH6+WC, Govindhapuram",10.7298149,77.46100779999999,https://www.google.com/maps/place/?q=place_id:ChIJf2slwrC5qTsRYuKvohPregw,12,12,0,0,VIOLATION
Tasmac Shop,"MGV9+395, Chettichatram",10.692628,78.5184821,https://www.google.com/maps/place/?q=place_id:ChIJ5YV_5lpnqjsRCdE24we0Vts,62,62,0,0,VIOLATION
Tasmac,"QHFC+2GV, Ariyavoor-Ukkadaiariyavoor",10.7726263,78.5713335,https://www.google.com/maps/place/?q=place_id:ChIJ0_dzXAFeqjsRVwzvVljpsbY,60,60,0,0,VIOLATION
Tasmac,"R48X+WFJ, Coimbatore",10.8173437,77.1486381,https://www.google.com/maps/place/?q=place_id:ChIJH6QcsmJNqDsRvqdepp3M4Ck,28,28,0,0,VIOLATION
Tasmac,"VCJ5+VCC, Unnamed Road, Kundadam",10.8821821,77.4085233,https://www.google.com/maps/place/?q=place_id:ChIJGdQb3di7qTsRL60zZbC7GCg,8,8,0,0,VIOLATION
Tasmac,"R7VH+J79, Jallipatti",10.8440351,77.2782295,https://www.google.com/maps/place/?q=place_id:ChIJkxNEuIWzqTsR-0L_fMFdUgM,33,33,0,0,VIOLATION
Wine Shop,"V57H+8WW, Varapatti",10.8633513,77.1798338,https://www.google.com/maps/place/?q=place_id:ChIJq3FGdzlNqDsRZk17eYmmbxA,13,13,0,0,VIOLATION
TASMAC,"VV3J+MQ6, Akilandapuram",10.8541484,77.88184749999999,https://www.google.com/maps/place/?q=place_id:ChIJXWJWuwqJqTsRBMWy__8aXHg,8,8,0,0,VIOLATION
Tasmac,VPCC+P47,10.8717506,77.72027229999999,https://www.google.com/maps/place/?q=place_id:ChIJ21-HW4KRqTsRnNN3a1IXScA,4,4,0,0,VIOLATION
tasmac டாஸ்மாக்,"RP58+H5, Tattaravalasu",10.8089802,77.71544949999999,https://www.google.com/maps/place/?q=place_id:ChIJn7LGtFaTqTsRWxihGkQWCC8,10,10,0,0,VIOLATION
TASMAC,"Bus Stand, Thanjavur New, New Bus Stand Rd, AVP Azhagammal Nagar, Thanjavur",10.748994,79.1129941,https://www.google.com/maps/place/?q=place_id:ChIJK140ih65qjsRARkq0GA6xc8,86,67,14,5,VIOLATION
TASMAC,"Q4FC+MP3, Medical College Rd, N S C Bose Nagar, Ramani Nagar, Thanjavur",10.7741607,79.1217944,https://www.google.com/maps/place/?q=place_id:ChIJN3dGNzm5qjsR8074viHJ6hk,75,70,5,0,VIOLATION
Govt Tasmac,"P3X7+33V, Thanjavur",10.7477303,79.0626322,https://www.google.com/maps/place/?q=place_id:ChIJPdGHO5e_qjsR5oXixkoERuQ,1,1,0,0,VIOLATION
TASMAC Godown,"P4RP+45M, Thanjavur",10.7402614,79.1354035,https://www.google.com/maps/place/?q=place_id:ChIJP2V3Chm5qjsRs9HP5qSU7rE,61,60,1,0,VIOLATION
Wine Shop,"P2JX+FX4, Vallam, Vallam Pudursethi",10.7311398,79.0499538,https://www.google.com/maps/place/?q=place_id:ChIJffyc5nm_qjsRjTAO1do_Gsc,6,6,0,0,VIOLATION
Tasmac,"W88M+HPP, Unnamed Road, Chinthalavadi",10.916427,78.3343189,https://www.google.com/maps/place/?q=place_id:ChIJh1iBGXhHqjsRzqiKrvYBkFc,5,5,0,0,VIOLATION
Tasmack,"V6FX+JHH, Sengal",10.8740604,78.2489981,https://www.google.com/maps/place/?q=place_id:ChIJGeP6YAA5qjsR76gJnBb-ShA,8,8,0,0,VIOLATION
TASMAC Karungalpatti,"VF2M+X4P, Inungur",10.8523728,78.4828176,https://www.google.com/maps/place/?q=place_id:ChIJ-VN2ry1dqjsRqA7lKiu8c4s,4,4,0,0,VIOLATION
TASMAC,"P243+P4R, Kavilipalayam",10.7068523,77.00274089999999,https://www.google.com/maps/place/?q=place_id:ChIJY78okfhHqDsR8TL5ZJ2K4Co,13,13,0,0,VIOLATION
TASMAC,"PXPJ+VXG, MDR166, Vadakkipalayam",10.7371433,76.98244660000002,https://www.google.com/maps/place/?q=place_id:ChIJj_IoPCpHqDsR--iV2faezRM,63,63,0,0,VIOLATION
Tasmac 2289,"PXWQ+5P5, Vadakkipalayam - Kinathukadavu Rd",10.7453941,76.98935569999999,https://www.google.com/maps/place/?q=place_id:ChIJjS_CF5tHqDsRZPHmAGkj4IA,11,11,0,0,VIOLATION
Tasmac,"MQPC+C4G, Sembiyamahadevi",10.6860628,79.77031989999999,https://www.google.com/maps/place/?q=place_id:ChIJNc6xAjNpVToRsJI7PNXYh1s,10,10,0,0,VIOLATION
Tasmac,"PMQ7+C4G, Thiruvarur",10.7385739,79.6628231,https://www.google.com/maps/place/?q=place_id:ChIJUw8z081BVToR_c6CfVRgUsU,8,8,0,0,VIOLATION
Tasmac,"Er Mani Street, Bus Stop, Kamalapuram To Mangudi Rd, Vengaramberaiyur",10.7369687,79.5755405,https://www.google.com/maps/place/?q=place_id:ChIJV8WMmbpHVToRK_QkvIgUCgY,55,55,0,0,VIOLATION
Government tasmac,"QPCQ+CW2, Aniamangalam - Vadakkuveli - Kizha Velur Rd, Vadakkuveli",10.7710199,79.73977789999999,https://www.google.com/maps/place/?q=place_id:ChIJ2Rl_GZVBVToRKbb9qLLIkfg,75,74,1,0,VIOLATION
Tasmac,"QHQW+529, Thanjavur - Nagapattinam Rd, Agarathirunallur",10.7879199,79.5951091,https://www.google.com/maps/place/?q=place_id:ChIJs9q1xdZHVToR0F3CaZOXvtM,9,9,0,0,VIOLATION
Wine shop,"45, VRM Rd, near Thiruvarur, Old Junction, Santhamangalam, Vijayapuram, Thiruvarur",10.7653847,79.6371367,https://www.google.com/maps/place/?q=place_id:ChIJM9pRPohHVToRHyAphxID1go,104,99,3,2,VIOLATION
Wine shop TASMAC,"QM6V+JR, Semangalam",10.7615694,79.69458399999999,https://www.google.com/maps/place/?q=place_id:ChIJoUOF2mdBVToRdG38hrNsR5c,8,8,0,0,VIOLATION
Wine shop,"MJMW+R4M, MDR609, Chithraiyur",10.6845601,79.6452948,https://www.google.com/maps/place/?q=place_id:ChIJDQ_jCE5FVToR25wyq8IASdU,42,42,0,0,VIOLATION
KSBC liquor shop,"Door No: XIV / 968 & 969, Kalarickal Building, Prathiba Nagar, Kalmandapam, Palakkad",10.765791,76.6761854,https://www.google.com/maps/place/?q=place_id:ChIJC_vj_gJtqDsRzfku0DfuznI,63,62,1,0,VIOLATION
Beverages corporation,"Mangalam Towers, Near, Town Bus Stand Rd, Valakkad, Palakkad",10.7717441,76.6512905,https://www.google.com/maps/place/?q=place_id:ChIJUSYPjoBtqDsRLV5DtyncyU4,86,76,8,2,VIOLATION
Kairali Bar and Restaurant,"QMF7+F6H, Stadium Rd, Sheshadri Nagar, Koppam, Palakkad",10.7736956,76.6630998,https://www.google.com/maps/place/?q=place_id:ChIJ91Aji4xtqDsR4hvNf53Jvjk,85,78,7,0,VIOLATION
Tasmac,"MWR7+G33, Palakkad - Pollachi Rd, Mannur",10.6912358,76.91265779999999,https://www.google.com/maps/place/?q=place_id:ChIJh51AtT0_qDsRnA5oMzBIXS0,59,59,0,0,VIOLATION
TASMAC Kinathukadavu,"R2GC+5G7, Kinathukadavu",10.825392,77.0212883,https://www.google.com/maps/place/?q=place_id:ChIJKRyagmVPqDsR_dNE7cGFZhE,74,70,2,2,VIOLATION
Tasmac,"WX2Q+R9M, Malumichampatti",10.9020895,76.98840679999999,https://www.google.com/maps/place/?q=place_id:ChIJ3egcmr9aqDsRMu0Zod3Xm_E,58,58,0,0,VIOLATION
TASMAC,"W26G+MFV, Golf Club Rd, Chettipalayam",10.9117258,77.0261591,https://www.google.com/maps/place/?q=place_id:ChIJFdZhnM5RqDsR8fFvAVbziS4,15,15,0,0,VIOLATION
TASMAC,"RX7V+CC, Bhagavathipalayam, Kinathukadavu",10.813597,76.9935283,https://www.google.com/maps/place/?q=place_id:ChIJ4WlwFyBFqDsRS-mC-0XGoso,14,14,0,0,VIOLATION
TASMAC,"R27C+6X, Periyar Nagar, Kinathukadavu",10.8130519,77.0224652,https://www.google.com/maps/place/?q=place_id:ChIJu2moFuNPqDsR-tSC6GhTSQI,19,19,0,0,VIOLATION
Tasmac elite,"QM6J+FW4, LIC Colony, K K Nagar, Tiruchirappalli",10.7611276,78.68231860000002,https://www.google.com/maps/place/?q=place_id:ChIJm81eJHqLqjsRjimWJvmxl4Y,79,71,8,0,VIOLATION
TASMAC,"PJ6Q+589, Kunnathur",10.7104333,78.63836239999999,https://www.google.com/maps/place/?q=place_id:ChIJ1YEajeZhqjsR_jqqiP4j8Yc,39,39,0,0,VIOLATION
TASMAC,"PJ4G+2V3, Nagamangalam",10.7050179,78.62717,https://www.google.com/maps/place/?q=place_id:ChIJpxWlwPVhqjsRf10WC9xP7RA,58,58,0,0,VIOLATION
Tasmac Wine Shop,"QMXJ+8R8, McDonalds Rd, near Hotel Annamalai, Melapudur, Sangillyandapuram, Tiruchirappalli",10.7982766,78.6820846,https://www.google.com/maps/place/?q=place_id:ChIJvQsJ9BT1qjsRueFcSc9zymU,98,78,9,11,VIOLATION
TASMAC Paalpannai Karumandapam,"QMR6+4Q5, Karumandapam, Tiruchirappalli",10.7902732,78.6619997,https://www.google.com/maps/place/?q=place_id:ChIJzVojhV71qjsRPtclyspWYMo,69,65,4,0,VIOLATION
Tasmac (Wine Shop / Bar),"138 Near Daily Thanthi, Junction, Bharathiyar Salai, Sangillyandapuram, Tiruchirappalli",10.7962297,78.6842956,https://www.google.com/maps/place/?q=place_id:ChIJxa6fxcv1qjsR7t4y8SP9xX0,100,83,7,10,VIOLATION
Tasmac Wine Shop Asath Nagar,"QM7M+P35, Sathanur Main Rd, Ayyappa Nagar, K K Nagar, Tiruchirappalli",10.764274,78.682732,https://www.google.com/maps/place/?q=place_id:ChIJPf2tBsmKqjsR1M4W7lzCTpk,86,75,11,0,VIOLATION
TASMAC 235,"6, Voc Rd, Cantonment, Tiruchirappalli",10.7967257,78.6808387,https://www.google.com/maps/place/?q=place_id:ChIJkTfYIBX1qjsRn7w75XHJfIY,100,80,9,11,VIOLATION
Time pass Recreation Club ( Tasmac),"PJ8H+3CC, Dheeran Managar",10.7151799,78.6285213,https://www.google.com/maps/place/?q=place_id:ChIJW3BpTgBhqjsRT_B8vQM_4jM,64,64,0,0,VIOLATION
Tasmac Elite 10296,"136/57, Srinivasa Nagar Rd, Balan Nagar, Karumandapam, Tiruchirappalli, Kumaramangalam .",10.721109,78.6841072,https://www.google.com/maps/place/?q=place_id:ChIJg7kYOwCLqjsR_it0tq1V3es,60,59,1,0,VIOLATION
Marina Recreation club Tasmac,"near Oxina Hyundai showroom, Dheeran Nagar, Tiruchirappalli, Pirattiyur",10.7917021,78.65785819999999,https://www.google.com/maps/place/?q=place_id:ChIJI_bQLHH1qjsR_7wmTnLiO8Y,62,61,1,0,VIOLATION
Tasmac,"Ponnagar Extension, Karumandapam, Tiruchirappalli",10.7935087,78.6786784,https://www.google.com/maps/place/?q=place_id:ChIJQWiLEED1qjsRv5zBHAh4VLE,85,71,12,2,VIOLATION
wine Shop & Bar,"QMXM+P3V, Melapudur, Sangillyandapuram, Tiruchirappalli",10.7993661,78.68266729999999,https://www.google.com/maps/place/?q=place_id:ChIJ3ZPwGVv1qjsRWnkw5CDeYsY,106,81,14,11,VIOLATION
TASMAC,"VF32+F24, Kangayam Rd, Kundadam",10.8536397,77.4500745,https://www.google.com/maps/place/?q=place_id:ChIJz47KGRC7qTsRQT1_PtJgzeM,24,24,0,0,VIOLATION
TASMAC,"RJ4G+F46, Allithurai",10.8061485,78.6253174,https://www.google.com/maps/place/?q=place_id:ChIJ8e1mB6VfqjsRbdJMbHESh34,72,71,1,0,VIOLATION
Tasmac,"WJ35+X7C, Sirukambur",10.9049378,78.60815199999999,https://www.google.com/maps/place/?q=place_id:ChIJIf5RFYNZqjsRwgt7jPeESf8,62,61,1,0,VIOLATION
Tasmac Wine Shop,"RJV5+455, Kulumani Main Rd, Tiruchirappalli, Mullikarumbur",10.8427647,78.6079918,https://www.google.com/maps/place/?q=place_id:ChIJEef-tFdfqjsRUDfH1mIEBPo,19,19,0,0,VIOLATION
Tasmac Posampatti,"QHXF+XV2, Viyalanmedu",10.7999056,78.5745639,https://www.google.com/maps/place/?q=place_id:ChIJDwJpX3BeqjsRZpq50r3tBpQ,39,39,0,0,VIOLATION
TASMAC,"QGVG+8V3, CMDA Tower-II, IV Floor, Gandhi Irwin Bridge Road, Egmore, Chennai",10.7932783,78.52709039999999,https://www.google.com/maps/place/?q=place_id:ChIJaRsx76NdqjsRa__PAgafXCs,21,21,0,0,VIOLATION
Tasmac,"Q7QF+496, Thanjavur",10.7877846,79.273344,https://www.google.com/maps/place/?q=place_id:ChIJQ7__TMK3qjsRfi4OuSDrl5M,39,39,0,0,VIOLATION
Koradachery Tasmac 9661,"QFCR+6W2, Thanjai to Nagai Salai, Dt, Koradacheri",10.7705044,79.4922487,https://www.google.com/maps/place/?q=place_id:ChIJhUEiH4lJVToRWJYZZzyPZAc,75,72,2,1,VIOLATION
Aathanoor Tasmac 9768,"Q9HG+9M, Adhanur",10.7784698,79.3766382,https://www.google.com/maps/place/?q=place_id:ChIJoXgy2K61qjsRbQckDDoMBYo,5,5,0,0,VIOLATION
Pacha kulam TASMAC,"PFXF+8Q3, Needamangalam",10.7482533,79.4744248,https://www.google.com/maps/place/?q=place_id:ChIJZ8XzGwBJVToROSTgdbrCFEU,1,1,0,0,VIOLATION
Wine shop,"P8QR+FGH, Pullavarayankudikadu, Arundavapuram II",10.7386813,79.3413669,https://www.google.com/maps/place/?q=place_id:ChIJE2eb8Ve1qjsRansd3mwOx2Q,1,1,0,0,VIOLATION
Wine shop,"3/414, South West Street, Eda-Melaiyur",10.6988838,79.3614255,https://www.google.com/maps/place/?q=place_id:ChIJOalTV9GzqjsR5tP3bAeQWVk,38,38,0,0,VIOLATION
TASMAC,"VRF9+J7H, Akilandeshwari Nagar, Lalgudi",10.8740509,78.81823709999999,https://www.google.com/maps/place/?q=place_id:ChIJ92_u5njxqjsRdfbDPr61yec,96,86,9,1,VIOLATION
TASMAC,"WR4J+8JG, Siruganur, Road, Puvalur",10.9058128,78.8315961,https://www.google.com/maps/place/?q=place_id:ChIJLX4vpVHxqjsRYHC0kIQpldw,1,1,0,0,VIOLATION
wine shop,"RX4H+3PM, Unnamed Road, Budalur",10.8052057,78.97931109999999,https://www.google.com/maps/place/?q=place_id:ChIJ06jst37rqjsRCoEwxDlv3E8,1,1,0,0,VIOLATION
Government tasmac,"Q46R+X28, Philomina Nagar, Thanjavur",10.7624246,79.14006429999999,https://www.google.com/maps/place/?q=place_id:ChIJhSXK5ua5qjsRkP_CD78g4QI,81,71,10,0,VIOLATION
Tasmac,"M6R7+RC9, Kattukuruchi",10.6920541,79.21365709999999,https://www.google.com/maps/place/?q=place_id:ChIJrT7oPPOxqjsRJnxM4LZ-zLc,9,9,0,0,VIOLATION
Tasmac,"Thurayur, Kattukuruchi",10.7011578,79.2102982,https://www.google.com/maps/place/?q=place_id:ChIJmWQKaL6xqjsRZmHjt9I61Ug,20,20,0,0,VIOLATION
TASMAC,"Q4XQ+Q7Q, Thanjavur - Kumbakonam Main Rd, South Rampart, Thanjavur",10.7994564,79.1382086,https://www.google.com/maps/place/?q=place_id:ChIJZ-TQ_mXHqjsRbqK_9r1CROE,98,95,2,1,VIOLATION
TASMAC Bar,"2895, Graham Nagar, Shivaji Nagar, Thanjavur",10.7763885,79.1423719,https://www.google.com/maps/place/?q=place_id:ChIJFa01Ma25qjsRXzfQoVRmRto,88,79,7,2,VIOLATION
Muthu Kumara Moopanar Government Tasmac Wine Shop,"Q4HR+XJ9, Graham Nagar, Shivaji Nagar, Thanjavur",10.7799078,79.14160729999999,https://www.google.com/maps/place/?q=place_id:ChIJNeT95Jq4qjsR-duZox25SjI,83,80,1,2,VIOLATION
Tasmac,"XM3R+6W8, Vellakovil Rd",10.9530431,77.6922969,https://www.google.com/maps/place/?q=place_id:ChIJJZgnxVOaqTsRd4KTxv9OKQg,23,23,0,0,VIOLATION
Tasmac,"WRRJ+6PM, Thennilai South",10.940579,77.8318005,https://www.google.com/maps/place/?q=place_id:ChIJicgwJVCFqTsRPssN2ZZ4Pes,5,5,0,0,VIOLATION
Tasmac,"XQWJ+RGJ, Unnamed Road, Monjanur West",10.9971158,77.7812768,https://www.google.com/maps/place/?q=place_id:ChIJWx-3n72FqTsRpJ65XLqYawk,6,6,0,0,VIOLATION
Tasmac Depot,"XJP6+W72, Bagavathipalayam Road, Bagavathipalayam",10.9872535,77.61065239999999,https://www.google.com/maps/place/?q=place_id:ChIJHStlH7uZqTsRqq22SS6Hj_A,17,17,0,0,VIOLATION
Wine Shop,"WPX3+67Q, Vellakoil",10.9481509,77.7031617,https://www.google.com/maps/place/?q=place_id:ChIJhcA1z0ebqTsR_XSnDrgbrMc,66,64,2,0,VIOLATION
Tasmac Wine Shop,"XW48+5WP, K. Paramathi",10.9554674,77.9173153,https://www.google.com/maps/place/?q=place_id:ChIJC8kSVNqHqTsRgwsC_PiJj0U,11,11,0,0,VIOLATION
Tasmac,WWX4+G27,10.9487803,77.90505189999999,https://www.google.com/maps/place/?q=place_id:ChIJg8tiJk6HqTsRXnopJHcutjE,3,3,0,0,VIOLATION
TASMAC,"RCF4+G2X, Thiruvarur, Alangudi",10.8238691,79.4051237,https://www.google.com/maps/place/?q=place_id:ChIJU5P9sBU1VToRYcvVru8sgR4,14,14,0,0,VIOLATION
TASMAC Bar,"VCV2+228, SH 66, Valangaiman",10.8925321,79.4000629,https://www.google.com/maps/place/?q=place_id:ChIJuwCLdVwzVToRy7SJlwgTnPs,60,60,0,0,VIOLATION
TASMAC Wine Shop,"V8W9+7J8, Eri",10.8956606,79.3190776,https://www.google.com/maps/place/?q=place_id:ChIJRYqcQYLNqjsR_pG1R3x_2XM,8,8,0,0,VIOLATION
Tasmac,"W52Q+8CF, Ayyampettai",10.9008236,79.18855769999999,https://www.google.com/maps/place/?q=place_id:ChIJ0XDL-abFqjsRyAEvy2pXJQg,68,63,3,2,VIOLATION
Tasmac thirucherai,"VFH2+PVM, Thirucherai",10.8793256,79.4521572,https://www.google.com/maps/place/?q=place_id:ChIJnxzDhag1VToR_W0PH7ufyA4,68,65,3,0,VIOLATION
TASMAC,"VC42+4R4, Padagacheri",10.8552594,79.40207769999999,https://www.google.com/maps/place/?q=place_id:ChIJbZvIkMI0VToRpMDsK7ZgPK4,2,2,0,0,VIOLATION
Government Tasmack,"V5PF+MP7, Thanjavur",10.8866631,79.1742876,https://www.google.com/maps/place/?q=place_id:ChIJX-Rrh-jFqjsR2Jiahb0AhHY,35,35,0,0,VIOLATION
TASMAK Wine Shop,"R9CX+GX, Pulavarnatham",10.8212774,79.3998986,https://www.google.com/maps/place/?q=place_id:ChIJVRT3rlg1VToRxnzUBU7ewHE,2,2,0,0,VIOLATION
Tasmac,"VV44+CH8, Mavuthampathi",10.8560378,76.8564549,https://www.google.com/maps/place/?q=place_id:ChIJjcLmBV1DqDsRkEA0DJkjj2c,26,26,0,0,VIOLATION
Tasmac Bar Wine Shop,"VWM7+37V, Nagapattinam - Coimbatore - Gundlupet Hwy, Kollupuram, Sukrawar Pettai, R.S. Puram, Coimbatore",10.8827467,76.91316499999999,https://www.google.com/maps/place/?q=place_id:ChIJQXGyoeZdqDsRuUQTcdweCO4,60,59,0,1,VIOLATION
Tasmac,"WX37+4V2, Madukkarai",10.9028239,76.965924,https://www.google.com/maps/place/?q=place_id:ChIJtwxD1slbqDsR7klfRJuiJis,69,66,1,2,VIOLATION
Tasmac Bar,"VX85+QJC, Nachipalayam Rd",10.8669365,76.9590184,https://www.google.com/maps/place/?q=place_id:ChIJOU6OPj5FqDsRkw7bYmSzzh8,12,12,0,0,VIOLATION
Tasmac,"VH5F+6JP, Srivanchiyam - Manakkal Rd, Veedividangan, Paruthiyur",10.8580987,79.5740725,https://www.google.com/maps/place/?q=place_id:ChIJE5nM_cg5VToR9KnhLPdhDC0,12,12,0,0,VIOLATION
Wine Shop TASMAC,"RMFR+JRC, Vaipur",10.8240505,79.6920414,https://www.google.com/maps/place/?q=place_id:ChIJMWEh_p8_VToRpMgJPPCalNA,4,4,0,0,VIOLATION
Tasmac kangalancheri,"RJ8P+F86, Surakkudi",10.8161843,79.6357647,https://www.google.com/maps/place/?q=place_id:ChIJb3ivqes5VToRmQ0MoxEUvfg,59,59,0,0,VIOLATION
Tasmac,"WF5P+F8, Kothangudi",10.9086672,79.48586499999999,https://www.google.com/maps/place/?q=place_id:ChIJGd-YdzAxVToR5XQ4InwqNVc,24,24,0,0,VIOLATION
Tasmac,"247M+G92, Sulur",11.0137543,77.13338619999999,https://www.google.com/maps/place/?q=place_id:ChIJGVp_0NJVqDsR8nWGE7X_5AA,62,61,1,0,VIOLATION
TASMAC,"27HW+3JM, Naranapuram",11.0277218,77.2965358,https://www.google.com/maps/place/?q=place_id:ChIJba6ydHipqTsR0NuIVOtCfOk,26,26,0,0,VIOLATION
Tasmac,"23HF+93J, Irugur",11.0284603,77.0727306,https://www.google.com/maps/place/?q=place_id:ChIJ62JXQVtWqDsRn3rLcO2LwmM,59,58,0,1,VIOLATION
Tasmac,"24FP+WVV, Unnamed Road, Trichy Rd, Sagaya Annai Nagar, Sulur",11.0248609,77.13717559999999,https://www.google.com/maps/place/?q=place_id:ChIJ1THN8C5VqDsRtDAvqzXBsV0,70,64,4,2,VIOLATION
Tasmac,"2852+9JR, Goundampalayam",11.0084715,77.30156319999999,https://www.google.com/maps/place/?q=place_id:ChIJcV63nU6pqTsRDc8FOEyywnk,62,60,2,0,VIOLATION
TASMAC,"X7MW+JJ5, Tiruppur",10.9840111,77.2966084,https://www.google.com/maps/place/?q=place_id:ChIJS-C8LCqpqTsRRwL4iFBCcuU,24,24,0,0,VIOLATION
Tasmac,"X656+XFQ, Kasba Ayyampalayam",10.9599784,77.2111821,https://www.google.com/maps/place/?q=place_id:ChIJ-SBFsbisqTsROmvr0KV2cEc,21,21,0,0,VIOLATION
Tasmac wine shop,"23H8+37J, Irugur",11.0277134,77.0657248,https://www.google.com/maps/place/?q=place_id:ChIJhWiSUX1XqDsREEEF5U9t4Xw,58,58,0,0,VIOLATION
TASMAC BAR,"259R+M7X, Kodangipalayam",11.0192489,77.1907256,https://www.google.com/maps/place/?q=place_id:ChIJFdZ41y5VqDsRJAB5KMDnevQ,14,14,0,0,VIOLATION
Tasmac Elavanthi,"W8FF+7HX, Velarasikallipalayam",10.9232377,77.3240172,https://www.google.com/maps/place/?q=place_id:ChIJn4l1CYWvqTsRy48muKhunbA,9,9,0,0,VIOLATION
Tasmac,"X3X5+RGJ, Kamban Nagar, Ondipudur, Coimbatore",10.9995875,77.05876429999999,https://www.google.com/maps/place/?q=place_id:ChIJQS6I3CFXqDsRdiuVUrXETAY,69,65,2,2,VIOLATION
Tasmac wine shop,"3/212, Trichy Rd, Mullai Nagar, Palladam",10.9929063,77.2837533,https://www.google.com/maps/place/?q=place_id:ChIJ8z4-fXmrqTsR6T_IALzoFJ4,90,83,5,2,VIOLATION
Tasmac bar,"X7WR+789, Palladam",10.9956636,77.2908758,https://www.google.com/maps/place/?q=place_id:ChIJC1EBPlSpqTsRCwgo49FZcms,71,68,3,0,VIOLATION
Tasmac bar,"23JJ+J9, Athappagoundenpudur, Coimbatore",11.0315318,77.08115169999999,https://www.google.com/maps/place/?q=place_id:ChIJg_5h4MRXqDsRu3KsjgXBhN0,44,44,0,0,VIOLATION
Wine Shop And Bar ',"X8JR+HGC, Tiruppur",10.9814391,77.34127699999999,https://www.google.com/maps/place/?q=place_id:ChIJQyZVQYmvqTsRJShRmj78qkY,9,9,0,0,VIOLATION
Chinthamani Tasmac Elite shop,"RM7H+C3G, Aruna Nagar, Puthur, Bharthi Nagar, Tiruchirappalli",10.8135718,78.6776964,https://www.google.com/maps/place/?q=place_id:ChIJ7bhD4nT1qjsRjR6XujduakQ,120,102,18,0,VIOLATION
TASMAC,"31d, Manalvarithurai Rd, Sangliandapuram, Sangaliandalpuram, Tiruchirappalli",10.8005961,78.7063886,https://www.google.com/maps/place/?q=place_id:ChIJx8zI7CX1qjsR_xvoDkDXEd0,87,81,6,0,VIOLATION
TASMAC,"VPF4+XWR, No 1 Tollgate, Bikshandarkoil",10.8749824,78.7072645,https://www.google.com/maps/place/?q=place_id:ChIJSSNns4j2qjsREr98sj02-1A,89,70,12,7,VIOLATION
Tasmac,"RM8H+67F, Bishop Rd, Tennur, Tiruchirappalli",10.8155737,78.6781749,https://www.google.com/maps/place/?q=place_id:ChIJHy10QnX1qjsRY3exQH6RPhk,139,118,21,0,VIOLATION
Tasmac/Bar/wine shop,"NEXA Show Room, No.7, Sivaprakasam Salai, Near PL.A, Anna Nagar Main Road,, Hidayath Nagar, Anna Nagar, Tennur, Tiruchirappalli",10.8137371,78.6872557,https://www.google.com/maps/place/?q=place_id:ChIJE44GTD71qjsRHuSJ_eeyres,96,87,9,0,VIOLATION
TASMAC,"No. 44 Old palpannai Dindigul Madurai, 10, Service Rd, Ariyamangalam Area, Tiruchirappalli",10.8110241,78.7124322,https://www.google.com/maps/place/?q=place_id:ChIJD5tz4O71qjsRS98FDrbIoo8,76,66,2,8,VIOLATION
Tasmac wine shop,"20C, Tennur Rd Srinivasapuram, St Joseph College Area",10.8176256,78.6841699,https://www.google.com/maps/place/?q=place_id:ChIJXe1cxlD1qjsROdKBNefDf9I,135,106,29,0,VIOLATION
Tasmac / Wine Shop / Bar,"RM76+XQF, Ganapathy Nagar, Shanmuga Nagar, Tiruchirappalli, Sholanganallur",10.8149288,78.661929,https://www.google.com/maps/place/?q=place_id:ChIJm2K7Rpn1qjsRJ-o6ctx5nXQ,86,79,7,0,VIOLATION
Tasmac Bar,"Tharanallur, Tiruchirappalli",10.8177121,78.69253189999999,https://www.google.com/maps/place/?q=place_id:ChIJe7XVPKj1qjsRdkTHi9W5YO8,138,122,16,0,VIOLATION
TASMAC SRM OFFICE TRICHY,"RM2C+34M, Ponnagar Extension, Sangillyandapuram, Tiruchirappalli",10.8002063,78.670307,https://www.google.com/maps/place/?q=place_id:ChIJM__aceD1qjsRGfb0_X3KS84,66,62,4,0,VIOLATION
Tasmac Wine Shop Anna Nagar,"257, Wireless Rd, Anna Nagar, Tiruchirappalli",10.7588969,78.7049481,https://www.google.com/maps/place/?q=place_id:ChIJ-2-PASeLqjsRzdNjdvebEbQ,88,79,7,2,VIOLATION
TASMAC,"7, Babu Rd, Singarathope, Devathanam, Tiruchirappalli",10.8253735,78.7000365,https://www.google.com/maps/place/?q=place_id:ChIJjbFpT5n1qjsRwUmg__yVfVw,139,125,14,0,VIOLATION
TASMAC Bar,"Palakarai, Sangillyandapuram, Tiruchirappalli",10.8086522,78.69824679999999,https://www.google.com/maps/place/?q=place_id:ChIJCQm7CwP1qjsRy5_aJiZQFkU,147,129,17,1,VIOLATION
Tasmac wineshop,"X98J+RXV, Pongalur",10.9671212,77.3824066,https://www.google.com/maps/place/?q=place_id:ChIJZRxfgg2lqTsREiwsBC5BHW4,17,17,0,0,VIOLATION
Tasmac Bar,"XCFX+J47, Kandiankoil",10.9740816,77.4478003,https://www.google.com/maps/place/?q=place_id:ChIJXTmBBBakqTsRfF57lQk0nPI,14,14,0,0,VIOLATION
Tasmac Thirupur Rod,"2H55+5MH, Kangeyam",11.0079424,77.5592332,https://www.google.com/maps/place/?q=place_id:ChIJ5Vi3BWmhqTsR4Fqug65Uyqs,88,84,3,1,VIOLATION
TASMAC,"29HW+6J, Kuppuchipalayam",11.0282488,77.396549,https://www.google.com/maps/place/?q=place_id:ChIJk_h3tP-nqTsRL0nkuAJqbnE,20,20,0,0,VIOLATION
Tasmac Karur Rod,"XHQM+Q73, Tiruppur",10.9893841,77.5831828,https://www.google.com/maps/place/?q=place_id:ChIJp2RgDzCZqTsRJtBKJkKHIAM,28,28,0,0,VIOLATION
Tasmac Raja Hotel,"XHXF+82G, Kangeyam",10.9983003,77.5725843,https://www.google.com/maps/place/?q=place_id:ChIJzbZeXe-fqTsR3gl_Vcahg5Q,60,59,1,0,VIOLATION
Tasmac wineshop,"XC9G+HQP, Coimbatore Rd, Alagumalai",10.9693279,77.4257488,https://www.google.com/maps/place/?q=place_id:ChIJWVQCV0OlqTsREGQZT6mlnUk,63,61,2,0,VIOLATION
TASMAC WINE SHOP,"Bus Stand, 62, Pallivasal St Rd, Kattuputhur",10.996539,78.2190272,https://www.google.com/maps/place/?q=place_id:ChIJPXSVLMc2qjsRHX-GY2Ic4hI,84,80,4,0,VIOLATION
Tasmac Wineshop,"WCV7+97G, NH67, Kulithalai",10.943428,78.4131945,https://www.google.com/maps/place/?q=place_id:ChIJea9DolBPqjsRHAheUUe6-NU,73,69,3,1,VIOLATION
Tasmac,"W4QW+R83, Trichy - Karur Main Rd, Puliyur",10.9395895,78.1458261,https://www.google.com/maps/place/?q=place_id:ChIJfzABDGgxqjsRPbx_ifCPITY,70,70,0,0,VIOLATION
TASMAC Liquor Store,"X5WR+5RR, Agalapadhai, Sullipalayam, Kattuputhur",10.995484,78.1919765,https://www.google.com/maps/place/?q=place_id:ChIJxW5OnzcxqjsR7zd9Q1P3kcg,5,5,0,0,VIOLATION
TASMAC,Shop No,10.9915508,78.3393061,https://www.google.com/maps/place/?q=place_id:ChIJR3GI8QdJqjsRJhL6NxbZszI,67,66,1,0,VIOLATION
Tasmac,"W6QM+PCQ, Trichy - Karur Main Rd, Mayanur",10.9393257,78.2335966,https://www.google.com/maps/place/?q=place_id:ChIJT9Q2YVM3qjsR-D6uBMUK9Oc,17,17,0,0,VIOLATION
GOVERMENT TASMAC,"298Q+WFQ, Unnamed Road, Mullipadi",11.0173389,78.3887314,https://www.google.com/maps/place/?q=place_id:ChIJX3VC9HxPqjsRg_o1XbfV7sA,6,6,0,0,VIOLATION
TASMAC,Musiri,10.960635,78.4394749,https://www.google.com/maps/place/?q=place_id:ChIJocF-SZhPqjsReJ2theBYtyM,66,63,3,0,VIOLATION
TASMAC JEGAN HOME,"W8R9+5VG, Mahilipatti, Chinthalavadi",10.9404178,78.3197241,https://www.google.com/maps/place/?q=place_id:ChIJX-yMw9ZJqjsRqjdAyZgJqUk,18,18,0,0,VIOLATION
wine shop,"W9GC+JR, Karuppathur R.F.",10.9265727,78.3719387,https://www.google.com/maps/place/?q=place_id:ChIJVVoWxPpHqjsR06Tick-8KUU,8,8,0,0,VIOLATION
TASMAC,T.Puthur,11.0010976,78.53222079999999,https://www.google.com/maps/place/?q=place_id:ChIJLxn7HhBRqjsRk4SUe1nW4gE,60,60,0,0,VIOLATION
Tasmac,"11/5, Rani rajalakshmi nagar, Narasipuram Rd, Ambal Nagar, Narasipuram Rd, Ambal Nagar, Kulathuppalayam",10.9978624,76.8499351,https://www.google.com/maps/place/?q=place_id:ChIJZSTUCUheqDsRUq1HXQvrtMs,65,60,1,4,VIOLATION
Tasmac Bar,"XR79+437, Coimbatore",10.962781,76.81768029999999,https://www.google.com/maps/place/?q=place_id:ChIJCR2tLlNnqDsRhr6zt2qYx_g,65,61,0,4,VIOLATION
Tasmac Wine shop,"3RGQ+QH4, Anaikatti Rd, Mangarai",11.0769461,76.83896709999999,https://www.google.com/maps/place/?q=place_id:ChIJSba-BF71qDsRVWRLT4WfMsg,6,6,0,0,VIOLATION
TASMAC BAR,"Tamil Nadu 641108, India",11.0809407,76.8690788,https://www.google.com/maps/place/?q=place_id:ChIJQdKa0gv1qDsRBkAin6RyXPQ,75,66,3,6,VIOLATION
tasmac tanjore,"No 1, dhayal nagar, by-pass, Manakkarambai - Thirukkarugavur Rd, Rajandram",10.8263359,79.127138,https://www.google.com/maps/place/?q=place_id:ChIJJZlueg3HqjsRckXd5L9Lmio,15,15,0,0,VIOLATION
TASMAC,"XW34+2QR, Unnamed Road, Alambakkam, Pullambadi",10.9526135,78.9068874,https://www.google.com/maps/place/?q=place_id:ChIJOe1iOf_vqjsRo11mp7A0N5E,9,9,0,0,VIOLATION
TASMAC,"24M8+66J, Karuppur",11.0330942,79.11551659999999,https://www.google.com/maps/place/?q=place_id:ChIJ6805ypDbqjsRwd2cfh8sAfQ,4,4,0,0,VIOLATION
TASMAC,"604-51, Thirumanur",10.9390487,79.1068133,https://www.google.com/maps/place/?q=place_id:ChIJb2ir0d3DqjsRqKFfbR-CxsU,30,30,0,0,VIOLATION
Govt wines shop,"22H4+9H9, Railway Station Rd, Kallagam",11.0284219,79.00649899999999,https://www.google.com/maps/place/?q=place_id:ChIJZf3OGrjnqjsRlYkxTcQ5SHo,10,10,0,0,VIOLATION
TASMAC,"2V8P+CQF, Kurumbapalayam, Vedapatti, Coimbatore",11.016067,76.886888,https://www.google.com/maps/place/?q=place_id:ChIJr8c2HRxfqDsRxlCcSBwERlg,59,59,0,0,VIOLATION
TASMAC,"Chandrakala Nagar, Nagaraja Puram, Veerakeralam, Coimbatore",11.0043563,76.9108059,https://www.google.com/maps/place/?q=place_id:ChIJLaZWFNFeqDsR3KAwEux02D8,76,70,3,3,VIOLATION
Tasmac,"2V3C+F6C, MDR1040, Kalikkanaicken Palayam",11.0036786,76.8704906,https://www.google.com/maps/place/?q=place_id:ChIJhW3TIe1fqDsRDrt7niJwIXk,69,63,3,3,VIOLATION
Tasmac wineshop,"XVCM+RHX, Durga nagar, Kalampalayam, Thuruthipallam, Coimbatore",10.9721091,76.8840549,https://www.google.com/maps/place/?q=place_id:ChIJQWzSkWhfqDsR-MtTMSRrUho,59,58,0,1,VIOLATION
TASMAC,"9/1, Sundakkamuthur, Kuniyamuthur, Coimbatore",10.9648483,76.9315057,https://www.google.com/maps/place/?q=place_id:ChIJ2cFL5DFbqDsRbE1JYivECZk,40,40,0,0,VIOLATION
Tasmac Deluxe Bar A/C,"Velandipalayam, Road, Coimbatore",11.0280633,76.9327722,https://www.google.com/maps/place/?q=place_id:ChIJ1SiPpxBZqDsRK0cwl83EAmA,92,71,15,6,VIOLATION
TASMAC WINE SHOP,"Rajagopal Nagar, Coimbatore",11.0331098,76.9301462,https://www.google.com/maps/place/?q=place_id:ChIJC8pa58dYqDsR_Ct-sMLhiPg,78,69,5,4,VIOLATION
Tasmac -Elite,"2X7P+J3W, Bharathiyar Rd, Pappanaickenpalayam, Coimbatore",11.0141011,76.9852094,https://www.google.com/maps/place/?q=place_id:ChIJD_nhrr9ZqDsRZH7PtwB6xpk,115,85,16,14,VIOLATION
TASMAC,"2, Subbakonar St, Masakalipalayam, Ram Lakshman Nagar, Masakali Palayam, Coimbatore",11.0135557,77.0125635,https://www.google.com/maps/place/?q=place_id:ChIJjdsjsn9XqDsRdp6njMPtmrU,81,71,8,2,VIOLATION
Tasmac Bar,"2X45+65V, V.C.V Layout, Near to United Traders, Poo Market, VCV Rd, Kaderpet, Coimbatore",11.0056242,76.9579542,https://www.google.com/maps/place/?q=place_id:ChIJ0QAoeQNZqDsRIVQ7PjYN_IY,124,94,21,9,VIOLATION
TASMAC,"X2QM+F87, ELGI Nagar, Coimbatore, Vellalore",10.988622,77.0333141,https://www.google.com/maps/place/?q=place_id:ChIJjTtBVkdXqDsRw2asA3_61zI,73,67,2,4,VIOLATION
Elite Tasmac,"2X88+6WG, Nehru St, Ram Nagar, Coimbatore",11.015473,76.96733569999999,https://www.google.com/maps/place/?q=place_id:ChIJw8KizwdZqDsRFNkiBO4zXsY,145,93,35,17,VIOLATION
Govt Tasmac,"7, Alagesan Rd, Nesavaalar Colony, Saibaba Colony, Coimbatore",11.0231052,76.9510888,https://www.google.com/maps/place/?q=place_id:ChIJCwGFv5hZqDsRYUr9lJQVO5k,97,72,14,11,VIOLATION
Tasmac,"WXGG+QQ9, Unnamed Road, Eachanari, Coimbatore",10.9269036,76.9769694,https://www.google.com/maps/place/?q=place_id:ChIJB6U-Bw5bqDsRQhUQ_i3zo9M,60,59,1,0,VIOLATION
Tasmac,"Near, N.h Road, Town Hall",10.9920882,76.9606501,https://www.google.com/maps/place/?q=place_id:ChIJhZpzAKNZqDsRHIm-kK4bXwU,199,139,32,28,VIOLATION
Tasmac,"W2FJ+W98, Chettipalayam",10.9247921,77.0309953,https://www.google.com/maps/place/?q=place_id:ChIJvbNYoIdRqDsR7aN19JQ3ZMU,51,51,0,0,VIOLATION
Tasmac,"1663, Kamarajar Rd, Near Mani's Theater, Lakshmi Ammal Layout, Hope College, Coimbatore",11.0224364,77.0219214,https://www.google.com/maps/place/?q=place_id:ChIJcYyyUptXqDsR9ggU3ORyUBY,104,73,22,9,VIOLATION
Tasmac,"X2M2+JV7, Nanjundapuram Main Rd, Indranagar, Parsn Sesh Nestle Campus, Ramanathapuram, Coimbatore",10.9840509,77.002185,https://www.google.com/maps/place/?q=place_id:ChIJhT9t5ORZqDsRWetiC0C0_nI,65,61,1,3,VIOLATION
Tasmac,"XX33+M69, Palakkad - Coimbatore Rd, BK Pudur, Kovaipudur, Kuniyamuthur",10.954169,76.9531126,https://www.google.com/maps/place/?q=place_id:ChIJ9wFJSc1bqDsRnHwbPxFDWJs,91,74,12,5,VIOLATION
TASMAC BAR,"2284+PC3, Sowripalayam - Masakalipalayam Rd, Peelamedu, Coimbatore",11.0167697,77.00605019999999,https://www.google.com/maps/place/?q=place_id:ChIJ4TdkPytYqDsRhKAinW1_xF4,75,63,5,7,VIOLATION
Tasmac Wine Shop,"Shop No, 1690, Marudhamalai Rd, Lawley Rd, Coimbatore",11.0135088,76.9403035,https://www.google.com/maps/place/?q=place_id:ChIJmxIy7t9YqDsRccLCWjdBTgs,103,70,23,10,VIOLATION
Tasmac,"XXRG+9VV, Unnamed Road, Shanmuga Nagar, Ramanathapuram, Coimbatore",10.990988,76.9771438,https://www.google.com/maps/place/?q=place_id:ChIJkz0aOBJZqDsRRjuqtCe60Ws,67,63,4,0,VIOLATION
Tasmac,"WXVW+7WV, Srinivasa Nagar, Coimbatore, Podanur",10.9432344,76.99728569999999,https://www.google.com/maps/place/?q=place_id:ChIJb7S2P25aqDsRArO0ZDGV3d8,61,61,0,0,VIOLATION
TASMAC Bar,"2XH2+HM8, Kuppakonam Pudur, Coimbatore",11.0289742,76.95171350000001,https://www.google.com/maps/place/?q=place_id:ChIJwb1N6u1ZqDsRK0dq1zH-2I8,102,79,8,15,VIOLATION
Tasmac wine shop,"2X32+9HM, Diwan Bahadur Rd, Opposite Kennedy Theatre, R.S. Puram, Coimbatore",11.0034691,76.95141029999999,https://www.google.com/maps/place/?q=place_id:ChIJ-86VvxpZqDsRDIqzrtrfd6M,126,91,23,12,VIOLATION
Tasmac,"5, PN Palayam Rd, Dhamu Nagar, Puliakulam, Coimbatore",11.0060733,76.992099,https://www.google.com/maps/place/?q=place_id:ChIJmdCB58VZqDsRc_XupjZPVgM,136,103,18,15,VIOLATION
TASMAC Wine Shop,"22/1, Sanganoor Main Rd, Rathinapuri, Tatabad, Coimbatore",11.0252951,76.9650048,https://www.google.com/maps/place/?q=place_id:ChIJU-tTGlhYqDsR4x2mPi2WMw4,115,87,28,0,VIOLATION
Elite Tasmac R S Puram Covai,"115, Thiruvenkatasamy Rd W, R.S. Puram, Coimbatore",11.0102576,76.9497588,https://www.google.com/maps/place/?q=place_id:ChIJG_DTVRxZqDsR-2YCxCEJ1gs,133,73,48,12,VIOLATION
Elite tasmac,"First floor, Vue Grande, 339, Chinnasamy Naidu Rd, Siddhapudur, Balasundaram Layout, B.K.R Nagar, Coimbatore",11.0213938,76.9782462,https://www.google.com/maps/place/?q=place_id:ChIJ2_PCVPdZqDsRFax902TrmGs,114,83,21,10,VIOLATION
Tasmac,"XX9X+63M, Unnamed Road, Aaruthra Nagar, Kallimadai, Coimbatore, Podanur",10.9680822,76.9976638,https://www.google.com/maps/place/?q=place_id:ChIJCUQavLxbqDsR9UXt096i5zA,64,60,0,4,VIOLATION
Tasmac Wine Shop,"18, Dr Rajendra Prasad Rd, Parmeshwaran Layout, Venugopal Layout, Pappanaickenpalayam, Coimbatore",11.0212214,76.9826496,https://www.google.com/maps/place/?q=place_id:ChIJ4ZoMu01YqDsRXltLU1WW9R0,95,77,13,5,VIOLATION
Tasmac 2,"WXFF+G2W, Madukkarai",10.92385,76.9725589,https://www.google.com/maps/place/?q=place_id:ChIJ-15rd_9bqDsRApqn5pfYPo8,61,59,2,0,VIOLATION
TASMAC ELITE SHOP,"222H+JH3, Kamarajar Rd, TNHB Housing Unit, Singanallur",11.0014989,77.02887,https://www.google.com/maps/place/?q=place_id:ChIJkR1JoJlXqDsRUN2hr1HVzuk,117,89,14,14,VIOLATION
Tasmac Ukkadam,"XXP3+HVJ, Perur Bypass Rd, Kempatty Colony, Town Hall, Coimbatore",10.9864666,76.9546357,https://www.google.com/maps/place/?q=place_id:ChIJRwLdInJZqDsRzEck3zd3hXQ,80,76,4,0,VIOLATION
TASMAC Wine shop,"100, 4th St Ext, Tatabad, Gandhipuram, Coimbatore",11.0205209,76.9676276,https://www.google.com/maps/place/?q=place_id:ChIJR-7h5jxZqDsR3j41xMfDuPM,189,114,59,16,VIOLATION
Tasmac Bar,"XXXR+6WV, Police Kandasamy St, Olymbus, Ramasamy Nagar, Puliakulam, Coimbatore",10.9981147,76.9923337,https://www.google.com/maps/place/?q=place_id:ChIJm45ATsFZqDsRSsXYV70a9q8,135,102,21,12,VIOLATION
Tasmac 1,"WXFC+H4X, Madukkarai",10.9239761,76.97035029999999,https://www.google.com/maps/place/?q=place_id:ChIJOTf-NBhbqDsR6ffsk5pZVrk,59,59,0,0,VIOLATION
TASMAC CHINNAKALAI S,"10A, Avarampalayam, Shoba Nagar, Krishnarayapuram, Illango Nagar, Coimbatore",11.0286753,76.985019,https://www.google.com/maps/place/?q=place_id:ChIJNeX3UBZYqDsRWzHyOQJixwg,88,76,7,5,VIOLATION
TASMAC BAR NEW,"22J8+JJ7, Thaneerpandal Rd, Peelamedu, B.R. Puram Industrial Estate, Coimbatore",11.0315326,77.0165351,https://www.google.com/maps/place/?q=place_id:ChIJBRESro5XqDsRFm0OQ3OlDQs,77,66,7,4,VIOLATION
Tasmac With Bar,"XXVV+R9R, Papammal Layout, Sowripalayam Pirivu, Ramanathapuram, Coimbatore",10.9946053,76.9933769,https://www.google.com/maps/place/?q=place_id:ChIJ9wgCk-tZqDsRftcluSvY6hU,133,104,20,9,VIOLATION
Tasmac Wine Shop,"523, Thadagam Main Rd, R.S. Puram, Coimbatore",11.0022055,76.948493,https://www.google.com/maps/place/?q=place_id:ChIJY8EJoBBZqDsRyIA4cfu6mD0,109,78,21,10,VIOLATION
Tasmac,"XX5J+Q7P, Sarada Mill Rd, opposite) Arasan Theatre, Teachers Colony, Sakthi Nagar, Podanur",10.9594541,76.98070779999999,https://www.google.com/maps/place/?q=place_id:ChIJdTW6rsxbqDsRH9EIEyfXjYc,93,80,9,4,VIOLATION
TASMAC,"XX64+Q28, Palakkad - Coimbatore Rd, Kuniyamuthur",10.9619028,76.9550627,https://www.google.com/maps/place/?q=place_id:ChIJk-A2pldbqDsRuzkQSC66aAM,105,87,13,5,VIOLATION
TASMAC 1672,"Manikammal illam, 83/9, Deventhira St, Katteri Chettiar Thottam, Selvapuram North, Coimbatore",10.9918176,76.9495889,https://www.google.com/maps/place/?q=place_id:ChIJK2ZwLd1ZqDsR9Pa304vGprY,117,93,15,9,VIOLATION
TASMAC deluxe bar,"202, 4th St, Coimbatore",11.0199029,76.9681171,https://www.google.com/maps/place/?q=place_id:ChIJv023VwBZqDsRRQEjwDDybrI,188,114,58,16,VIOLATION
Wine shop,"XWXX+RV5, Gandhi Park, Selvapuram North, Coimbatore",10.9995128,76.9497241,https://www.google.com/maps/place/?q=place_id:ChIJpRIuq7JZqDsRF_NSVttELeo,133,99,24,10,VIOLATION
Govt. Liquor Shop,"1/4/2, Ukkadam, Coimbatore",10.9940918,76.9676736,https://www.google.com/maps/place/?q=place_id:ChIJL5ZbajxZqDsRhdjfh5_RPhI,95,78,12,5,VIOLATION
Wine shop,"No.68 kalingarayar,vidhi, Ram Nagar, Coimbatore",11.0147309,76.9658675,https://www.google.com/maps/place/?q=place_id:ChIJU4qvxSBZqDsRH3bVA76mUYQ,142,90,38,14,VIOLATION
Hope Wine Shop,"22F9+454, Peelamedu, Lakshmi Ammal Layout, Hope College, Coimbatore",11.0227694,77.0179691,https://www.google.com/maps/place/?q=place_id:ChIJBZpqLCdXqDsR6F34-WGGX9I,122,71,35,16,VIOLATION
Vengateswara bar and wine shop,"9, 264, Thadagam Main Rd, R.S. Puram, Coimbatore",11.0112113,76.9433166,https://www.google.com/maps/place/?q=place_id:ChIJw94_8lhZqDsRpgHxFa3_6o4,120,80,24,16,VIOLATION
Tasmar Wine Shop,"1708, R.G.Street, R.G.Street, Near Eshwaran Temple, Poo Market, Coimbatore",11.0095303,76.94754449999999,https://www.google.com/maps/place/?q=place_id:ChIJQYB-LxxZqDsRMZc96Id0tRk,132,74,45,13,VIOLATION
TASMAC ELITE SHOP,"X36F+742, Karur",10.96063,78.0727747,https://www.google.com/maps/place/?q=place_id:ChIJ98TbGecvqjsRo33rIo-cWGA,123,95,28,0,VIOLATION
TASMAC,"W4W3+R67, Trichy Rd, Tamil Nadu Housing Board Colony, Gandhigramam, Karur",10.947119,78.1030691,https://www.google.com/maps/place/?q=place_id:ChIJU28sdOcvqjsRAv3z56p7m_k,70,61,8,1,VIOLATION
Tasmac,"X33W+846, Kulantha Goundanoor, Karur",10.9532796,78.0952527,https://www.google.com/maps/place/?q=place_id:ChIJUTlQIV4vqjsRJF8pExy4QHE,62,60,2,0,VIOLATION
TASMAC Elite,"257, Jawahar Bazaar Rd, Madavilagam, Karur",10.9597785,78.0800608,https://www.google.com/maps/place/?q=place_id:ChIJu5ixLzAvqjsRMLfjn_coHCA,137,105,32,0,VIOLATION
TASMAC 5025,"W3WG+X7V, Thirumanchanalur, Karur",10.9474863,78.0756675,https://www.google.com/maps/place/?q=place_id:ChIJuyVtFQQvqjsR2MH2lm1L7T4,46,46,0,0,VIOLATION
TASMAC,"W3HR+7WW, SH74, Bharathidasan Nagar, Karur",10.92824,78.0922953,https://www.google.com/maps/place/?q=place_id:ChIJOVYp7fUvqjsR2tn8_oxKf8o,65,63,2,0,VIOLATION
Tasmac Wines,"W3RR+5FJ, Jeeva Nagar, Karur",10.9404511,78.0911338,https://www.google.com/maps/place/?q=place_id:ChIJzX4Vpu0vqjsRlpiw-v97yaI,79,73,4,2,VIOLATION
Wine shop Tasmac,"Kongu Nagar, 251/2, Reddipalayam, Karur",10.9650629,78.0490775,https://www.google.com/maps/place/?q=place_id:ChIJXwDT75IvqjsRE5ho9YWTkfI,67,63,4,0,VIOLATION
Tasmac பிராந்திக்கடை,"W3VP+4VM, Gandhi Nagar, Karur",10.94288,78.08717360000001,https://www.google.com/maps/place/?q=place_id:ChIJSzBg7FQvqjsRUihZnA1qBPI,64,63,1,0,VIOLATION
Karur Tasmac godown,"X455+PHQ, Thozilpettai, Karur",10.9593482,78.1089819,https://www.google.com/maps/place/?q=place_id:ChIJFaMiS80vqjsRn_PTdr7evcQ,58,58,0,0,VIOLATION
Shanmugavel Wine Shop,"bus stand, Madavilagam, Karur",10.9600779,78.07661759999999,https://www.google.com/maps/place/?q=place_id:ChIJVVVVVaUvqjsRZ5_Nm9Jz2lE,135,107,28,0,VIOLATION
Tasmac,"XJRX+93W, Peramangalam",10.9909651,78.6477752,https://www.google.com/maps/place/?q=place_id:ChIJ3eJ0-89XqjsRgiNIBI-QbCE,40,40,0,0,VIOLATION
Govt. Tasmac,"2P68+HJF, Edumalai Rd, Valaiyur",11.0114413,78.71653169999999,https://www.google.com/maps/place/?q=place_id:ChIJ4Tj5bI_5qjsR98Uf0kHd7Yk,14,14,0,0,VIOLATION
Kuruvampatti Wine shop,"WJQ2+GGW, Kuruvampatti",10.9388588,78.60131659999999,https://www.google.com/maps/place/?q=place_id:ChIJnS-8i9BZqjsRiAvPQv8p5TA,34,34,0,0,VIOLATION
Tasmac,"4RG5+9GQ, MDR30",11.125927,77.8088619,https://www.google.com/maps/place/?q=place_id:ChIJk_f7gAt5qTsRwQ4_MZ5XmKc,55,55,0,0,VIOLATION
Tasmac sivagiri,"4Q8H+P76, MDR688, Sivagiri",11.116774,77.77814269999999,https://www.google.com/maps/place/?q=place_id:ChIJ91OH19d5qTsRONVlWfdusj4,13,13,0,0,VIOLATION
Tasmac,"3HGF+3W, Naalroad",11.0752839,77.5748339,https://www.google.com/maps/place/?q=place_id:ChIJ69p4cSCfqTsR1p_ajwKg9Dc,26,26,0,0,VIOLATION
Tasmac Wine Shop,"Shop No, 3630, Muthur",11.0439315,77.7270163,https://www.google.com/maps/place/?q=place_id:ChIJlSREO9-cqTsRCTaWCi7L7Rk,33,33,0,0,VIOLATION
Tasmac,"4P4Q+5Q4, Kandasamypalayam Rd, Sivagiri, Kandasamypalayam",11.1053907,77.73943510000001,https://www.google.com/maps/place/?q=place_id:ChIJRSIP0Pd3qTsRHZg-5KPaLms,63,63,0,0,VIOLATION
Govt Tasmac சரக்கு கடை,Velliankadu,11.0687993,77.6460713,https://www.google.com/maps/place/?q=place_id:ChIJPUlWJgCfqTsRuGY09zZP1Rk,12,12,0,0,VIOLATION
Tasmac _ Nathakadaiyur,"3J9R+4PC, Erode-Dharapuram Rd, Mullipuram",11.0678027,77.64179159999999,https://www.google.com/maps/place/?q=place_id:ChIJ9-ODkc-fqTsR4QuppWAttiM,5,5,0,0,VIOLATION
TASMAC,"VSK Jayanthi Complex, MDR823, Samayapuram",10.9184093,78.7325307,https://www.google.com/maps/place/?q=place_id:ChIJRfCUf5L3qjsROsdA6xGYvyo,71,69,1,1,VIOLATION
TASMAC,"RMHG+398, Salai Rd, Woraiyur, Tiruchirappalli",10.8276888,78.67595229999999,https://www.google.com/maps/place/?q=place_id:ChIJb2DnYpf1qjsRL_ZspHjLmY8,138,117,21,0,VIOLATION
Tasmac,"3W5W+RPJ, SH 172A, Vettamangalam East",11.0595852,77.9467592,https://www.google.com/maps/place/?q=place_id:ChIJ89G-vP4rqjsRd_bJxIhCSTI,11,11,0,0,VIOLATION
Tasmac Shop,4X77+P34,11.1142599,77.962717,https://www.google.com/maps/place/?q=place_id:ChIJUdyi0IPVqzsRoXBLFcn4_eo,13,13,0,0,VIOLATION
TASMAC Wine shop,"4WQX+W9, Kabilakkurichi",11.1398022,77.94849409999999,https://www.google.com/maps/place/?q=place_id:ChIJzwEOoN_VqzsRPgR7k7egk78,33,33,0,0,VIOLATION
Tasmac,"WQPF+RMQ, Purathakudi",10.9370888,78.77423639999999,https://www.google.com/maps/place/?q=place_id:ChIJgWlOmZbwqjsRJJzmW_kQbXw,67,65,2,0,VIOLATION
TASMAC,"49FR+JWF, Kulathupalayam",11.1240521,77.3921505,https://www.google.com/maps/place/?q=place_id:ChIJLWFz-4gIqTsR9MtLb3L3OD8,61,60,1,0,VIOLATION
Tasmac,"3C9C+Q45, Kangeyam Palayam - Peruntholuve Rd, South Nallur",11.0693783,77.42035170000001,https://www.google.com/maps/place/?q=place_id:ChIJqTnEILOnqTsR6C4YT_w0kGk,21,21,0,0,VIOLATION
"Tasmac ""","11, C, 70, Tiruppur - Kangayam Rd, RVE Nagar, Valliammai Nagar, Tiruppur",11.0925429,77.4089304,https://www.google.com/maps/place/?q=place_id:ChIJxThVATEIqTsR8_-NGLd49tY,63,61,2,0,VIOLATION
Tasmac wine shop tirupur,"392J+7MV, Unnamed Road, Tiruppur",11.050742,77.3816727,https://www.google.com/maps/place/?q=place_id:ChIJJXRD-d6nqTsRl4ToeibfPXs,17,17,0,0,VIOLATION
TASMAC Wine Shop,"3CRM+8XF, Tiruppur",11.0908161,77.4349658,https://www.google.com/maps/place/?q=place_id:ChIJES3wJUAJqTsR5ZRAieFzsnI,54,54,0,0,VIOLATION
tasmac,"3FQR+H74, Tiruppur",11.0889323,77.4907722,https://www.google.com/maps/place/?q=place_id:ChIJhUcvfNALqTsRB6RwSwV6CZY,3,3,0,0,VIOLATION
Tasmac Liquor Shop,"397Q+259, Mudalipalayam, Tiruppur",11.0624823,77.38802969999999,https://www.google.com/maps/place/?q=place_id:ChIJq16c1yWnqTsR-clEegUL4q8,63,63,0,0,VIOLATION
"Tasmac ""","397P+9QV, Tiruppur",11.063511,77.3869279,https://www.google.com/maps/place/?q=place_id:ChIJNzzq4eSnqTsRnnlszArt9RY,65,64,1,0,VIOLATION
TASMAC,"X5C7+7JG, Kovilur",10.9706505,79.1640902,https://www.google.com/maps/place/?q=place_id:ChIJTU9dePPbqjsRykPHEbPNjo4,3,3,0,0,VIOLATION
TASMAC மதுக்கடை,"MDR407, Papanasam",10.9199594,79.26666329999999,https://www.google.com/maps/place/?q=place_id:ChIJg9cf543PqjsROs_f66LAicM,61,61,0,0,VIOLATION
TaSMaC,"3HHV+C5R, Unnamed Road, Thuraiyur Pudupatti",11.0786086,78.5929015,https://www.google.com/maps/place/?q=place_id:ChIJhyCb_KNVqjsR8e6lRPQEf10,7,7,0,0,VIOLATION
Tasmac,"4GQQ+QR3, Senappanallur",11.1393813,78.5395508,https://www.google.com/maps/place/?q=place_id:ChIJA0a1zMasqzsRW73wMczhEY8,35,35,0,0,VIOLATION
Surya Tasmac Bar,"Surya complex, Balaji Hospital Rd, Thuraiyur",11.1491727,78.5948751,https://www.google.com/maps/place/?q=place_id:ChIJ96jnyk-rqzsRr4nZWlsUKlw,96,91,4,1,VIOLATION
Govt tasmac 10327,"MSK Complex, Balaji Hospital Rd, Thuraiyur",11.1477784,78.59488329999999,https://www.google.com/maps/place/?q=place_id:ChIJF9hqPZGrqzsRzEWZf30028M,81,78,2,1,VIOLATION
Tasmac,"3HM2+JCG, Kannanur",11.0840812,78.55108039999999,https://www.google.com/maps/place/?q=place_id:ChIJlYrSLABTqjsReUAwc1MUueo,71,69,2,0,VIOLATION
TASMAC Varagur,"49Q3+36P, Varagur E Rd",11.1376262,78.3530878,https://www.google.com/maps/place/?q=place_id:ChIJPS6Vf0i1qzsRKW4lSRRlop4,4,4,0,0,VIOLATION
Tasmac,"4CPX+GP, Thathaiyangarpet, Urudaiyapatti",11.1362868,78.4493545,https://www.google.com/maps/place/?q=place_id:ChIJA_vAo3WzqzsR1xslFHwtO0I,3,3,0,0,VIOLATION
JK Tasmac/Bar,"395V+C9, Soorampatti",11.0585385,78.3934433,https://www.google.com/maps/place/?q=place_id:ChIJfdHtQgBNqjsRfAX00YV-vbs,30,30,0,0,VIOLATION
Wine shop Sorathur,"4JVG+233, Unnamed Road, Perumalmalai Adivaram",11.1425163,78.6251656,https://www.google.com/maps/place/?q=place_id:ChIJaSFsxUWrqzsRc88zmLIoGtQ,4,4,0,0,VIOLATION
TASMAC,"ThiruAarooraan Sugar Factory, Thiruvaigavur, Umayalpuram",10.9624472,79.2981057,https://www.google.com/maps/place/?q=place_id:ChIJxTl1mUDNqjsRWFhPZlEG_Mw,4,4,0,0,VIOLATION
Tasmac,"W7MJ+HH5, Uththani",10.933888,79.2814844,https://www.google.com/maps/place/?q=place_id:ChIJAQAAQHzOqjsRi-tTRGTM0g4,23,23,0,0,VIOLATION
TASMAC,"W8H3+WC3, Nallur",10.9297568,79.30354489999999,https://www.google.com/maps/place/?q=place_id:ChIJ37yGJnDNqjsRPpPIfyGP-Xs,16,16,0,0,VIOLATION
Tasmack,"43/746, Rajapondy Nagar, Kumbakonam",10.9564117,79.38535069999999,https://www.google.com/maps/place/?q=place_id:ChIJ2QspQVAzVToRshtIm7FXgaA,154,130,23,1,VIOLATION
TASMAC GOVT,"X9JG+8HR, Ram Nagar, Kumbakonam",10.9808706,79.3764042,https://www.google.com/maps/place/?q=place_id:ChIJsZPUSgDTqjsR5iPRyK9I8Xc,60,59,1,0,VIOLATION
Government Liquor Store,"W8VH+GMR, NH 36, Thiruvalanjuli, Ammapet, Kumbakonam",10.9438849,79.3291248,https://www.google.com/maps/place/?q=place_id:ChIJdQOCI6TNqjsR8d41liJ19lw,70,70,0,0,VIOLATION
Imported Liquor Shop,"197, Gandhiji Rd, opp. LIC, Graham Nagar, Shivaji Nagar, Thanjavur",10.7818699,79.13975119999999,https://www.google.com/maps/place/?q=place_id:ChIJZyaUZ9K5qjsRX6CDWZWS0yg,82,80,0,2,VIOLATION
TASMAC,"X96J+4F4, Kothandapani St, Anna Nagar, Kumbakonam",10.9602573,79.381196,https://www.google.com/maps/place/?q=place_id:ChIJNREG2-8zVToRd3KYBHV-TDA,145,127,18,0,VIOLATION
Tasmac,"47XR+8FM, Erumapatti",11.1483069,78.2910345,https://www.google.com/maps/place/?q=place_id:ChIJncbsMivLqzsRLJEBNAelBQo,74,72,2,0,VIOLATION
Govt Wineshop,"37Q2+738, Valveluthur",11.0881743,78.25021129999999,https://www.google.com/maps/place/?q=place_id:ChIJ0RGJ71c1qjsRELu4N2D__ow,5,5,0,0,VIOLATION
TASMAC Godown,"XCRH+3XX, Thirubuvanam",10.9902349,79.4299747,https://www.google.com/maps/place/?q=place_id:ChIJR3Hz54MtVToRgpr5vnl_S5U,71,70,1,0,VIOLATION
Tasmac liquor shop,"3RRR+V3G, Padalur West-Padalur E, Padalur, Padalur West",11.0921817,78.8402023,https://www.google.com/maps/place/?q=place_id:ChIJmxpETDXjqjsR6TK4xEmxiO4,10,10,0,0,VIOLATION
TASMAC,"43G8+VRM, Ariyalur",11.12722,79.067042,https://www.google.com/maps/place/?q=place_id:ChIJX9JywfTfqjsRs2VIyOm_B6M,11,11,0,0,VIOLATION
TASMAC Wineshop,"43W9+53C, Ethraj Nagar, Ariyalur",11.1454295,79.0676295,https://www.google.com/maps/place/?q=place_id:ChIJX0HeBYEgqzsRXl-nUprVKPU,69,65,3,1,VIOLATION
Tasmac Wine Shop,"Unnamed Road, 621652, Malvoy",11.0407409,78.9643955,https://www.google.com/maps/place/?q=place_id:ChIJG6MSSdDmqjsRNj0EQkmv9rY,9,9,0,0,VIOLATION
TASMAC PERUNGADU 02,"43V8+65, Sivandankadu, Ariyalur",11.143063,79.06544,https://www.google.com/maps/place/?q=place_id:ChIJGWDKDQAVADsRTvR1HSEN2ac,49,49,0,0,VIOLATION
Govt.TASMAC,4XF3+QXJ,11.1244625,78.9548362,https://www.google.com/maps/place/?q=place_id:ChIJ6yludlHhqjsRfL49Sxg2Wak,26,26,0,0,VIOLATION
Melapalur TASMAC,"22VH+4VC, Ariyalur, Melapalur",11.0428238,79.029631,https://www.google.com/maps/place/?q=place_id:ChIJc2aaQkDdqjsRLu6zuPeU_zk,12,12,0,0,VIOLATION
TASMAC,"2XWQ+CF7, FCI Rd, Prashakthi Nagar, Ganapathy, Coimbatore",11.0460209,76.98867489999999,https://www.google.com/maps/place/?q=place_id:ChIJg6_-UxZYqDsRdUzp4A0zLZE,83,72,4,7,VIOLATION
TASMAC,"3X5M+94W, Chinnavedampatti, Coimbatore",11.0584817,76.9828236,https://www.google.com/maps/place/?q=place_id:ChIJX_pqhUNZqDsR4K2uSPP6DrU,72,69,2,1,VIOLATION
Tasmac,"3W8X+9G9, Thiruvalluvar St, Pallakattu Thottam, Vellakinar Village, Coimbatore",11.0659078,76.9488501,https://www.google.com/maps/place/?q=place_id:ChIJGXTJCrP3qDsRJqdzjLHEq7Q,61,61,0,0,VIOLATION
TASMAC,"3X49+77X, Sri Sabari Nagar, Thulukan Thottam, Udayampalayam, Coimbatore",11.0557248,76.968257,https://www.google.com/maps/place/?q=place_id:ChIJAyFjRPJZqDsRGOQZ72RgKas,70,65,1,4,VIOLATION
Tasmac,"4WGQ+MRW, Vivekananda Nagar, Therkkuppalayam, Narasimhanaickenpalayam",11.1267334,76.939503,https://www.google.com/maps/place/?q=place_id:ChIJY-nXEL_2qDsRbK4YKO30XWs,34,34,0,0,VIOLATION
Tasmac,"3W38+5W6, K.N.G. Pudur, Thadagam Main Rd, KNG Pudur Pirivu, Coimbatore",11.0529011,76.9172749,https://www.google.com/maps/place/?q=place_id:ChIJifxPTgRfqDsR9pXRU7SCXYw,75,66,7,2,VIOLATION
Tasmac,"4XV5+5V5, Coimbatore",11.1428862,76.95974269999999,https://www.google.com/maps/place/?q=place_id:ChIJf_MpMAL3qDsRZv49eii-BaM,23,23,0,0,VIOLATION
Tasmac,"1, Peelamedu Railway Over Brg, Peelamedu, Karrupana Layout, Coimbatore",11.0342285,77.00406939999999,https://www.google.com/maps/place/?q=place_id:ChIJQbo7cFNZqDsREdTp1hKxNg8,74,69,2,3,VIOLATION
TASMAC Liqueur Shop. Wine Shop,"3XRW+CPJ, Sahara City, Saravanampatti, Coimbatore",11.0910894,76.99676769999999,https://www.google.com/maps/place/?q=place_id:ChIJi7c7j9b3qDsRSiPorXPeciM,61,59,0,2,VIOLATION
"Tasmac, Kannusamy Gounder Street, coimbatire","2XP5+87J, SP Kannusamy Gounder St, Laxmi Nagar, Sanganoor, Coimbatore",11.0358477,76.958154,https://www.google.com/maps/place/?q=place_id:ChIJN88eXHhZqDsRn6wexh1d1ds,96,77,10,9,VIOLATION
TASMAC,"4W2V+5R8, Thoppampatti Pirivu, K. Vadamadurai, Coimbatore",11.1004285,76.944569,https://www.google.com/maps/place/?q=place_id:ChIJ0zHuIsv3qDsRXmjWXxD2ICA,70,66,4,0,VIOLATION
Tasmac,"4X43+QP6, MDR489, Sri Ram Nagar, Sengalipalayam, Coimbatore",11.1069109,76.9543017,https://www.google.com/maps/place/?q=place_id:ChIJIwZRgaj3qDsRe0GfeLpfChU,61,60,1,0,VIOLATION
Tasmac 11 to 11,"3WMV+G6Q, TNP Nagar, Thudiyalur, Coimbatore",11.0839631,76.9432032,https://www.google.com/maps/place/?q=place_id:ChIJiyTUUwD3qDsRqi7sCIzXY-A,106,91,6,9,VIOLATION
Tasmac,"9, KNG Pudur Road, VKR Nagar, Subramaniapalayam, Coimbatore",11.0624334,76.9307445,https://www.google.com/maps/place/?q=place_id:ChIJiVxpmJ_3qDsR3-Xmg7wQUC8,67,65,1,1,VIOLATION
Tasmac Wine Shop,"3V9W+JP7, Kanuvai Rd, Kanuvai, Periyanaickenpalayam, Nanjundapuram",11.0690371,76.8968199,https://www.google.com/maps/place/?q=place_id:ChIJzyMuO6H1qDsRc0EGytpn3Qk,58,58,0,0,VIOLATION
elite Tasmac,"25/1, Peelamedu, KG Layout, Sengaliappa Nagar, Coimbatore",11.0350257,77.0056017,https://www.google.com/maps/place/?q=place_id:ChIJV9RkyydZqDsRgLvs8392vkA,74,68,4,2,VIOLATION
Tasmac,"Tasmac 1644, Ambika Nagar, Thudiyalur, Coimbatore",11.079855,76.9422757,https://www.google.com/maps/place/?q=place_id:ChIJsQ3iL8z3qDsRZKKX7zDaOHA,91,76,8,7,VIOLATION
"TASMAC, Vadamadurai","3WMP+H9X, Pannimadai Rd, opposite Power House, Eshwaran Nagar West, Badaga's Colony, K. Vadamadurai, Coimbatore, Kurudampalayam",11.0839818,76.9359908,https://www.google.com/maps/place/?q=place_id:ChIJfx8czdX3qDsRllS2Abu8AaI,97,84,9,4,VIOLATION
TASMAC,"Saravanampatti, Coimbatore",11.0585111,76.9966137,https://www.google.com/maps/place/?q=place_id:ChIJ23DHMAhYqDsRIV3jTvfggXk,75,65,5,5,VIOLATION
TASMAC,"Near Surya Hospital, Gandhi Nagar, Ganapathy, Coimbatore",11.0387338,76.97976260000002,https://www.google.com/maps/place/?q=place_id:ChIJnyCapGlYqDsRipFZVnW5LyA,103,75,21,7,VIOLATION
Wine Shop,"3WRM+QWW, Unnamed Road, K. Vadamadurai, Kurudampalayam",11.0919802,76.934817,https://www.google.com/maps/place/?q=place_id:ChIJYSjT0GX2qDsRajpWrDp0PvE,67,63,2,2,VIOLATION
Wine Shop,"5A/10, Idikarai",11.1165192,76.9707691,https://www.google.com/maps/place/?q=place_id:ChIJl_wbNav3qDsRpgI0UvM7lI4,79,72,3,4,VIOLATION
TASMAC,"3466+VR8, MuthugoundanPudur",11.0622089,77.1120509,https://www.google.com/maps/place/?q=place_id:ChIJnRx31QpVqDsRenIzhUBJJeE,57,57,0,0,VIOLATION
TASMAC,"3326+XG6, Chinniyampalayam Industrial Estate, Chinniyampalayam, Coimbatore",11.0524076,77.0612653,https://www.google.com/maps/place/?q=place_id:ChIJkawifTJWqDsR0hz-YVsfXL8,74,69,1,4,VIOLATION
Water tank tasmac,"Villankurichi Rd, Bharathi Nagar, Coimbatore",11.0461938,77.0135928,https://www.google.com/maps/place/?q=place_id:ChIJP78JnbhXqDsRpaADjlceAfo,73,65,4,4,VIOLATION
Tasmac,"327P+VVC, Sharp Nagar, Nehru Nagar West, Coimbatore",11.0646959,77.0371006,https://www.google.com/maps/place/?q=place_id:ChIJo2WqT3T4qDsRBxYuwI6W5iY,66,61,3,2,VIOLATION
Tasmac,"32W8+JXQ, VGP Prem Nagar, Saravanampatti, Coimbatore",11.0965823,77.0174735,https://www.google.com/maps/place/?q=place_id:ChIJB4dg9aD5qDsRyiQePZ4GkcI,72,66,4,2,VIOLATION
TASMAC SHOP,"34X2+MHQ, Kalappatti Road, Arasur, near Tamil Nadu",11.0992221,77.10150349999999,https://www.google.com/maps/place/?q=place_id:ChIJUVNCagH5qDsRl7wc610Lqvg,61,60,0,1,VIOLATION
TASMAC With A/C Bar,"22VW+CV7, Peelamedu, Goldwins, Civil Aerodrome Post",11.0435486,77.04717649999999,https://www.google.com/maps/place/?q=place_id:ChIJ--Yu0hdXqDsRpz5yYsWsn98,69,63,4,2,VIOLATION
Tasmac,"428G+57V, Kurumbapalayam SSKulam",11.1154975,77.02568049999999,https://www.google.com/maps/place/?q=place_id:ChIJBah_Y8_5qDsRLQLjGeatsFw,73,68,1,4,VIOLATION
Tasmac,"22Q5+474, Peelamedu, Gauthama Puri Nagar, Coimbatore",11.0377546,77.0082152,https://www.google.com/maps/place/?q=place_id:ChIJY3FqKCBYqDsRPJrpEF8obrU,69,64,2,3,VIOLATION
Tasmac wine shop,"23R8+F62, Chinniyampalayam Industrial Estate, Chinniyampalayam, Coimbatore",11.0411523,77.0654277,https://www.google.com/maps/place/?q=place_id:ChIJX1Zvi0FXqDsRaztCeJaHNqM,37,37,0,0,VIOLATION
Tasmac,"maharaja theme park, Road, Coimbatore Goods Transport Association, Neelambur",11.0608069,77.0968663,https://www.google.com/maps/place/?q=place_id:ChIJEe00OsRXqDsRhXRTRX80hT0,31,31,0,0,VIOLATION
TASMAC Kovilpalayam,"42PJ+PHJ, Thudiyalur Road, near Meena Gas, Kovilpalayam",11.1368394,77.03140119999999,https://www.google.com/maps/place/?q=place_id:ChIJ96zUE-35qDsRiKV0x0Gun5U,74,65,2,7,VIOLATION
TASMAC,"33PG+XQ, Neelambur",11.0873963,77.0769625,https://www.google.com/maps/place/?q=place_id:ChIJw9yIz7z5qDsRvdKv-UNgzc0,35,35,0,0,VIOLATION
Toss Bar and Restaurant,"3WMP+G9H, Eshwaran Nagar West, Badaga's Colony, K. Vadamadurai, Thudiyalur, Kurudampalayam",11.0838667,76.93602910000001,https://www.google.com/maps/place/?q=place_id:ChIJA903Q2f3qDsRQpSFvE9HcwE,97,84,9,4,VIOLATION
"Tasmac Wineshop, அரசு மதுபானக் கடை,","44QQ+72G, MDR713, Vagarayampalayam",11.1381928,77.13759240000002,https://www.google.com/maps/place/?q=place_id:ChIJX9HwZzn_qDsRJISaOvX6FV4,60,59,1,0,VIOLATION
TASMAC,"334F+MPF, Keezhapalur",11.0567119,79.07421219999999,https://www.google.com/maps/place/?q=place_id:ChIJcxa_GIPeqjsRtV5s88gt_UM,13,13,0,0,VIOLATION
Tasmac,"43PJ+JGR, Ariyalur - Kayarlabad Rd, Vila Ngara, Ariyalur",11.1366215,79.08127379999999,https://www.google.com/maps/place/?q=place_id:ChIJ-YqZpPLfqjsRJQrFkAZhPv4,76,68,8,0,VIOLATION
Tasmac,"43QW+588, Ariyalur",11.137921,79.0958169,https://www.google.com/maps/place/?q=place_id:ChIJiymaJPjfqjsRxaBnPk_KQiY,34,34,0,0,VIOLATION
V.Kaikkatti Wine Shop,"45F9+C37, Reddipalayam",11.1235078,79.16769289999999,https://www.google.com/maps/place/?q=place_id:ChIJ5xEan0LYqjsRyFAfBXqCeK0,1,1,0,0,VIOLATION
Tasmac,"35HM+5GM, Unnamed Road, Kombakadu",11.0779773,77.1837807,https://www.google.com/maps/place/?q=place_id:ChIJKTR2Zyj_qDsRmCRoR2Su5HA,25,25,0,0,VIOLATION
TASMAC,"455R+9FM, Pudur-Sadapalayam Rd, Karumathampatti",11.1084017,77.191188,https://www.google.com/maps/place/?q=place_id:ChIJaVE4VNr_qDsRI64mBzeyt-k,25,25,0,0,VIOLATION
Tasmac wineshop,"475G+2HH, Unnamed Road, Mangalam",11.1074366,77.2764959,https://www.google.com/maps/place/?q=place_id:ChIJGfODhYEBqTsRc5-Ep45Ou08,8,8,0,0,VIOLATION
Tasmac,"47R7+928, Pudupalayam",11.1409097,77.2625699,https://www.google.com/maps/place/?q=place_id:ChIJNa7NSEUBqTsRt2NMJP_ErVE,28,28,0,0,VIOLATION
TASMACElite,"32H2+HXV, near Food Street, Saravanampatti, Coimbatore",11.0793637,77.00251,https://www.google.com/maps/place/?q=place_id:ChIJ0-dkPgD3qDsR2Z1qH-G3a3E,105,76,18,11,VIOLATION
Greenland Playful Club AC Bar and Restaurant,"1/672, Kiluvankadu, Chinniankovil pirivu Somanur main road, Ichipatti, po, Tiruppur",11.0348871,77.1868099,https://www.google.com/maps/place/?q=place_id:ChIJm-rT9dVVqDsRVsbVzjjevbo,27,27,0,0,VIOLATION
TASMAC,"45Q6+R88, Namakkal",11.1395445,78.1608347,https://www.google.com/maps/place/?q=place_id:ChIJB8Fla-PMqzsRq7eOe4Z9hGM,61,61,0,0,VIOLATION
TASMAC,"34HC+MF6, Vandigate",11.0791885,78.1211541,https://www.google.com/maps/place/?q=place_id:ChIJjaf48ZkyqjsRhA4pqi5qieQ,39,39,0,0,VIOLATION
"TASMAC BAR, CHANDRAGIRI","35RP+W4V, Mohanur - Valayapatty Rd, Oonagalpatti, Komaripalayam",11.0924096,78.1852238,https://www.google.com/maps/place/?q=place_id:ChIJrbdNit0zqjsRgx-iOUP2mt0,18,18,0,0,VIOLATION
TASMAC,"47FQ+GPH, Kaniyampoondi, Avinashi",11.1239085,77.28934989999999,https://www.google.com/maps/place/?q=place_id:ChIJ3SkiBRkHqTsREQp-bncAi6g,16,16,0,0,VIOLATION
TASMAC,"48Q6+JVV, Velampalayam, Tiruppur, A.Thirumuruganpoondi",11.139118,77.31216479999999,https://www.google.com/maps/place/?q=place_id:ChIJr9ZqckMHqTsRzXwdUS8_rUo,77,70,7,0,VIOLATION
TASMAC,"3897+8V9, Murugampalayam",11.0682032,77.3147491,https://www.google.com/maps/place/?q=place_id:ChIJAbUfrt6pqTsRzxmnr1A0ZSM,29,29,0,0,VIOLATION
Tasmac Wine Shop,"48CX+2V9, Kongu Main Rd, TK Colony, NRK Puram, Tiruppur",11.1200456,77.3496397,https://www.google.com/maps/place/?q=place_id:ChIJPVG0WEsGqTsRLOVmofO1hVQ,91,84,7,0,VIOLATION
Tasmac liquor shop,"38F2+J69, Tiruppur",11.074035,77.300581,https://www.google.com/maps/place/?q=place_id:ChIJsas4XlgHqTsRmMFcht7Szc4,51,51,0,0,VIOLATION
Tasmac,"48J6+GVQ, EB Colony, Velampalayam, Tiruppur",11.1304118,77.31275629999999,https://www.google.com/maps/place/?q=place_id:ChIJy28f1McHqTsRWj1ym73pRRY,66,60,6,0,VIOLATION
Tasmac,"50, PN Rd, Anjal Nagar, Kumarnathapuram, Tiruppur, Chettipalayam",11.1255663,77.3411414,https://www.google.com/maps/place/?q=place_id:ChIJIWierkIGqTsRoVGEvt3MYMU,95,83,12,0,VIOLATION
Tasmac,"3992+GPQ, Veerapandi Ring Rd, Kallangadu, Tiruppur",11.0688332,77.3518661,https://www.google.com/maps/place/?q=place_id:ChIJpxbhvSOoqTsRhrDnaEcZbao,64,62,2,0,VIOLATION
Tasmac,"3977+FFP, Veerapandi, Tiruppur",11.0637116,77.3636932,https://www.google.com/maps/place/?q=place_id:ChIJ7zD4hhCoqTsRCljo4QTmcLo,65,65,0,0,VIOLATION
TASMAC Wine Shop,"15, 2nd St, Murugasamy Layout, Tiruppur",11.1209412,77.3543128,https://www.google.com/maps/place/?q=place_id:ChIJRbt4504GqTsRLHI0P2nyE_I,83,74,9,0,VIOLATION
Tasmac Elite Shop Tirupur,"483W+2V5, Noyyal, Tiruppur",11.1025125,77.3472231,https://www.google.com/maps/place/?q=place_id:ChIJBdDGhrsHqTsRkfe3Rm4oRks,102,83,18,1,VIOLATION
TASMAC Wine Shop,"45, 4th St, Karunagara Puri, Tiruppur",11.1242964,77.3625249,https://www.google.com/maps/place/?q=place_id:ChIJgRagwjMGqTsROH8esldmlCE,82,74,8,0,VIOLATION
Wine Shop TASMAC,"474Q+MQ6, Tiruppur",11.106654,77.2894373,https://www.google.com/maps/place/?q=place_id:ChIJM9RXdS0HqTsRhfaMY0hcYPM,34,34,0,0,VIOLATION
Tasmac Wine shop,"48GR+HCW, 4th St, Postal Colony, Tiruppur, Chettipalayam",11.1264982,77.34107259999999,https://www.google.com/maps/place/?q=place_id:ChIJfWJygxkHqTsR95OzH3qOW2Y,91,78,13,0,VIOLATION
Tasmac,"48JG+V64, Gandhi Nagar 60 Feet Rd, Gandhinagar, Velampalayam, Tiruppur",11.1321645,77.325565,https://www.google.com/maps/place/?q=place_id:ChIJe5ZEibAHqTsRjO3VwyKW798,74,69,5,0,VIOLATION
Tasmac,"49V4+W93, Unnamed Road, Poyampalayam, Tiruppur",11.1448158,77.3559119,https://www.google.com/maps/place/?q=place_id:ChIJ_1mOqBwHqTsRfSJ1sYPR-Ew,64,62,2,0,VIOLATION
TASMAC WINE SHOP,"Shop No : 1898, KNS Subramaniam Nagar, Tiruppur",11.0879362,77.3689981,https://www.google.com/maps/place/?q=place_id:ChIJtV9fPeUHqTsRuOnJSq3ddNw,69,65,4,0,VIOLATION
Tasmak wine shop,"485Q+Q86, KNP Puram, Odakkadu, Tiruppur",11.1094085,77.3382632,https://www.google.com/maps/place/?q=place_id:ChIJq1lnAg0HqTsROoF5X7D7ypk,140,112,20,8,VIOLATION
Tirupur TASMAC warehouse,"Anupurpalayam, Angeripalayam Main Rd, Mahavishnu Nagar, Pitchampalayam Pudur, Chettipalayam",11.1360326,77.3327466,https://www.google.com/maps/place/?q=place_id:ChIJhQ3BOAAHqTsRTzjvZGQIzxg,74,69,5,0,VIOLATION
Tasmac Ayyampalayam Nalroad,"3979+5FQ, K Chettipalayam, Tiruppur",11.0629751,77.3687319,https://www.google.com/maps/place/?q=place_id:ChIJcV9o5SKpqTsRC_XEhUMRDpQ,62,60,2,0,VIOLATION
Goverment Tasmac,"48VR+9MF, Vengamedu, Poyampalayam, Tiruppur, Chettipalayam",11.1434313,77.3417493,https://www.google.com/maps/place/?q=place_id:ChIJy5kiS2wHqTsRstMDTyQ_RVc,64,62,2,0,VIOLATION
TASMAC Wine Shop,"308, PN Rd, Kumar Nagar, Ramaiya Colony, Tiruppur",11.1139307,77.3393742,https://www.google.com/maps/place/?q=place_id:ChIJ06irjKwHqTsRQlx0t2u8HRM,117,90,26,1,VIOLATION
TASMAC,"48JR+4VG, 60 Feet Rd, Thirumalai Nagar, Nesavalar Colony, Tiruppur",11.1303122,77.3422014,https://www.google.com/maps/place/?q=place_id:ChIJayp0mVoGqTsR_tSu6N0AVrY,82,76,6,0,VIOLATION
Tasmac New Bus Stand,"48MR+4J6, ulavar santhai road, Postal Colony, Tiruppur",11.1327905,77.3415182,https://www.google.com/maps/place/?q=place_id:ChIJ-XZGr84HqTsRyeCNLNJ09Nc,83,77,6,0,VIOLATION
Wine Shop,"38WP+7Q8, Unnamed Road, Karuvampalayam, Tiruppur",11.0956728,77.3369596,https://www.google.com/maps/place/?q=place_id:ChIJBdLfXJ8HqTsReFP9h7_Ado0,85,71,10,4,VIOLATION
Government Wineshop,"386Q+Q7W, Balaji Nagar, Chinnakarai, Tiruppur",11.0619902,77.3382062,https://www.google.com/maps/place/?q=place_id:ChIJ8ab7kaupqTsRe6mB0rTjF24,63,60,3,0,VIOLATION
Wine Shop,"38HH+FR8, Karuppa Gaundanpalayam, Tiruppur, Andipalayam",11.0786677,77.3295272,https://www.google.com/maps/place/?q=place_id:ChIJq0lf1nkHqTsRK5Idxe7iGkM,58,58,0,0,VIOLATION
Wine Shop,"4862+M57, Kavilipalayam, Tiruppur",11.1115859,77.3004509,https://www.google.com/maps/place/?q=place_id:ChIJjeJM_oUHqTsRV51yGmxaXUc,59,58,1,0,VIOLATION
Tasmac Wine Shop,"11°07'21. 77°19'31., 7""N, Chinnasamy Street 5, Puthukadu",11.1226989,77.3254275,https://www.google.com/maps/place/?q=place_id:ChIJayf6EvwGqTsRw2E0wNP_RQk,80,73,7,0,VIOLATION
Government wine shop,"38H8+MVV, Anna Malayar Nagar, Iduvampalayam, Murugampalayam",11.0792289,77.3171746,https://www.google.com/maps/place/?q=place_id:ChIJ3c__400HqTsR_IKIpBdT2wc,61,61,0,0,VIOLATION
KVR Nagar Wine Shop,"Nayar Hospital, Bus Stop, No.18/2 - K.V.R Nagar, Main Road, 2nd St, K V R Nagar, Karuvampalayam, Tiruppur",11.0910809,77.3368283,https://www.google.com/maps/place/?q=place_id:ChIJD15_BNQHqTsR1OTM2F-Jrn4,85,76,9,0,VIOLATION
WINE SHOP,"4973+4M2, T P A Colony, Renganatha Puram, Tiruppur",11.1127729,77.3541362,https://www.google.com/maps/place/?q=place_id:ChIJa2QBE7YHqTsRf36pgHgaSxU,79,69,10,0,VIOLATION
Vetri Bar and Restaurant - Tirupur's Best Restaurant,"313/3, Pallakattu Thottam, 15 Velampalayam Main Rd, Anupparpalayam Pudur, Tiruppur",11.1399509,77.3134628,https://www.google.com/maps/place/?q=place_id:ChIJ71lxOy0HqTsRl_VfCK94Bl8,80,73,7,0,VIOLATION
Annalaksmi Restaurant & Tasmac,"46XH+36H, Mangalam",11.1464988,77.22866069999999,https://www.google.com/maps/place/?q=place_id:ChIJEw-_cwABqTsR0HvZSO0FhDc,9,9,0,0,VIOLATION
Tasmac wine shop,"Bus Stop, Number 2 Rd, Pasupathi Street, Hajiyar Nagar, Koranad, Mayiladuthurai, Pattamangalam",11.0960242,79.6415296,https://www.google.com/maps/place/?q=place_id:ChIJM8x4UyMnVToRj7XOJW65Idw,105,99,6,0,VIOLATION
TASMAC,"3JR7+P4H, Sitharkadu",11.0918138,79.6128616,https://www.google.com/maps/place/?q=place_id:ChIJaR8N9b4nVToRMF1YK4JtIgg,62,60,2,0,VIOLATION
TASMAC,"4FP5+PG4, kollidam to Kallanai Main Rd, Mullangudi, Ozhugacheri",11.1367565,79.45882040000001,https://www.google.com/maps/place/?q=place_id:ChIJEbttNJkrVToR-KTiumZQBCU,7,7,0,0,VIOLATION
TASMAC PARASALUR 5751,3PRJ+JVF,11.0915553,79.732165,https://www.google.com/maps/place/?q=place_id:ChIJRX3RhiUhVToRh0l-Y-cEpW4,11,11,0,0,VIOLATION
Tasmac bar,"4FCH+CF7, Unnamed Road, Kurichi",11.1210491,79.47866979999999,https://www.google.com/maps/place/?q=place_id:ChIJr_hHCOEpVToRkyBJ_q7os_s,4,4,0,0,VIOLATION
TASMAC MOLAIYUR 5780,"4MRV+CJ6, Uluthakuppai",11.1410295,79.6940197,https://www.google.com/maps/place/?q=place_id:ChIJC848GK0hVToR_DtFR0fc6UY,15,15,0,0,VIOLATION
TASMAC/Wines hope,"2XMQ+PMG, Kagithapuram - Velayuthampalayam Rd, Nanjaipugalur",11.0343253,77.989187,https://www.google.com/maps/place/?q=place_id:ChIJWVgNfSwrqjsRoEf-GBMaD5k,6,6,0,0,VIOLATION
Tasmac,"43Q7+VQP, Ponjai Idaiyar Keelmugam",11.1397209,78.06441439999999,https://www.google.com/maps/place/?q=place_id:ChIJm8dljwLTqzsR4RV5x5gUNjY,2,2,0,0,VIOLATION
TASMAC Wine Shop,"33W5+H34, Ponjai Idaiyar Keelmugam",11.0963819,78.0577033,https://www.google.com/maps/place/?q=place_id:ChIJJeyAOqstqjsRWMLJpBMFFgM,20,20,0,0,VIOLATION
TASMAC,"5W5G+QMJ, Venkatachalapathy Nagar, Nehru Nagar, Periyanaickenpalayam",11.1606238,76.9260876,https://www.google.com/maps/place/?q=place_id:ChIJQcdX_mrxqDsRUuK-bIbo_gg,63,63,0,0,VIOLATION
Tasmac,"3VHW+CJC, Thadagam Rd 2, Pappanaickenpalayam, Nanjundapuram",11.0785554,76.8965178,https://www.google.com/maps/place/?q=place_id:ChIJuwLb0v71qDsRTjEaLGmUox0,42,42,0,0,VIOLATION
Tasmac,"6VCQ+845, Coimbatore",11.220751,76.88776109999999,https://www.google.com/maps/place/?q=place_id:ChIJe3cQtqLzqDsRHw9dpR0nIv8,61,61,0,0,VIOLATION
TASMAC WINE SHOP,"6R7H+39C, Mulli Karamadai Road, Kemmarampalayam",11.2126893,76.8283798,https://www.google.com/maps/place/?q=place_id:ChIJ01xogrTyqDsRtq5wb-UUPho,43,43,0,0,VIOLATION
Tasmac,"5W9P+H2G, Naickenpalayam",11.1701118,76.9353414,https://www.google.com/maps/place/?q=place_id:ChIJDV9ZeHzxqDsRGDw6XYig2fY,24,24,0,0,VIOLATION
TASMAC Goverment Bar,"5VR2+F5C, Coimbatore",11.191198,76.8504009,https://www.google.com/maps/place/?q=place_id:ChIJ9UDqsCfzqDsR_vqyEpBveZE,22,22,0,0,VIOLATION
Tasmac,"6HGH+C5J, Ingur",11.2260827,77.57787359999999,https://www.google.com/maps/place/?q=place_id:ChIJ3ej1dNtyqTsRL6g-O7r9sUE,73,72,1,0,VIOLATION
TASMAC,"6GGR+V5M, Ingur - Sipcot Rd",11.2272279,77.5404368,https://www.google.com/maps/place/?q=place_id:ChIJRyrUWR4NqTsRy1poujsU2-k,20,20,0,0,VIOLATION
TASMAC Wine Shop 2,"6GV4+34J, Vijayamangalam",11.2427067,77.50527079999999,https://www.google.com/maps/place/?q=place_id:ChIJYx4yVHMNqTsRiWE-nX21egg,73,71,2,0,VIOLATION
TASMAC VELLODE,"6MQ5+443, Thenmugam Vellode",11.2377568,77.6578102,https://www.google.com/maps/place/?q=place_id:ChIJA9db3otxqTsRoTWJ006zr-U,77,74,3,0,VIOLATION
Tasmac,"6M3J+HP8, Anumanpalli",11.2039118,77.6818471,https://www.google.com/maps/place/?q=place_id:ChIJUa9gOUZxqTsR3uoSpvhhl8M,34,34,0,0,VIOLATION
Tasmac Arachalur,"5PC3+36G, Erode",11.1701825,77.7030827,https://www.google.com/maps/place/?q=place_id:ChIJsQLdVyh3qTsRhxEuIWHf-oc,39,39,0,0,VIOLATION
TASMAC,"7F2P+854, Kalliampudur",11.2507749,77.4854585,https://www.google.com/maps/place/?q=place_id:ChIJ92XTFvENqTsRivuO2Bo9lkc,40,40,0,0,VIOLATION
Tasmac அரசு மதுக்கடை,"5HQX+W3J, Mukasipidariyur",11.189836,77.597636,https://www.google.com/maps/place/?q=place_id:ChIJXX40gR5zqTsRsPVgpOGSz08,58,58,0,0,VIOLATION
TASMAC Bar,"Chennimalai-Arachalur Rd, Chennimalai",11.1658009,77.60877099999999,https://www.google.com/maps/place/?q=place_id:ChIJm1SEdn10qTsR0gsrKur6wrw,67,66,1,0,VIOLATION
TASMAC Wine Shop,"6GR2+RQ5, Vijayamangalam",11.2420212,77.5019946,https://www.google.com/maps/place/?q=place_id:ChIJURUjLZcNqTsRKr5ZKcqBfiY,81,79,2,0,VIOLATION
tasmac,"5H8X+5W4, Ottapparai",11.1653822,77.5998348,https://www.google.com/maps/place/?q=place_id:ChIJUSoKroV0qTsR9pQUulXuxJI,85,82,3,0,VIOLATION
TASMAC BAR ஒயின் சாப்,"5J7C+C7H, Erode",11.1635552,77.62074849999999,https://www.google.com/maps/place/?q=place_id:ChIJJap5ALJ1qTsRiNM-RwaKk0M,39,39,0,0,VIOLATION
SMS TASMAC BAR,"Gobi - Thingalur - Vijayamangalam Rd, Vijayapuri, Mettupudur",11.2557485,77.49419499999999,https://www.google.com/maps/place/?q=place_id:ChIJ48vR4NYNqTsRMpS60l_U0Z8,15,15,0,0,VIOLATION
WINE SHOP,"6PH8+6XX, Avalpoondurai",11.2273082,77.71692929999999,https://www.google.com/maps/place/?q=place_id:ChIJadOGI01xqTsRMAzDSctr-ck,64,62,1,1,VIOLATION
Tasmac,"5QVH+9GX, Elumathur",11.1934829,77.7788535,https://www.google.com/maps/place/?q=place_id:ChIJxQpVHmB7qTsRPhgxbvoFd0U,7,7,0,0,VIOLATION
Tasmac wine shop Ellakadai,"5Q5G+QMV, Unnamed Road, Elumathur",11.1594991,77.7766797,https://www.google.com/maps/place/?q=place_id:ChIJ7fDHQH15qTsRUetOffWk6Y8,37,37,0,0,VIOLATION
TASMAC,"5R9P+CM9, Erode",11.1685293,77.8367227,https://www.google.com/maps/place/?q=place_id:ChIJLXKTW8p5qTsReM3bzH5iKac,3,3,0,0,VIOLATION
Tasmac,"7Q9M+47C, Savadipalayam Pudur, Sathambur",11.267814,77.7831484,https://www.google.com/maps/place/?q=place_id:ChIJ_yt5pCV7qTsRVveB8PHph88,25,25,0,0,VIOLATION
Tasmac wine shop,"7R7M+WF7, Mariyamman Koil St, Iraiyamankalam",11.2647582,77.8336641,https://www.google.com/maps/place/?q=place_id:ChIJGZF3d557qTsR3U7fmt4fdyE,59,59,0,0,VIOLATION
Tasmac sankar,"7R27+P29, Nanjappagoundenpudur",11.2517731,77.81262579999999,https://www.google.com/maps/place/?q=place_id:ChIJQcAdW0d7qTsRxtaAGSnZgao,7,7,0,0,VIOLATION
Tasmac,"524F+X33, Paramathi",11.1573824,78.0227015,https://www.google.com/maps/place/?q=place_id:ChIJbxmxLYbTqzsRc7RAbZ7WK8s,68,66,2,0,VIOLATION
Wine shop (4 Road junction),MDR885,11.2357677,77.9228433,https://www.google.com/maps/place/?q=place_id:ChIJOWy4q2Z9qTsR1xhvh-poS8E,8,8,0,0,VIOLATION
TASMAC 10335,"5H2V+FC7, Senappannallur Rd, Thuraiyur",11.1511667,78.5935624,https://www.google.com/maps/place/?q=place_id:ChIJUbLjw42rqzsR24NTggPaZd4,91,86,4,1,VIOLATION
Wine shop,"6J3R+RV, Sengattupatti",11.2045238,78.6421814,https://www.google.com/maps/place/?q=place_id:ChIJKSNaFM-rqzsR-vW_RHyzmK0,11,11,0,0,VIOLATION
TASMAC Godown,"7V88+8CJ, North Madhavi Road",11.2658172,78.865905,https://www.google.com/maps/place/?q=place_id:ChIJ9bZchh4bqzsRClyiaVhSKUw,12,12,0,0,VIOLATION
Tasmac,"4CWJ+5Q4, Vembukudi",11.1453964,79.4319447,https://www.google.com/maps/place/?q=place_id:ChIJP-Cyg0crVToRLqu9qOEGCuQ,16,16,0,0,VIOLATION
Tasmac,"39R8+XF, Kodangudi North",11.0923978,79.36612690000001,https://www.google.com/maps/place/?q=place_id:ChIJ5wXSUwbVqjsRJt8sVcjHsqM,40,40,0,0,VIOLATION
Wine shop,"39X9+HQ2, Kodangudi North",11.0989174,79.36939079999999,https://www.google.com/maps/place/?q=place_id:ChIJwbVvCSHVqjsRnJ_dbPdUsXw,70,66,4,0,VIOLATION
Government wine shop,"2CQ5+J5H, NH 36, Natham",11.0390525,79.4079884,https://www.google.com/maps/place/?q=place_id:ChIJNUkaBTUtVToRgpHWClwjHGo,22,22,0,0,VIOLATION
Tasmac,"XC7J+W89, Thirunageswaram, Thepperumanallur",10.9647791,79.43087260000001,https://www.google.com/maps/place/?q=place_id:ChIJmSyM5-8zVToR3iFfVVPdSAA,89,86,3,0,VIOLATION
TASMAC,"XFVR+37G, Maruthuvakudi",10.9926815,79.4907064,https://www.google.com/maps/place/?q=place_id:ChIJIRw4fvMvVToRgn_wtTfqOQs,6,6,0,0,VIOLATION
Wine Shop,"5VMG+24P, Siruvachur",11.182583,78.8753198,https://www.google.com/maps/place/?q=place_id:ChIJMVEEq_0cqzsRxXrC-DkDi24,5,5,0,0,VIOLATION
Wine Shop,"5WRC+M37, Kalpadi, Kalpadi North",11.191652,78.9202049,https://www.google.com/maps/place/?q=place_id:ChIJox1Ani8cqzsR7RbSTBn9v80,43,43,0,0,VIOLATION
tasmac,"63XP+36F, Perambalur, Nallarikkai",11.2476966,79.08555539999999,https://www.google.com/maps/place/?q=place_id:ChIJ364CCXQjqzsRl1PBDrnmrUQ,11,11,0,0,VIOLATION
Wine Shop Melamathur,"52WR+RQ4, Venmani - Melamathur Rd, Periavenmani West",11.1969988,79.0420092,https://www.google.com/maps/place/?q=place_id:ChIJYd1v_rchqzsRuHZ1FJsg8rc,12,12,0,0,VIOLATION
Irumbulikurichi TASMAC டாஸ்மாக்,"662C+MRP, Sirukadambur",11.2017152,79.222079,https://www.google.com/maps/place/?q=place_id:ChIJ5-9He0ApqzsRLLDsx6bpWPU,6,6,0,0,VIOLATION
TASMAC,"757F+V97, Sendurai to Vanjanapuram Rd, Nakkambadi",11.2646622,79.1734086,https://www.google.com/maps/place/?q=place_id:ChIJKf3fW80lqzsRTAVzsFuIs-w,5,5,0,0,VIOLATION
Tasmac wineshop,"796H+J4G, Kallathur - Pappakudi Rd, Koovathur South",11.261551,79.3778414,https://www.google.com/maps/place/?q=place_id:ChIJ2cT49DMtqzsR5lPZsuE2Q68,54,54,0,0,VIOLATION
Tasmac Nellithoppu,"6F8F+G7X, Kundaveli West",11.2163553,79.4732344,https://www.google.com/maps/place/?q=place_id:ChIJ5UKezxbXVDoRM31BvqtOrsQ,12,12,0,0,VIOLATION
TASMAC,"Wine Shop, Hp Petrol Bunk, Karamadai",11.2463606,76.95569569999999,https://www.google.com/maps/place/?q=place_id:ChIJhW5TsyHuqDsRuivWNL-Y_RQ,62,62,0,0,VIOLATION
Tasmac,"5WFW+22C, Gudalur",11.1725582,76.9450173,https://www.google.com/maps/place/?q=place_id:ChIJbUPVaBTxqDsRBivfYx8HsfE,59,59,0,0,VIOLATION
Tasmac Wine Shop,"6X39+G34, Kalipalayam Rd, Mathampalayam, Bilichi",11.2037568,76.9677159,https://www.google.com/maps/place/?q=place_id:ChIJE8CF8FzxqDsR1lJseingmn4,67,63,0,4,VIOLATION
TASMAC Wine Shop,"5WPV+3GH, Unnamed Road, Vallalar Nagar, Press Colony, Coimbatore",11.1851834,76.9438626,https://www.google.com/maps/place/?q=place_id:ChIJ09-e3RjxqDsRfpPKsC5GHSY,19,19,0,0,VIOLATION
"Tasmac Wineshop & bar, அரசு மதுபானக் கடை & பார்,","656G+HRP, Ramanathapuram",11.2114674,77.1770715,https://www.google.com/maps/place/?q=place_id:ChIJXxLCB8v9qDsRMJtI5Z4Dtks,6,6,0,0,VIOLATION
TASMAC WINE SHOP,"5XGH+4XW, Kalipalayam Rd, Sama Naicken Palayam, Veerapandi",11.1754029,76.9799373,https://www.google.com/maps/place/?q=place_id:ChIJdYSwy-7wqDsRxdF6BuDRqHc,62,62,0,0,VIOLATION
TASMAC,"6J3V+466, Talainayar II Bit",11.2027935,79.64300329999999,https://www.google.com/maps/place/?q=place_id:ChIJmT_2IA3ZVDoRqTypuhrsNro,48,48,0,0,VIOLATION
tasmac bar,MDR257,11.1851486,79.63228509999999,https://www.google.com/maps/place/?q=place_id:ChIJK2jJ-F7ZVDoRFM6nBF49pU8,12,12,0,0,VIOLATION
TASMAC AATHUR,"5HG8+9PG, Budangudi, Attur",11.1759978,79.5667849,https://www.google.com/maps/place/?q=place_id:ChIJX8pnSuHZVDoRsSNlxx9tvGM,12,12,0,0,VIOLATION
Tasmac,"6J3V+R9G, Pattavarthi, Talainayar II Bit",11.2045738,79.6434515,https://www.google.com/maps/place/?q=place_id:ChIJO6OMi9bYVDoRJBMvqqtky0Y,50,50,0,0,VIOLATION
Tasmac,"56JV+F22, Nadhampalayam-Velliampalayam Road, Avinashi",11.1811429,77.2425037,https://www.google.com/maps/place/?q=place_id:ChIJhTYVYrUDqTsRMxHYIotKIac,40,40,0,0,VIOLATION
Tasmac Wine Shop,"662X+H62, veliyampalayam sembiyanalur po, Avinashi",11.2013499,77.2480217,https://www.google.com/maps/place/?q=place_id:ChIJD2RfanoDqTsRXtNTp9SyXMg,38,38,0,0,VIOLATION
Tasmac,"586P+J3, Chettipalayam, Tiruppur",11.1615981,77.335118,https://www.google.com/maps/place/?q=place_id:ChIJLboT-TEHqTsREvYw-2mxTOg,64,62,2,0,VIOLATION
Tasmac,"584C+FM9, Unnamed Road, Aathuppalayam, Tiruppur, A.Thirumuruganpoondi",11.1561507,77.32174719999999,https://www.google.com/maps/place/?q=place_id:ChIJD5b3a3sHqTsRQd3HkMZwIHA,63,62,1,0,VIOLATION
TASMAC,"Sinnaripalayam, Avinashi",11.196728,77.2923411,https://www.google.com/maps/place/?q=place_id:ChIJbUYjKnoEqTsR7tI05PK9fCk,58,58,0,0,VIOLATION
டாஸ்மாக் TASMAC,"57C8+JP2, Karumapalayam, Velayudampalayam",11.1708899,77.2660374,https://www.google.com/maps/place/?q=place_id:ChIJuTxCi0IDqTsRDq-VIUERlWU,69,67,2,0,VIOLATION
TASMAC BAR,"TNHB Colony, Madhusudhan Layout, Civil Aerodrome Post, Coimbatore",11.0386237,77.0385507,https://www.google.com/maps/place/?q=place_id:ChIJ-xReUL9XqDsRzJMLshWQWqY,91,65,8,18,VIOLATION
TASMAC BAR,"23X2+5F7, Vellanaipatti Main Rd, Athikuttai, Karuparampalayam Pirvu, Coimbatore",11.0479334,77.0511764,https://www.google.com/maps/place/?q=place_id:ChIJ-_LnLMxXqDsRB7iFeTscNno,66,62,1,3,VIOLATION
"Tasmac ""","584X+R9M, Vengamedu, Poyampalayam, Tiruppur, Chettipalayam",11.1570867,77.348452,https://www.google.com/maps/place/?q=place_id:ChIJ42YiRnEGqTsRnt4C0qSF0Ic,74,69,4,1,VIOLATION
Npm Wine Shop,"664F+CG5, Nambiyampalayam, Avinashi",11.2060012,77.22385589999999,https://www.google.com/maps/place/?q=place_id:ChIJF8VM6ncDqTsR63MzSCypi4Q,25,25,0,0,VIOLATION
TASMAC,"885X+G4M, Solakkadu, Karavallicombai R.F.",11.3088393,78.34781679999999,https://www.google.com/maps/place/?q=place_id:ChIJvSgTdgC5qzsRBaT2i48rlos,53,53,0,0,VIOLATION
TASMAC WINE SHOP,"9974+X7P, Sangarai - Navagadu, Edappulinadu",11.3649595,78.3556985,https://www.google.com/maps/place/?q=place_id:ChIJEUx_sLa5qzsRT8lNVYE2XpY,9,9,0,0,VIOLATION
TASMAC,"Tamil Nadu 621011, India",11.2679061,78.50940969999999,https://www.google.com/maps/place/?q=place_id:ChIJs1wBNaWvqzsRbFJCvjxt7zM,39,39,0,0,VIOLATION
TASMAC Wine Shop,"5C73+7QF, Sedarpalayam, Morattupalayam",11.1631856,77.40439889999999,https://www.google.com/maps/place/?q=place_id:ChIJYcEDAcsIqTsR1KFWp0r47A4,47,47,0,0,VIOLATION
TASMAC WINE SHOP,"593P+XMJ, Vavipalayam, Tiruppur",11.1549721,77.3866467,https://www.google.com/maps/place/?q=place_id:ChIJ-674akUJqTsR3bj5tQkJLlE,42,42,0,0,VIOLATION
TASMAC & V V RESTURANT WITH A/C BAR,"3/399, Tirupur Road, Poonthottam, Perumanallur",11.1982207,77.35477829999999,https://www.google.com/maps/place/?q=place_id:ChIJ9Y3IoqIFqTsRZYeMtjOxgZ4,55,55,0,0,VIOLATION
Wine shop,"6CPJ+C2, Sundakkampalayam",11.2360404,77.4300506,https://www.google.com/maps/place/?q=place_id:ChIJ1znb_PoPqTsRcqt1t_XvzFE,3,3,0,0,VIOLATION
Wine Shop,"7C63+7J2, Kunnathur",11.260643,77.40402139999999,https://www.google.com/maps/place/?q=place_id:ChIJqdgUEzsRqTsRbkzDmTHSDXI,28,28,0,0,VIOLATION
"Wine shop and Bar,","59HJ+4XP, Unnamed Road, Tiruppur",11.1778457,77.38245959999999,https://www.google.com/maps/place/?q=place_id:ChIJ0YPASzQPqTsRtMxU0pItWWE,27,27,0,0,VIOLATION
TASMAC,"By pass road 48, Sattanathapuram, Sirkali",11.2170002,79.7299109,https://www.google.com/maps/place/?q=place_id:ChIJSUAMEi7eVDoRm_jH0P1WZ74,30,30,0,0,VIOLATION
TASMAC THIRUNANDRIYUR 5744,"5M3X+GGH, Alaveli",11.1538208,79.6988526,https://www.google.com/maps/place/?q=place_id:ChIJVa-6SUshVToRSYDzpaGAy-E,7,7,0,0,VIOLATION
Wine Shop (tamilnadu govt),"6RXC+C35, Thirumullaivasal",11.2484921,79.82025519999999,https://www.google.com/maps/place/?q=place_id:ChIJ76dOf-HjVDoRqmUruDPVDpQ,10,10,0,0,VIOLATION
Tasmac,"9P3J+QHR, k., Muthorai Palada",11.3544911,76.7313862,https://www.google.com/maps/place/?q=place_id:ChIJqQ_hpIGWqDsRw2d1ToOyDy8,60,60,0,0,VIOLATION
Tasmac Wine Shop,"8QXH+QFQ, Vassampallam Road, Ottuppattarai, Coonoor",11.3494516,76.7787319,https://www.google.com/maps/place/?q=place_id:ChIJYeWD81eUqDsRVk8SjWsPOaE,66,65,1,0,VIOLATION
Tasmac,"8QG2+R8, Selas, Huligal",11.3270255,76.7508564,https://www.google.com/maps/place/?q=place_id:ChIJacXisiaVqDsRQLrl5wQK8XU,62,62,0,0,VIOLATION
Tasmac,"Thoothur Mattam, Bus Stop, Thuthurmattam - Kolacombai Rd, Thuthurmattam",11.2870408,76.7317,https://www.google.com/maps/place/?q=place_id:ChIJZz6nB9eRqDsRg8ALbMDNrAc,60,60,0,0,VIOLATION
District Tasmac godown,"MDR 1073, MDR 1073, Bandisolai",11.377073,76.8139527,https://www.google.com/maps/place/?q=place_id:ChIJ8a9fQgCVqDsRhFpwaeoDqbA,46,46,0,0,VIOLATION
TASMAC,"65FC+MQ6, Sendhamangalam Rd, R.P Pudur, Namakkal",11.2241641,78.1719056,https://www.google.com/maps/place/?q=place_id:ChIJhT1togXPqzsR2fYPZGY2f4w,71,68,3,0,VIOLATION
Tasmac Wine Shop,"7526+8CH, Swamy Nagar, Namakkal",11.2508137,78.1611113,https://www.google.com/maps/place/?q=place_id:ChIJM6avbgbPqzsRr3eN1On0MpM,59,59,0,0,VIOLATION
TASMAC,"659R+JHJ, Ganga Nagar, Namakkal",11.2190829,78.1913931,https://www.google.com/maps/place/?q=place_id:ChIJM3J98ufPqzsRBmZQnjhrPeM,61,61,0,0,VIOLATION
TASMAC Wine Shop,"Ganesapuram, Kamaraj Nagar, Namakkal",11.2136819,78.1746843,https://www.google.com/maps/place/?q=place_id:ChIJF0uXo5bOqzsRPi3Olg7JF5E,74,65,9,0,VIOLATION
govt Tasmac,"7555+5X2, Swamy Nagar, M. K. Ramasamy Nagar",11.2578678,78.15988399999999,https://www.google.com/maps/place/?q=place_id:ChIJv3MGOq3PqzsR4Jo4tN-gCKY,58,58,0,0,VIOLATION
TASMAC Wine Shop,"Shop No: 5912, R.P Pudur, Namakkal",11.226576,78.1629883,https://www.google.com/maps/place/?q=place_id:ChIJl5AvOvHOqzsRPz2EPfXgeiM,86,77,8,1,VIOLATION
TASMAC,"55X8+JXV, Kondichettipatti",11.1991177,78.1673713,https://www.google.com/maps/place/?q=place_id:ChIJmTRmzoLOqzsRlG_leiAOOUI,64,64,0,0,VIOLATION
Tasmac WineShop,"54W2+427, Thattankuttai, Andipatti",11.1952849,78.100042,https://www.google.com/maps/place/?q=place_id:ChIJp-h7vW7TqzsRTKxmgt5u-fw,35,35,0,0,VIOLATION
GOVT TASMAC,"7422+FFJ, Namakkal",11.2511989,78.101185,https://www.google.com/maps/place/?q=place_id:ChIJq5GebrjRqzsR_ELXzSI2B3k,10,10,0,0,VIOLATION
TASMAC,"88HC+34X, Hair-Pin Rd, Karavalli",11.3277633,78.3202833,https://www.google.com/maps/place/?q=place_id:ChIJo25tlFy4qzsRy8DLl0JuBNw,38,38,0,0,VIOLATION
Tasmac,"76RH+P8J, Unnamed Road, Senthamangalam",11.2918386,78.2282657,https://www.google.com/maps/place/?q=place_id:ChIJ9bXM54XHqzsRgyPX8bPnXnI,7,7,0,0,VIOLATION
TASMAC,"76X7+6HV, MDR285",11.298122,78.213932,https://www.google.com/maps/place/?q=place_id:ChIJYdigZ7zHqzsRTHOOzDrCKbw,11,11,0,0,VIOLATION
New TASMAC Semmedu,"78GJ+9G4, Valavanthinadu",11.2758845,78.3313172,https://www.google.com/maps/place/?q=place_id:ChIJ-dcqpr23qzsRa1x7CK6y15E,64,63,1,0,VIOLATION
TASMAC,"9P9R+CQP, Thondamandurai East",11.3685804,78.74195390000001,https://www.google.com/maps/place/?q=place_id:ChIJs_Zofw8JqzsRqcFt1wep-ws,2,2,0,0,VIOLATION
Tasmac,"73RX+HMF, Puthur East, BommamPatty",11.2914646,78.09918449999999,https://www.google.com/maps/place/?q=place_id:ChIJU79gkUvbqzsRYZneAFexPNA,9,9,0,0,VIOLATION
Tasmac Wine Shop,"8X2J+28Q, Karichipalayam",11.3000824,77.9808431,https://www.google.com/maps/place/?q=place_id:ChIJD9Sv6cnZqzsR2t_Z_c3Jvck,37,37,0,0,VIOLATION
Tasmac,"92F8+F5, Elachipalayam",11.373717,78.01542239999999,https://www.google.com/maps/place/?q=place_id:ChIJIzAV9wnfqzsRUd7nKOcZEu0,6,6,0,0,VIOLATION
Tasmac,"9VHQ+666, Thondikaradu, Tiruchengode",11.3781005,77.88800839999999,https://www.google.com/maps/place/?q=place_id:ChIJK-T1oHFhqTsRJdK3TUslhc8,74,72,2,0,VIOLATION
Tasmac,"Sri vishakan illam, near muniyappan temple, Velagoundampatti",11.2864667,78.07296269999999,https://www.google.com/maps/place/?q=place_id:ChIJb-EvzDfbqzsR0YVO-MwMmUE,60,60,0,0,VIOLATION
TASMAC Wine Shop,"Tamil Nadu 637205, India",11.3777367,77.90990099999999,https://www.google.com/maps/place/?q=place_id:ChIJ6WlEwe1hqTsRFXUQ1Mz0ku4,63,63,0,0,VIOLATION
Unjanai TASMAC,"9X43+8W3, SH 94, Unjanai",11.3557908,77.9548016,https://www.google.com/maps/place/?q=place_id:ChIJ1fQ_vZLZqzsRRnofw9L1XEw,18,18,0,0,VIOLATION
Wine shop,7VCC+F3P,11.2712083,77.8702091,https://www.google.com/maps/place/?q=place_id:ChIJod7hnM18qTsREdSm9U7WDzo,11,11,0,0,VIOLATION
TASMAC Shop Eraiyur,"9X7F+RHM, Eraiyur",11.3645847,78.9739101,https://www.google.com/maps/place/?q=place_id:ChIJidmuh_8WqzsR9Mf97cJBZdg,21,21,0,0,VIOLATION
"tasmac, veppur","8334+84C, Nannai East",11.3033151,79.05526929999999,https://www.google.com/maps/place/?q=place_id:ChIJP9GivdgjqzsR1VpQZK18tI8,3,3,0,0,VIOLATION
TASMAC,"7XWF+XC5, Keelapuliyur-Ayikkudi-Kallampudhur Rd, Sirumathur",11.2973678,78.9735975,https://www.google.com/maps/place/?q=place_id:ChIJ-yuBqRwZqzsRFES0BjRX6tU,2,2,0,0,VIOLATION
Tasmac shop,"98GF+HRV, Unnamed Road, Alagapuram",11.3764875,79.32453149999999,https://www.google.com/maps/place/?q=place_id:ChIJidOVqZszqzsRWxGH-eW0PIE,1,1,0,0,VIOLATION
Tasmac Wine Shop,"7GGH+647, Nattarmangalam",11.2755258,79.52781039999999,https://www.google.com/maps/place/?q=place_id:ChIJKey3uejQVDoRQcTjlQ0vUNA,15,15,0,0,VIOLATION
WINE SHOP,9FG9+MG6,11.3766503,79.46876639999999,https://www.google.com/maps/place/?q=place_id:ChIJcfp0cs7NVDoRZTnyD-CPQJs,4,4,0,0,VIOLATION
Wine shop,"96HF+CH2, Thalavoi North",11.3785448,79.2238837,https://www.google.com/maps/place/?q=place_id:ChIJew7pXg0xqzsRYQGOg2uis7E,10,10,0,0,VIOLATION
TASMAC,"8W7J+9QF, SH 15, Odanthurai",11.3134474,76.9318764,https://www.google.com/maps/place/?q=place_id:ChIJs5IQD8vvqDsRjHPB05ADamE,74,73,1,0,VIOLATION
tasmac,"7WQX+99H, Chickadasampalayam",11.2885061,76.94847659999999,https://www.google.com/maps/place/?q=place_id:ChIJoUXdDKLvqDsRhgGFQauXaD4,62,60,2,0,VIOLATION
TASMAC,"954F+28J, Anna Nagar Rd, Anna Nagar, Puliampatti",11.3550823,77.1732614,https://www.google.com/maps/place/?q=place_id:ChIJi6QamurhqDsRZvQAmAYrGd8,63,62,1,0,VIOLATION
TASMAC,"8238+F3W, Sirumugai",11.303772,77.0152083,https://www.google.com/maps/place/?q=place_id:ChIJq4sZG5XlqDsRefHcqZTQbb4,8,8,0,0,VIOLATION
TASMAC,"96MP+P28, Varapalayam",11.3842918,77.235089,https://www.google.com/maps/place/?q=place_id:ChIJDXdycCwfqTsRBJilHi7cksA,2,2,0,0,VIOLATION
Tasmac,"9567+7GJ, Puliampatti",11.3609918,77.1632127,https://www.google.com/maps/place/?q=place_id:ChIJv8cdKJThqDsR6q2sBwyCV58,68,64,4,0,VIOLATION
Government TASMAC,"77H2+5C5, Sevur",11.2778354,77.251094,https://www.google.com/maps/place/?q=place_id:ChIJQ8aQmuUcqTsRy4LFR9SnImI,9,9,0,0,VIOLATION
அரசு மதுக்கடை Tasmac,"7795+W2, Sevur",11.2698789,77.2575389,https://www.google.com/maps/place/?q=place_id:ChIJh3N8DCMdqTsR492TXwrvGck,3,3,0,0,VIOLATION
Tasmac,"8898+4J8, Unnamed Road, Emmampoondi",11.3177795,77.3165861,https://www.google.com/maps/place/?q=place_id:ChIJp0GL1hkbqTsRU3OSZaHmBko,4,4,0,0,VIOLATION
Wine shop,"88Q5+H3P, Polavapalayam",11.3389518,77.3076961,https://www.google.com/maps/place/?q=place_id:ChIJw5LsMtIbqTsRtva1MGflej4,16,16,0,0,VIOLATION
Tasmac wine shop,"49M6+MCG, Ratha Nagar, Kanjam Palayam Pirivu, Tiruppur",11.1341961,77.3610887,https://www.google.com/maps/place/?q=place_id:ChIJNcrR8TgGqTsRXZwFYydwP40,63,61,2,0,VIOLATION
TASMAC,"8G3W+2R5, Thuduppathi",11.3025309,77.5470996,https://www.google.com/maps/place/?q=place_id:ChIJE995VtgSqTsRDnWgcy0QUK8,68,67,1,0,VIOLATION
TASMAC,"7GWQ+X4H, Erode",11.2974555,77.5378602,https://www.google.com/maps/place/?q=place_id:ChIJR9kMbOcSqTsR9HceHdnwYyk,22,22,0,0,VIOLATION
tasmac vellankovil,"9FJH+24G, Erode",11.3800577,77.47782959999999,https://www.google.com/maps/place/?q=place_id:ChIJeTLDiSUUqTsRFOdKJlgCFUk,24,24,0,0,VIOLATION
TASMAC,"7PWC+9PJ, Puthur",11.295957,79.7217246,https://www.google.com/maps/place/?q=place_id:ChIJjaLLlJ7dVDoRxayYwIno4-s,16,16,0,0,VIOLATION
TASMAC,"8J5H+3P6, MDR201, Komaratchi",11.3076682,79.62925849999999,https://www.google.com/maps/place/?q=place_id:ChIJ202aNbrbVDoRXj0YrJY6qJQ,60,60,0,0,VIOLATION
Tasmac Wineshop,"CFQJ+GM8, Jangama Samudram",11.4387998,78.4816894,https://www.google.com/maps/place/?q=place_id:ChIJ6RsmTtGiqzsR_PEn7sNNofw,61,61,0,0,VIOLATION
Wine Shop,"CGR4+7Q5, Salem",11.4406464,78.5069633,https://www.google.com/maps/place/?q=place_id:ChIJixfWjOSiqzsRqbSYSeG6zIs,18,18,0,0,VIOLATION
Wine shop மது கடை,"FVF5+3FP, Kaikalathur East",11.4727246,78.85867809999999,https://www.google.com/maps/place/?q=place_id:ChIJn82Fnr0TqzsRGorCdkm2Po8,15,15,0,0,VIOLATION
Tasmac,"F5F6+R6W, Dhoddampalayam",11.4746251,77.1605703,https://www.google.com/maps/place/?q=place_id:ChIJKxkaeQ_fqDsRpXweSGFJ8Hc,26,26,0,0,VIOLATION
TASMAC Wine Shop,"FWV2+CVG, Keradamattam, Kodanad",11.4935548,76.9021939,https://www.google.com/maps/place/?q=place_id:ChIJF0VWC2DBqDsRNVPjYcLjQxQ,25,25,0,0,VIOLATION
Tasmac Bar,"Market square, Bhavanisagar",11.4749229,77.1310752,https://www.google.com/maps/place/?q=place_id:ChIJP7Lp9fHeqDsR7UZ8ZJkI1LQ,67,63,4,0,VIOLATION
TASMAC,"8JPQ+V3R, Nathaswara Kaadu Rd, Nasiyanur",11.3372433,77.6376363,https://www.google.com/maps/place/?q=place_id:ChIJp8FfSRFsqTsRh2ZEzodJx3o,75,75,0,0,VIOLATION
TASMAC WINE SHOP,"Madathuppalayam Road, pirivu, Perundurai",11.27309,77.58049199999999,https://www.google.com/maps/place/?q=place_id:ChIJB83cfjltqTsRzVDVnjjiewM,81,78,2,1,VIOLATION
Tasmac,"9MM2+57F, Ganapathi nagar sellappanpalayam, Chithode",11.3829406,77.6506812,https://www.google.com/maps/place/?q=place_id:ChIJU5N6ZbtrqTsRkv3CktdWFiA,19,19,0,0,VIOLATION
Tasmac,"8J8V+627, Rayapalayam",11.3155373,77.6425503,https://www.google.com/maps/place/?q=place_id:ChIJF3GyBC5sqTsRlqiK6ErWOPQ,16,16,0,0,VIOLATION
TASMAC,"7JR8+682, Vailkaalmedu",11.2904702,77.61578089999999,https://www.google.com/maps/place/?q=place_id:ChIJy7zMIQBtqTsRUCXxemCuKM8,60,60,0,0,VIOLATION
ELITE TASMAC,"8MJG+526, Maruthi Nagar, Thindal, Erode",11.3304069,77.6750133,https://www.google.com/maps/place/?q=place_id:ChIJnbq5GJVuqTsR40524E8eBa0,62,61,1,0,VIOLATION
Tasmac,"8JGW+2G9, Nanjanapuram Rd, Nasiyanur",11.3250342,77.6463784,https://www.google.com/maps/place/?q=place_id:ChIJTYKKw8VtqTsRRfqG5FS32EM,23,23,0,0,VIOLATION
Tasmac Veerappampalayam,"8MJR+4HQ, Maruthi Nagar, Thindal, Erode",11.3303274,77.691493,https://www.google.com/maps/place/?q=place_id:ChIJTxpBQJVvqTsRJ_foX8gke24,65,64,1,0,VIOLATION
Tasmac Wine Shop,"7HJQ+749, chunnamboo oodai, Bhavani Main Rd, Erode",11.2806725,77.58784639999999,https://www.google.com/maps/place/?q=place_id:ChIJ7QnauHlpqTsR-xh_dXMh83Y,69,65,4,0,VIOLATION
TASMAC Kanjikovil,"9H9V+CGG, Kanjikoil",11.3685767,77.5937679,https://www.google.com/maps/place/?q=place_id:ChIJmRXw4KJrqTsRNx_0CFgSIik,74,72,1,1,VIOLATION
Tasmac mall shop,"7HHJ+H8H, SH 196, Perundurai",11.2789883,77.5808667,https://www.google.com/maps/place/?q=place_id:ChIJtyOZxyttqTsRrCnWDV5CloY,83,74,9,0,VIOLATION
Tasmac & Bar,"7H9J+8RJ, Kavin Nagar, Perundurai",11.2683083,77.5820392,https://www.google.com/maps/place/?q=place_id:ChIJh94oSyttqTsRrD1P_qTtApY,61,61,0,0,VIOLATION
Tasmac.Wine Shop,"Ganirauttar Kulam, Sathyamangalam road, Asokapuram, Erode",11.3670304,77.6969542,https://www.google.com/maps/place/?q=place_id:ChIJqR14hqFpqTsRtubLXbWKm70,75,73,2,0,VIOLATION
SMS TASMAC BAR,"CHENNIMALAI, RS ROAD, PALAYAM, Perundurai, Erode",11.2753872,77.6264235,https://www.google.com/maps/place/?q=place_id:ChIJhecbIhVtqTsRxCjHtzP4zok,13,13,0,0,VIOLATION
TASMAC Government Wine Shop,"8MFJ+FF9, Maruthi Nagar, Nalliyampalayam, Erode",11.3237048,77.6812101,https://www.google.com/maps/place/?q=place_id:ChIJ2Wn_0uBvqTsRNmFkVahNcfY,76,67,9,0,VIOLATION
RED STONE BAR & RESTAURANT,"6 chinnaswngodampalayam, Rs.No.309/5, Perundurai Rd, behind LOTUS TVS, Maruthi Nagar, Veerappampalayam, Erode",11.3277162,77.69079959999999,https://www.google.com/maps/place/?q=place_id:ChIJ3UwmqbtvqTsR5Hwd10MDGnQ,65,62,3,0,VIOLATION
Deluxe recreation bar and restaurant,"9J9W+6MQ, Nochipalayam, Kankapuram",11.3680467,77.6467378,https://www.google.com/maps/place/?q=place_id:ChIJd2upSgBrqTsRg1g3ShkoOos,59,59,0,0,VIOLATION
TASMAC,"8QC2+M93, Solar Pirivu, Erode",11.3216306,77.7509315,https://www.google.com/maps/place/?q=place_id:ChIJQfvS1EllqTsRDtlqIa6W7yU,67,65,2,0,VIOLATION
Tasmac Wine Shop,"8PW9+6MW, Erode Fort, Erode",11.3456228,77.7192142,https://www.google.com/maps/place/?q=place_id:ChIJmYK10DlvqTsRapaLR7OEBN8,98,74,21,3,VIOLATION
TASMAC,"Erode to Kokkarayanpettai road (Kaveri river) Bridge, Erode-Kokkarayanpettai Rd",11.3333407,77.76079159999999,https://www.google.com/maps/place/?q=place_id:ChIJsx2wNDVlqTsRaZgbrkooO3E,17,17,0,0,VIOLATION
TASMAC,"9P67+253, Bhavani Main Rd, Veerappanchatram, Erode",11.3600425,77.7129669,https://www.google.com/maps/place/?q=place_id:ChIJkwpD211pqTsR0dnMVj_w6TY,76,73,3,0,VIOLATION
Tasmac,"7PPH+MJV, Mullamparappu",11.2867522,77.7289705,https://www.google.com/maps/place/?q=place_id:ChIJ77hcSZ5vqTsR36c0Kml1ltU,62,61,1,0,VIOLATION
Tasmac,"Bus Stop, Erode Railway Station, Erode-Chennimalai Rd, Periyar Nagar, Erode",11.3293857,77.7243368,https://www.google.com/maps/place/?q=place_id:ChIJdQggExRvqTsRG9aAJ7fpe5I,84,77,7,0,VIOLATION
Tasmac,"8PV9+WQ4, Erode Fort, Erode",11.3447585,77.71945939999999,https://www.google.com/maps/place/?q=place_id:ChIJpbmaIjR9qTsRNoIg-W91ivQ,120,94,24,2,VIOLATION
TASMAC BAR,"8P9H+JWF, Erode Main Rd, Housing Unit, Moolapalayam, Nadarmedu, Erode",11.3190707,77.72978429999999,https://www.google.com/maps/place/?q=place_id:ChIJhX5PN3FvqTsRYe4-oATd5cc,73,70,3,0,VIOLATION
Tasmac Bar,"8PG2+FF2, EB Officer's Colony, Palayapalayam, Erode",11.3261262,77.70112329999999,https://www.google.com/maps/place/?q=place_id:ChIJZxN2ox1vqTsRG3_J8k8dNVM,68,66,2,0,VIOLATION
Tasmac,"9PF4+G38, Bhavani Main Rd, Erode",11.3737539,77.70522799999999,https://www.google.com/maps/place/?q=place_id:ChIJY4B24fFpqTsRPyvbAM4yyh4,71,70,1,0,VIOLATION
Tasmac டாஸ்மாக். TIP TOP BAR & HOTEL,"8Q6J+G72, Kokkarayenpet Cauvery Rd",11.3111753,77.7806713,https://www.google.com/maps/place/?q=place_id:ChIJSeFmOQZlqTsRaB-VJXLkHrA,62,62,0,0,VIOLATION
Solar pudur tasmac,"8QC5+G9H, 50 Feet Rd, Indira Nagar, Erode",11.32136,77.7584267,https://www.google.com/maps/place/?q=place_id:ChIJ8fZVEMZlqTsRMtetrIqSHwY,40,40,0,0,VIOLATION
tasmac 3493,"8PX9+FWM, Thirunagar Colony, Erode",11.3486944,77.7199291,https://www.google.com/maps/place/?q=place_id:ChIJcXufVDZvqTsRSpiltxQc5B8,92,76,13,3,VIOLATION
Soli Fast Food Tasmac Bar,"7PHH+M94, SH 83A, Pudur",11.2791564,77.7283355,https://www.google.com/maps/place/?q=place_id:ChIJe7qOv4JvqTsRjUG9aYiNZBs,43,43,0,0,VIOLATION
TASMAC Bar,"Tamil Nadu 638007, India",11.3386155,77.7608657,https://www.google.com/maps/place/?q=place_id:ChIJXfjA8uxlqTsRZwL31y_7ueA,31,31,0,0,VIOLATION
TASMAC,"F6RW+MMC, Vaikalmedu Road, Sathyamangalam",11.4916389,77.2466458,https://www.google.com/maps/place/?q=place_id:ChIJR-KXDuwhqTsR1rGYG4hEEgg,61,61,0,0,VIOLATION
Tasmac Wine Shop,"Sathyamangalam Bus Stand, Karatoor Road, Back Side, North Rangasamuthram, Erode",11.4980337,77.2471328,https://www.google.com/maps/place/?q=place_id:ChIJGwWiph1vqTsR1OoPVVw1f0E,76,69,6,1,VIOLATION
Arasur Tasmac,"C7V8+C2F, Unnamed Road, Indiampalayam",11.4435596,77.26505089999999,https://www.google.com/maps/place/?q=place_id:ChIJFw12NVkhqTsRTOP5oLP-jHQ,2,2,0,0,VIOLATION
TASMAC WINE SHOPE,"F8W6+C4, Dasappagounden Pudur",11.4961465,77.3102983,https://www.google.com/maps/place/?q=place_id:ChIJP-x_KlkjqTsR80YCOM5z50s,50,50,0,0,VIOLATION
Tasmac,"CVF8+4M2, Kotagiri",11.422756,76.8666379,https://www.google.com/maps/place/?q=place_id:ChIJs0Z1Qe_BqDsRhKSl1LIAhFw,75,70,5,0,VIOLATION
Wine Shop,FR3W+X36,11.4549215,76.8451481,https://www.google.com/maps/place/?q=place_id:ChIJpwGVTIrAqDsRPrlV47N0LS4,26,26,0,0,VIOLATION
Tasmac,"75X6+CG4, Karungalpudur, Thalambadi",11.2986802,78.16133169999999,https://www.google.com/maps/place/?q=place_id:ChIJzXDPG4_FqzsRmbpfRBkI9XU,19,19,0,0,VIOLATION
TASMAC Puduchatram,"95H7+M85, Namakkal",11.3791302,78.16334959999999,https://www.google.com/maps/place/?q=place_id:ChIJubi8Q67DqzsRE694h1Jq5zI,64,64,0,0,VIOLATION
Tasmac,"85QG+VCM, Kalangani Rd, Kalangani",11.3397051,78.1760955,https://www.google.com/maps/place/?q=place_id:ChIJmRVSnaHFqzsRM3e607FaS88,34,34,0,0,VIOLATION
Tasmac,"F3F8+X6R, Avatti, Kallur",11.4749766,79.06550030000001,https://www.google.com/maps/place/?q=place_id:ChIJQZfbuRI_qzsRQIbsgmymaC0,6,6,0,0,VIOLATION
Tasmac,"95VC+342, Avinangudi",11.3926344,79.17031999999999,https://www.google.com/maps/place/?q=place_id:ChIJvWR7i1A7qzsRtLWjWdulObE,66,66,0,0,VIOLATION
Tasmac Perangiyam,"C267+G39, Ramanatham",11.4112815,79.0127753,https://www.google.com/maps/place/?q=place_id:ChIJRdo4_w8VqzsRV6zK4H0UX3c,13,13,0,0,VIOLATION
Tasmac Wine shop,"C49G+HRV, MDR814, Pulivalam",11.4189775,79.1270503,https://www.google.com/maps/place/?q=place_id:ChIJkzSG2Ac5qzsR9mIjcdPlpjs,13,13,0,0,VIOLATION
Pennadam government Tasmac,"96WP+HPX, Pennadam, Pe. Ponneri",11.3964856,79.2368664,https://www.google.com/maps/place/?q=place_id:ChIJezPhsK0xqzsRQdaaQ37t3ik,30,30,0,0,VIOLATION
Govt TASMAC,"96VF+FGP, Pennadam, Eraiyur",11.393713,79.22381779999999,https://www.google.com/maps/place/?q=place_id:ChIJNaM2EeMxqzsRXf853Zm1qgY,27,27,0,0,VIOLATION
Tasmac ramanatham டாஸ்மாக் இராமநத்தம்,"C252+595, Tholudur",11.4079188,79.00100909999999,https://www.google.com/maps/place/?q=place_id:ChIJs-4tBQUXqzsRelHSXkoX5vs,59,59,0,0,VIOLATION
Government Wine Shop,"C6QV+3C6, Unnamed Road, Konur, Nandhimangalam",11.4376522,79.24350539999999,https://www.google.com/maps/place/?q=place_id:ChIJ03hGbpM3qzsRVaRXEYLDiEc,11,11,0,0,VIOLATION
TASMAC,"C9VX+CPJ, Namakkal",11.4435899,78.39926190000001,https://www.google.com/maps/place/?q=place_id:ChIJw1yjTcS9qzsRHFF5UcK7bvg,60,59,1,0,VIOLATION
TASMAC,"C93X+J8J, Ayalur",11.4040983,77.39826819999999,https://www.google.com/maps/place/?q=place_id:ChIJyyDahpYXqTsRbO5whvcEHYM,30,30,0,0,VIOLATION
Tasmac Elite shop,"FC3P+635, THIRUPUR MAIN ROAD, opp. ZEON THEATER, Kuthirai Vandi Theru, Gobichettipalayam",11.4530038,77.4352408,https://www.google.com/maps/place/?q=place_id:ChIJt9PR0qs9qTsR0yj8X9lkJ-M,94,91,3,0,VIOLATION
Tasmac,"FCCM+MMV, Burial Ground Rd, Gobichettipalayam",11.4717428,77.4341774,https://www.google.com/maps/place/?q=place_id:ChIJRYnbNhY9qTsRYKez9b9ZS1M,4,4,0,0,VIOLATION
Tasmac,"FFJM+8F8, Unnamed Road, Mevani",11.4807767,77.483701,https://www.google.com/maps/place/?q=place_id:ChIJTXVzuzA_qTsR2jf1PgT_rN0,17,17,0,0,VIOLATION
TASMAC wineshop BAR,"CC5H+PP2, Erode",11.409254,77.4292735,https://www.google.com/maps/place/?q=place_id:ChIJSbAbMEoWqTsRBjzjViyaJu0,21,21,0,0,VIOLATION
Tasmac,"CC5G+897, Erode",11.4082939,77.4259067,https://www.google.com/maps/place/?q=place_id:ChIJ6zkAH0sWqTsRiz4a1LaiSkM,12,12,0,0,VIOLATION
Western Ghats Bar and Restaurant - Gobichettipalayam,"Pillayar Kovil Street, Erode Main Road, near Karattur, Arch, Gobichettipalayam",11.4549052,77.44709069999999,https://www.google.com/maps/place/?q=place_id:ChIJ2QmycWw9qTsRiELMu3sDzTo,69,66,3,0,VIOLATION
TASMAC Srimushnam,"99QX+MG3, Thorankuppam",11.3891277,79.39881199999999,https://www.google.com/maps/place/?q=place_id:ChIJIWQ8-ofNVDoRVM2D43bF_Rk,9,9,0,0,VIOLATION
Tasmac,"G92R+PFM, Unnamed Road, கம்மாபுரம், Kammapuram, Kumaramangalam",11.5018402,79.3911802,https://www.google.com/maps/place/?q=place_id:ChIJm0I0WmXLVDoREr9mZp_TOgE,1,1,0,0,VIOLATION
TASMAC,"CGPR+CPH, Sethiathoppu",11.4360642,79.5418643,https://www.google.com/maps/place/?q=place_id:ChIJUT5gKWvJVDoR5i22HUG87EY,81,76,5,0,VIOLATION
Tasmac,"CHF2+8FM, Sethiyathopu - Chidambaram Main Rd, Sattamangalam, Allur",11.423334,79.5511705,https://www.google.com/maps/place/?q=place_id:ChIJnfOkMYPPVDoRJwohMSwWPJc,9,9,0,0,VIOLATION
🍷Wine Shop🍾,"CF2C+7Q5, Kanur",11.4006287,79.4719947,https://www.google.com/maps/place/?q=place_id:ChIJVdWGXD7PVDoRJHDIjf26r6Q,44,44,0,0,VIOLATION
Tamil Nadu State Marketing Corporation Limited (TASMAC),"9GQ3+MMG, Srimushnam",11.3891348,79.5042161,https://www.google.com/maps/place/?q=place_id:ChIJg5YbXQDPVDoR39HDwA2Faa8,4,4,0,0,VIOLATION
Wine shop Erumbur,"FGG7+46X, Erumbur, Pinnalur",11.4753625,79.5131094,https://www.google.com/maps/place/?q=place_id:ChIJsSBz_BrJVDoR81Jitd_oA9U,1,1,0,0,VIOLATION
tasmac,"CW76+722, Kaikalathur - V.Kalathur Main Rd, Pasumbalur North, Pasumbalur South",11.4130816,78.9100169,https://www.google.com/maps/place/?q=place_id:ChIJA0RSgbQTqzsR7ceRSmb_iks,1,1,0,0,VIOLATION
Tasmac,"CXH2+59P, Kilakalpoondi",11.4279548,78.9509429,https://www.google.com/maps/place/?q=place_id:ChIJ7VVIZ0AVqzsR3d38JzqKK-A,45,45,0,0,VIOLATION
TASMAC,"CM5G+RCP, Unnamed Road, Chidambaram, Kannangudi",11.4096263,79.6760566,https://www.google.com/maps/place/?q=place_id:ChIJ0801wGDDVDoR0Su3fMuAEsE,36,36,0,0,VIOLATION
TASMAC,"AANDAL SAGUNTHALA ILLAM, 20, SETHU NAGAR, Sivasakthi Nagar, C.Thandeswaranallur, Chidambaram",11.3889995,79.6834514,https://www.google.com/maps/place/?q=place_id:ChIJc9aQ-97DVDoR2L5Dz50xQ-U,67,66,1,0,VIOLATION
Tasmac,"CJV7+H7C, SH 70, Bhuvanagiri",11.443934,79.6131365,https://www.google.com/maps/place/?q=place_id:ChIJr2HV5ZnHVDoR0S-ZWdibayE,4,4,0,0,VIOLATION
TASMAC Kattabettu,"CR85+GG5, Kattabettu",11.4168716,76.8078091,https://www.google.com/maps/place/?q=place_id:ChIJfRAKJg6_qDsRrEIMIZYC1hw,17,17,0,0,VIOLATION
TASMAC Mettala,"G84W+CHW, Karkoodalpatti",11.5061017,78.3464671,https://www.google.com/maps/place/?q=place_id:ChIJ1-BFZa-VqzsROkGQZdm1ymU,13,13,0,0,VIOLATION
Soundarajan's Home and TASMAC,"F7C8+729, Rasipuram",11.4706687,78.2651016,https://www.google.com/maps/place/?q=place_id:ChIJJfSndADrqzsRPpbuH99xi7c,27,27,0,0,VIOLATION
Wine shop,"H7M6+JRV, MDR594, Thumbalpatti",11.5840905,78.2620415,https://www.google.com/maps/place/?q=place_id:ChIJ34U2yFXtqzsRfQMoQPKMF54,32,32,0,0,VIOLATION
Tasmac,"G277+FR3, MDR814, Mangalur",11.5136728,79.014544,https://www.google.com/maps/place/?q=place_id:ChIJsyXUvaZqqzsRws-op1W53f0,26,26,0,0,VIOLATION
Tasmac shop,"J365+294, Thiyagadurgam - Adari Rd, Magarur R.F.",11.6100166,79.0584014,https://www.google.com/maps/place/?q=place_id:ChIJW3klKvNDqzsR9xhLzaZbV2Y,4,4,0,0,VIOLATION
TASMAC,Shop No: 11741,11.5300804,78.8616807,https://www.google.com/maps/place/?q=place_id:ChIJGxAWuAxtqzsRL10tYYp49pw,13,13,0,0,VIOLATION
Tasmac wine shop and bar,"G2XX+562, Adari",11.5478782,79.0480161,https://www.google.com/maps/place/?q=place_id:ChIJtQibudVBqzsRTPHeMiyJ6ok,69,68,1,0,VIOLATION
TASMAC Wineshop,"HQQ6+V8J, Mummudi",11.5897154,78.7607688,https://www.google.com/maps/place/?q=place_id:ChIJi7djB4NxqzsR7GeV8g9UisE,61,61,0,0,VIOLATION
TASMAC,"JQ7J+X32, Navakurichi - Puthur Rd, Navakkurichi",11.6149044,78.7801314,https://www.google.com/maps/place/?q=place_id:ChIJU-Jo4BpxqzsRrpO7DB1eSOs,15,15,0,0,VIOLATION
"Wine shop,v.kootroad","JR27+Q7M, Rayappanur",11.6017143,78.812066,https://www.google.com/maps/place/?q=place_id:ChIJXyKUAABxqzsRXvD4KDNOfXw,41,41,0,0,VIOLATION
Wine Shop And Bar,"GXXM+WQ4, Arasangudi",11.5497548,78.9844583,https://www.google.com/maps/place/?q=place_id:ChIJO_denDprqzsRXzUAvBjwNAU,65,64,1,0,VIOLATION
Wine shop,"G5W5+CC7, Pudukuiyanur",11.5460326,77.1585508,https://www.google.com/maps/place/?q=place_id:ChIJPx0gBAbZqDsRixg_sKJLH4g,27,27,0,0,VIOLATION
Western ghats bar and restaurant,"10, PS Palayam PALAYAM, Palayam, ERODE",11.5083547,77.23191899999999,https://www.google.com/maps/place/?q=place_id:ChIJoTsgfAAhqTsRceV3a8pKEBE,63,63,0,0,VIOLATION
TASMAC,"G4RH+FH4, Veppur",11.5410781,79.1289352,https://www.google.com/maps/place/?q=place_id:ChIJoUka0SNHqzsRRcS90X_aGc4,62,60,1,1,VIOLATION
TASMAC,"CHG7+62X, Dharmapuri, Salangapalayam",11.4255904,77.5626922,https://www.google.com/maps/place/?q=place_id:ChIJy0fN2bJqqTsRwx2Y_8w8KW4,74,71,3,0,VIOLATION
TASMAC,"CJR7+R75, Unnamed Road, Vyramangalam",11.4420225,77.6131922,https://www.google.com/maps/place/?q=place_id:ChIJpwzB80dBqTsRgTDoFAAou1U,5,5,0,0,VIOLATION
wine shop,"FHGH+8GQ, Appakudal",11.4758494,77.5788527,https://www.google.com/maps/place/?q=place_id:ChIJawXFtHZBqTsRTi5baWJijMw,71,71,0,0,VIOLATION
TASMAC,"FR4C+QHC, Padaiveedu",11.4569237,77.8213779,https://www.google.com/maps/place/?q=place_id:ChIJg1UhN_FdqTsR5cqemcYesnM,58,58,0,0,VIOLATION
Tasmac,"CWXM+33C, Karumapuram",11.4476995,77.932626,https://www.google.com/maps/place/?q=place_id:ChIJKwWHbPnfqzsR6RjWObmQX1s,16,16,0,0,VIOLATION
Tasmac wine shop,"FVF7+66M, Sangagiri",11.4730787,77.86305589999999,https://www.google.com/maps/place/?q=place_id:ChIJh8H9ffdfqTsRszzAG0tnhRc,71,69,2,0,VIOLATION
TASMAC,"9RVR+H53, Tiruchengode",11.3938766,77.8404193,https://www.google.com/maps/place/?q=place_id:ChIJkfXMVExhqTsR2ewCoDd0NBw,14,14,0,0,VIOLATION
Tasmac,"CXV5+Q76, Morepalayam",11.4444005,77.9581362,https://www.google.com/maps/place/?q=place_id:ChIJE3mx--_fqzsRQJ1gcrmrij8,33,33,0,0,VIOLATION
TASMAC SHOP 6194,"CQ6C+PPX, Tiruchengode",11.4118599,77.77184629999999,https://www.google.com/maps/place/?q=place_id:ChIJHbtB-jhnqTsRA9AcUFS5IYY,22,22,0,0,VIOLATION
TASMAC,"F2RH+J42, Mallasamudram",11.4914872,78.0278314,https://www.google.com/maps/place/?q=place_id:ChIJX9r-uaznqzsR-hvNqRZrsTA,72,70,2,0,VIOLATION
Tasmac Shop 6164,"CQV4+64M, Unnamed Road, Alampalayam",11.4430274,77.7552857,https://www.google.com/maps/place/?q=place_id:ChIJW2tZ6_lnqTsRI8pFZ0X2hPk,24,24,0,0,VIOLATION
Tasmac Muniyappan Kovil,"FQ2F+WM3, Tiruchengode",11.4522702,77.7741602,https://www.google.com/maps/place/?q=place_id:ChIJm--p3mNdqTsRNFiN9f3L23Y,67,66,1,0,VIOLATION
Tasmac,"CQ3V+VR6, Tiruchengode",11.4046529,77.7945084,https://www.google.com/maps/place/?q=place_id:ChIJlZUK5u9nqTsRYqIWfYUpS_g,33,33,0,0,VIOLATION
TASMAC Wine Shop,Ramapuram,11.435516,78.01370589999999,https://www.google.com/maps/place/?q=place_id:ChIJKQ27V3PeqzsRzzD46kyQau0,5,5,0,0,VIOLATION
Tasmac,"FV4H+XG8, Unnamed Road, Sangagiri",11.4574107,77.8788275,https://www.google.com/maps/place/?q=place_id:ChIJCbF4Az1fqTsRyGGBBXTixiU,11,11,0,0,VIOLATION
Tasmac,"CMV9+4RQ, Kalingarayanpalayam, Moolapalayam, Bhavani",11.4428011,77.66963919999999,https://www.google.com/maps/place/?q=place_id:ChIJQ6H0c91pqTsR1EwllyOPrfE,57,57,0,0,VIOLATION
Tasmac,"CMCW+4PM, SH 198, Sanarpalayam, Komarapalayam",11.4203418,77.69681229999999,https://www.google.com/maps/place/?q=place_id:ChIJeWIvpzppqTsRzomayiPYg-M,65,65,0,0,VIOLATION
Tasmac Government,"FM3H+HVW, taluk, Bhavani",11.4539928,77.6797225,https://www.google.com/maps/place/?q=place_id:ChIJ_bidUZVDqTsRLxCBbgNJYTQ,68,66,2,0,VIOLATION
TASMAC SHOP 6127,"CMRV+Q86, Komarapalayam",11.4419555,77.6932921,https://www.google.com/maps/place/?q=place_id:ChIJZTFoZ4ppqTsR2GchSocID7I,96,90,6,0,VIOLATION
Tasmac,"9JQH+XVF, Unnamed Road, Karattuppalayam, Erode",11.3899707,77.6295883,https://www.google.com/maps/place/?q=place_id:ChIJQzSt-pprqTsRYDtjwCgzNLQ,15,15,0,0,VIOLATION
TASMAC Elite Wineshop,"FM3Q+74J, Varanapuram, Bhavani",11.4532017,77.6877564,https://www.google.com/maps/place/?q=place_id:ChIJ7xT9ZVZDqTsRMxSJbd7q3mI,79,73,5,1,VIOLATION
Tasmac shop No:5977,"2/1, kathiresan road, Nadaraja Nagar, Vijaya Thottam, Komarapalayam",11.4421973,77.6966724,https://www.google.com/maps/place/?q=place_id:ChIJkaem_9RpqTsRol2ndpnA_gQ,88,81,7,0,VIOLATION
Tasmac shop 5980,"121, Pallipalayam - Kumarapalayam Rd, Vijaya Thottam, Komarapalayam",11.4394746,77.6968321,https://www.google.com/maps/place/?q=place_id:ChIJmwN_ftNpqTsRPyHd8xFv4ao,79,74,5,0,VIOLATION
TASMAC Bar,"6/253, Pallipalayam - Kumarapalayam Rd, Komarapalayam",11.4236496,77.6960376,https://www.google.com/maps/place/?q=place_id:ChIJ80VN5UNpqTsRgc7RjR0YaJg,61,61,0,0,VIOLATION
Tasmac shop 5991,"CMVV+WRG, Komarapalayam",11.4448153,77.6945638,https://www.google.com/maps/place/?q=place_id:ChIJbZAb99VpqTsRxrpQO0rzzZs,94,86,8,0,VIOLATION
Eagle Bar And Restaurant,"416, Lakshmi Nagar, K K Nagar, Kalingarayanpalayam, Bhavani",11.4276089,77.6748516,https://www.google.com/maps/place/?q=place_id:ChIJdylZ0-FpqTsRsRB70HOLjgQ,75,68,0,7,VIOLATION
Deluxe Recreation Bar and Restaurant,"210A, Kankapuram, Erode",11.368079,77.64671899999999,https://www.google.com/maps/place/?q=place_id:ChIJaweXXQBrqTsR42ggipRIjSA,59,59,0,0,VIOLATION
TASMAC,"F524+433, Anaikattipalayam, K V Pudur",11.4502689,78.15516579999999,https://www.google.com/maps/place/?q=place_id:ChIJl0arn9LDqzsRjim0suhVJZQ,61,60,1,0,VIOLATION
Tasmac,"C3X9+H6P, Mallasamudram - Vaiyappamalai Main Rd, Aathumedu",11.4489933,78.0681013,https://www.google.com/maps/place/?q=place_id:ChIJz41dgnfdqzsRhoj6EBl1COk,17,17,0,0,VIOLATION
TASMAC,"C39M+WRP, Namakkal",11.4198392,78.0845951,https://www.google.com/maps/place/?q=place_id:ChIJBSso-h7dqzsR9a_pfnHY6Cw,22,22,0,0,VIOLATION
TASMAC,"F3RW+QM, Nadupatti",11.4919721,78.09668599999999,https://www.google.com/maps/place/?q=place_id:ChIJXYUQZvvnqzsR9g-SSZywvjs,44,44,0,0,VIOLATION
Wine Shop,Rasipuram,11.4968597,78.1347529,https://www.google.com/maps/place/?q=place_id:ChIJcVKjtELoqzsRnVkPkFREnjA,69,69,0,0,VIOLATION
KRC BAR AND RESTAURANT 11am to11pm,"5/333, NH 44, Sakthinagar, Rasipuram",11.437807,78.158363,https://www.google.com/maps/place/?q=place_id:ChIJb1rMewDDqzsRT321OK9Pj4w,40,40,0,0,VIOLATION
Tasmac,"F682+Q3X, Rasipuram",11.4669996,78.200228,https://www.google.com/maps/place/?q=place_id:ChIJMye9h3HpqzsRdSklSrtLCFg,61,61,0,0,VIOLATION
Tasmac uallasam,"F54R+35W, Rasipuram",11.4551923,78.1904508,https://www.google.com/maps/place/?q=place_id:ChIJNwRDXDHDqzsRHZ92YwBg-gk,75,71,4,0,VIOLATION
Tasmac Bar,"C39W+VRR PANCHAYAT OFFICE, Minnampalli",11.419645,78.0970055,https://www.google.com/maps/place/?q=place_id:ChIJNbIcrCfdqzsRqNsSolL46-g,20,20,0,0,VIOLATION
TASMAC,"CPQ6+G4V, CMutlur",11.4388599,79.7102882,https://www.google.com/maps/place/?q=place_id:ChIJT9NxKYnBVDoR985Tp78q3b0,61,60,1,0,VIOLATION
Tasmac bar,"FPF6+M8W, B.Mutlur",11.4742283,79.7108212,https://www.google.com/maps/place/?q=place_id:ChIJ6wX1Jc7BVDoRqwShE5wFhvQ,64,63,1,0,VIOLATION
TASMAC,"HJQ7+MGJ, SH 157, Attur",11.589216,78.6137746,https://www.google.com/maps/place/?q=place_id:ChIJbWs99ZydqzsRomJWoBtQ_aE,44,44,0,0,VIOLATION
TASMAC,"HJJW+W8F, Unnamed Road, Valayamadevi",11.5823067,78.6458068,https://www.google.com/maps/place/?q=place_id:ChIJo2YX4xedqzsR17uAQi0l-Wg,4,4,0,0,VIOLATION
TASMAC wineshop,"HMQ7+323, Vadachennimalai",11.5876443,78.6625473,https://www.google.com/maps/place/?q=place_id:ChIJs8iU7Op3qzsRS8xLOhNMbtE,65,64,1,0,VIOLATION
Tasmac wine shop,"G4PV+886, Namakkal - Rasipuram - Salem Rd, Mallur",11.5357878,78.1432651,https://www.google.com/maps/place/?q=place_id:ChIJUz6MA4zpqzsR8MuIed0h1QA,62,60,2,0,VIOLATION
TASMAC,"H3RF+VH4, Salem",11.5921347,78.07395989999999,https://www.google.com/maps/place/?q=place_id:ChIJs7YzVwTlqzsR2KnB1cOTYDc,61,60,1,0,VIOLATION
TASMAC OFFICE,"H48R+QCF, Sandiyur Attayampatti",11.5669846,78.14073929999999,https://www.google.com/maps/place/?q=place_id:ChIJ045KSzrvqzsR0S5Czw_6ApA,61,61,0,0,VIOLATION
Tasmac,"GQH4+5H8, Navalur",11.5279268,78.7564672,https://www.google.com/maps/place/?q=place_id:ChIJSS-T3xJzqzsRClnYeYOUGDs,21,21,0,0,VIOLATION
TASMAC SHOP 7422,"HPGX+WPQ, Thalaivasal - Aragalur Rd, Mummudi",11.5773409,78.7493629,https://www.google.com/maps/place/?q=place_id:ChIJI17sRGhzqzsRP-7Gi1SesSM,64,62,2,0,VIOLATION
Om Shiva coffee bar and restaurant,"Salem to Chennai highway Road, Deviyakurichi",11.5848165,78.72033449999999,https://www.google.com/maps/place/?q=place_id:ChIJPbnYnZl2qzsR-gtlzLo5AQQ,39,39,0,0,VIOLATION
TaSmaC,"JF4C+6H4, Neyveli Twp Block-28, Neyveli T.S",11.6055046,79.4714436,https://www.google.com/maps/place/?q=place_id:ChIJ1ZUFRlWxVDoRuCPH6AzODcw,56,56,0,0,VIOLATION
TaSMaC,"HF73+FXP, Unnamed Road, Thoppalikuppam",11.5637104,79.4549641,https://www.google.com/maps/place/?q=place_id:ChIJcbbc2SW1VDoRZQxj7MrMsUI,34,34,0,0,VIOLATION
TASMAC WINESHOP,"Tamil Nadu 606001, India",11.5165412,79.3240793,https://www.google.com/maps/place/?q=place_id:ChIJ8dOWCnpKqzsRwLA97eZzlKk,111,97,13,1,VIOLATION
Government Tasmac Komangalam,"G78F+6V3, Komangalam",11.5155121,79.2746572,https://www.google.com/maps/place/?q=place_id:ChIJlTSrK15JqzsRVOGKLfKCSPM,1,1,0,0,VIOLATION
TaSMaC,"GHH3+G7X, Karunguzhi Rd, Nayinakuppam",11.5288727,79.5532277,https://www.google.com/maps/place/?q=place_id:ChIJ66wCWK23VDoRaUFqxHPrYSU,11,11,0,0,VIOLATION
Wine Shop Kurinjipadi,"HJG2+MHG, Kurinjipadi - Cuddalore Rd, Muthaiya Nagar, Thirupapuliyur, Cuddalore",11.5766922,79.6014405,https://www.google.com/maps/place/?q=place_id:ChIJaccGXcW5VDoRc0lLK_GP2mE,61,60,1,0,VIOLATION
"TASMAC, Puduchatram",GPGJ+G2H,11.526324,79.7301233,https://www.google.com/maps/place/?q=place_id:ChIJv-hvuy-_VDoRKY2h_JxhSFM,4,4,0,0,VIOLATION
Tasmac,"HX2W+JPP, NH 544, Magudanchavadi, Kanagagiri",11.5515793,77.9968361,https://www.google.com/maps/place/?q=place_id:ChIJmTJiC-3jqzsR5jHI4i4XN40,29,29,0,0,VIOLATION
TASMAC,"H3F3+J5C, Chinnasiragapadi, Salem",11.5740536,78.0528853,https://www.google.com/maps/place/?q=place_id:ChIJsZntg1zlqzsRsXzrSQx52RU,53,53,0,0,VIOLATION
Tasmac,"J262+M6C, MDR134, Elampillai",11.6116944,78.0004968,https://www.google.com/maps/place/?q=place_id:ChIJ9zAoRUTjqzsRXSXrLMKd0B8,67,67,0,0,VIOLATION
TASMAC,"Shop No, 7410, Vembadithalam",11.5664129,78.0112104,https://www.google.com/maps/place/?q=place_id:ChIJ7dRosvPjqzsR3INNdtahoOA,74,70,4,0,VIOLATION
TASMAC,"GHMH+V9R, Erode",11.5347447,77.5784173,https://www.google.com/maps/place/?q=place_id:ChIJY3UE08xHqTsRsxDbmurXTXM,18,18,0,0,VIOLATION
TASMAC,"HHJM+79V, Anthiyur",11.5807259,77.58342250000001,https://www.google.com/maps/place/?q=place_id:ChIJG9JUx5hHqTsR9S0OdUqoxpg,69,68,1,0,VIOLATION
TASMAC,"JHHM+PXC, moolakkadai, Kollegal - Anthiyur Rd",11.6293075,77.5849252,https://www.google.com/maps/place/?q=place_id:ChIJg70VHwdJqTsR1_hHfiFUc20,40,40,0,0,VIOLATION
Tasmac,"JJ25+59H, Gettisamudram",11.6004261,77.60847389999999,https://www.google.com/maps/place/?q=place_id:ChIJGx5pzg9HqTsREaYzXW_H9uM,12,12,0,0,VIOLATION
Wine Shop Govt,"HJ92+5V2, Erode",11.5678767,77.6021355,https://www.google.com/maps/place/?q=place_id:ChIJA_O4igNHqTsRRha0BHxANoU,33,33,0,0,VIOLATION
Tasmac,"JP58+V3C, Boothapadi",11.6097106,77.7151558,https://www.google.com/maps/place/?q=place_id:ChIJ99ZBOkZFqTsRY3LfGRvUu0A,56,56,0,0,VIOLATION
TASMAC,"132, Singampettai",11.5789127,77.7312427,https://www.google.com/maps/place/?q=place_id:ChIJu3u3_KNFqTsRajbct0BltZ4,8,8,0,0,VIOLATION
TASMAC 3861,"HJHP+P8P, Patlur",11.5793348,77.6358435,https://www.google.com/maps/place/?q=place_id:ChIJ05c0WOxHqTsRe_3uGQOkANo,60,60,0,0,VIOLATION
Tasmac,"HP64+8C8, Bhavani",11.5607624,77.7060525,https://www.google.com/maps/place/?q=place_id:ChIJV0QKfThFqTsRj9VBilHmAcs,23,23,0,0,VIOLATION
TASMAC,"HVFX+6JG, Idappadi - Magudanchavadi Rd, Konganapuram",11.573025,77.8991648,https://www.google.com/maps/place/?q=place_id:ChIJDzFILPlZqTsRr-8-lEjfix4,61,60,1,0,VIOLATION
Tasmac,"HWM3+6FC, SH 86, Koranampatti",11.5830923,77.9035791,https://www.google.com/maps/place/?q=place_id:ChIJ-SQ_q3xZqTsRToEoR3KPrMU,41,41,0,0,VIOLATION
tasmac,"GVWV+75M, Ammankattur",11.5457225,77.8929283,https://www.google.com/maps/place/?q=place_id:ChIJOX9IfQBZqTsRUtSAsCToqDI,21,21,0,0,VIOLATION
Tasmac 7417,"HVV6+R3H, Unnamed Road, Kurumbapatti",11.5945598,77.86023809999999,https://www.google.com/maps/place/?q=place_id:ChIJY_e8thJZqTsRWaNrc6eCkzg,10,10,0,0,VIOLATION
TAS MAC WINE SHOP,"HW99+775, Erumaipatti",11.5681459,77.9182459,https://www.google.com/maps/place/?q=place_id:ChIJdWGvkydZqTsRm79DW0ZNOWc,21,21,0,0,VIOLATION
Tasmack(Wine Shop) Thanneerthasanur,"HQCF+M7X, Kaveripatti",11.5717288,77.7732441,https://www.google.com/maps/place/?q=place_id:ChIJQUVh-hlbqTsRWka5fDN2IOE,20,20,0,0,VIOLATION
TASMAC,"MP54+27X, Tondamanatham",11.657603,79.7057462,https://www.google.com/maps/place/?q=place_id:ChIJi5cQBai9VDoR4ZaetAs97xE,18,18,0,0,VIOLATION
Govt Tasmac,"JMGC+VGR, Kullanchavadi Rd, Kullanchavadi",11.6272711,79.6712826,https://www.google.com/maps/place/?q=place_id:ChIJ19pjPxa8VDoRhfc9xubDbv8,80,76,2,2,VIOLATION
TASMAC,"JPFC+G6, Agaram",11.6237938,79.720615,https://www.google.com/maps/place/?q=place_id:ChIJy-a_twO9VDoRCMf_UYDnMTk,5,5,0,0,VIOLATION
TASMAC,"MQM4+MH7, Kudikadu",11.6841713,79.7564338,https://www.google.com/maps/place/?q=place_id:ChIJ2Y9m3USXVDoRtc6ShexGDG0,42,42,0,0,VIOLATION
Tasmac டாஸ்மாக் wineshop,"MQV4+P3F, Pachchyankuppam",11.6943036,79.7551872,https://www.google.com/maps/place/?q=place_id:ChIJAYUhR8eXVDoR-oEpduSmkcU,60,60,0,0,VIOLATION
Tasmac godown,NH32,11.6842433,79.7525276,https://www.google.com/maps/place/?q=place_id:ChIJ_1tNo2qXVDoRzjijWQ6fGLM,42,42,0,0,VIOLATION
TASMAC,"M89F+V4, Gudamalai R.F.",11.6697631,78.3231338,https://www.google.com/maps/place/?q=place_id:ChIJIV0ISQmNqzsRxfFQHNOdwoo,21,21,0,0,VIOLATION
Tasmac wineshop,JHG7+G2C,11.6256966,78.5621604,https://www.google.com/maps/place/?q=place_id:ChIJpzid5XabqzsR7ufBAXITfT8,35,35,0,0,VIOLATION
TASMAC Wine Shop,"75, Valapadi - Thimmanaickenpatti Rd, Pudupalayam",11.6444103,78.4022452,https://www.google.com/maps/place/?q=place_id:ChIJ6-mLY-aRqzsR4G7iPoT9v78,60,59,1,0,VIOLATION
Tasmack,"26, Ayothiyapattinam - Belur - Kilakkadu Rd, Belur",11.7079866,78.4095372,https://www.google.com/maps/place/?q=place_id:ChIJz2aLmBWPqzsRcMBC6axSiiI,72,70,2,0,VIOLATION
Tasmac Wine Shop,"RFM2+72C, Hoogya",11.8331959,77.45001409999999,https://www.google.com/maps/place/?q=place_id:ChIJBc7GAIvMrjsRNs5TR9z8PUw,29,29,0,0,VIOLATION
Tasmac,"Bus Stop, Anna Nagar, Salem Main Rd, Chinnasalem",11.6283517,78.8643768,https://www.google.com/maps/place/?q=place_id:ChIJoXI7NMZvqzsRcMmAebaOh9E,59,59,0,0,VIOLATION
Tasmac Wine Shop,"JR96+V2Q, Melnariyappanur - Puthur Rd, Melnariyapanur",11.6197007,78.8101161,https://www.google.com/maps/place/?q=place_id:ChIJ2Yt5CLRxqzsRF4tQNj2UuzQ,54,54,0,0,VIOLATION
TASMAC SHOP 7217,"JQP3+5JJ, Navakkurichi",11.6354587,78.7540114,https://www.google.com/maps/place/?q=place_id:ChIJRRFjGNhxqzsRybF9Cn85o3Y,71,71,0,0,VIOLATION
TASMAC,"M7P9+HVC, Ayothiyapattinam - Belur - Kilakkadu Rd, Kullampatti",11.6864514,78.269727,https://www.google.com/maps/place/?q=place_id:ChIJ4WX1gb7zqzsRxVaht_MrnGQ,43,43,0,0,VIOLATION
Tasmac,"QGG7+54X, Neyyamalai",11.7753371,78.5125728,https://www.google.com/maps/place/?q=place_id:ChIJKY0cD1qHqzsRCyux9RcN17M,42,42,0,0,VIOLATION
Wine shop retail,"Q6FJ+MG8, Pakoda Point Rd, Yercaud",11.7741593,78.23131740000001,https://www.google.com/maps/place/?q=place_id:ChIJhSUUPnn1qzsRmefyPQxyifk,53,53,0,0,VIOLATION
Tasmac,JVGJ+R67,11.6270444,78.8805818,https://www.google.com/maps/place/?q=place_id:ChIJsavT6cBvqzsRpmG5mWI83fc,16,16,0,0,VIOLATION
"TASMAC,மதுபானக்கடை","JXQG+R6Q, Varadappanur",11.6395871,78.9756115,https://www.google.com/maps/place/?q=place_id:ChIJBRf5FZVpqzsRsYledxbO-Q8,6,6,0,0,VIOLATION
Government wine shop,"JWVP+9HG, Siruvathur",11.6434319,78.9364551,https://www.google.com/maps/place/?q=place_id:ChIJKTi-WJRpqzsRBhyVRMPphoo,1,1,0,0,VIOLATION
Govt. TASMAC,"M3RP+QC, Chithalur",11.6920362,79.08603,https://www.google.com/maps/place/?q=place_id:ChIJaXpa5Y1dqzsRtk0pcDFnQu4,13,13,0,0,VIOLATION
TASMAC மதுபானகடை,"M2PX+22X, Adari - Virugavur Rd, Virugavur",11.6851168,79.0475965,https://www.google.com/maps/place/?q=place_id:ChIJ3ZO1sKNdqzsRaPNK5jriv6A,68,68,0,0,VIOLATION
TASMAC,"M7RG+F9, Ravutharayankuppam",11.6911483,79.2759205,https://www.google.com/maps/place/?q=place_id:ChIJaaEZMMdRqzsRJd4Ge1uQQBg,23,23,0,0,VIOLATION
"Govt,TASMAC டாஸ்மாக்.","M566+HCF, Kottaiyur, Seevamangalam",11.661361,79.1610196,https://www.google.com/maps/place/?q=place_id:ChIJDY1z4NZFqzsRuYLI5KxDIF8,20,20,0,0,VIOLATION
TASMAC மதுபான கடை,"J5HQ+QW2, Tirukoilur - Asanur Rd, Asanur",11.6310584,79.1875519,https://www.google.com/maps/place/?q=place_id:ChIJGRqeqXZFqzsRJ_Ww8ijKKWc,23,23,0,0,VIOLATION
7279 Tasmac,"MQ4H+C68, Poolampatti",11.6560359,77.77807349999999,https://www.google.com/maps/place/?q=place_id:ChIJf01iBN5RqTsRO1kAZ72A5V0,13,13,0,0,VIOLATION
TASMAC,"PXF2+CGR, Arurpatti",11.7235819,77.9512709,https://www.google.com/maps/place/?q=place_id:ChIJTcqE_t_9qzsRyNTQosfYnXA,9,9,0,0,VIOLATION
Tasmac,"MXX8+8P7, Tharamangalam",11.6982874,77.9667722,https://www.google.com/maps/place/?q=place_id:ChIJJw-MBAH9qzsRMbXPcmJaWOs,74,71,3,0,VIOLATION
"7119 TASMAC,PAPPAMPADI","JWXQ+9WP, Vellalapuram",11.6485287,77.93983180000001,https://www.google.com/maps/place/?q=place_id:ChIJM_Gt00T9qzsRV2j00nZHKBo,45,45,0,0,VIOLATION
"TASMAC pappampadi, shop number 2","near vinayagar temple karattur kattu valauv pappampadi omalur taluk salem 636306, Karattur - Pappampadi Rd, Vellalapuram",11.6425953,77.9480408,https://www.google.com/maps/place/?q=place_id:ChIJleJeAEn9qzsRY0ZDWhMomQs,66,64,2,0,VIOLATION
Govt Wine Shop,"P27M+2P3, Muthunaickenpatti",11.7124504,78.0342641,https://www.google.com/maps/place/?q=place_id:ChIJUZeS9O37qzsRyyj9Ul1ABkI,88,86,2,0,VIOLATION
7277 Iruppali Wine Shop,"MR6X+WJ4, Salem",11.6622646,77.8490729,https://www.google.com/maps/place/?q=place_id:ChIJ81DUlzpXqTsR5JKeDxpw710,8,8,0,0,VIOLATION
TASMAC,"JGG8+G95, Indhira Gandhi Road, Neyveli T.S",11.6262632,79.515975,https://www.google.com/maps/place/?q=place_id:ChIJnbgGg9-wVDoRcB_OQ5_9jvI,10,10,0,0,VIOLATION
Tasmac,"MGXQ+65F, Kadampuliyur",11.6980608,79.5379183,https://www.google.com/maps/place/?q=place_id:ChIJfSeeINmvVDoRydtkVf6qoDk,1,1,0,0,VIOLATION
TASMAC,"MC2X+WQR, Kullanchavadi Rd, Kattugudalur",11.6523521,79.4494283,https://www.google.com/maps/place/?q=place_id:ChIJE1wsvTWyVDoRDyqgPfzIHdM,12,12,0,0,VIOLATION
Tasmac,"MF3Q+M76, Perperiyankuppam",11.6541783,79.4881283,https://www.google.com/maps/place/?q=place_id:ChIJy9YHhsmxVDoRyqmZusSbHiE,35,35,0,0,VIOLATION
TASMAC,"MG4J+298, Marungur",11.6550269,79.5309485,https://www.google.com/maps/place/?q=place_id:ChIJpRnI6GexVDoRZBFF7yktGJs,14,14,0,0,VIOLATION
TASMAC,"Tamil Nadu 607204, India",11.7143356,79.425045,https://www.google.com/maps/place/?q=place_id:ChIJJW5eWXWtVDoRlAOAqWkaXKw,2,2,0,0,VIOLATION
prakash wine shop,"M99R+PQQ, Ku.Kallakurichi",11.6693883,79.3919782,https://www.google.com/maps/place/?q=place_id:ChIJcdrmaUazVDoRIjhzmrifBUs,14,14,0,0,VIOLATION
Tasmac,PJMC+J9R,11.7341007,79.6209059,https://www.google.com/maps/place/?q=place_id:ChIJTa0q5_GkVDoRkGf5LPoWchw,40,40,0,0,VIOLATION
Tasmac Shop,"JJV3+P4W, Chathiram",11.6444307,79.6028391,https://www.google.com/maps/place/?q=place_id:ChIJ3UX1i1K6VDoRUX65-6FapxY,64,63,1,0,VIOLATION
TASMAC Wine Shop,"JHWW+GX2, Kullanchavadi Rd, Vegakollai",11.6458302,79.596113,https://www.google.com/maps/place/?q=place_id:ChIJe30heAC7VDoRPCLr9-M_fWY,39,39,0,0,VIOLATION
Tasmac,"QQ6P+C3H, Palamalli R.F.",11.7610681,77.7852322,https://www.google.com/maps/place/?q=place_id:ChIJRdiG_VVSqTsRsuMrd_WTrmo,6,6,0,0,VIOLATION
TASMAC,"Mettur Dam, RS 2",11.804555,77.82167849999999,https://www.google.com/maps/place/?q=place_id:ChIJFUoMh2pTqTsRphm5CZskSx0,61,60,1,0,VIOLATION
TASMAC Wine Shop,"QRF6+JF3, Thottilpatti",11.7740165,77.81116899999999,https://www.google.com/maps/place/?q=place_id:ChIJe1B8GltTqTsRGKY6vE4AeFo,36,36,0,0,VIOLATION
Tasmac,"PQRM+PJP, Navappatti",11.741846,77.78407279999999,https://www.google.com/maps/place/?q=place_id:ChIJB6Um1MFTqTsR9JHk6CPUReg,25,25,0,0,VIOLATION
TASMAC WINE SHOP மதுபானகடை,"QQ3P+5F6, Navappatti",11.7529201,77.7861496,https://www.google.com/maps/place/?q=place_id:ChIJmxFNUKBTqTsR5SWYs9ZUXCc,43,43,0,0,VIOLATION
Tasmac Mall shop,"RR7P+2G9, Ajay Nagar, Karumalai Koodal",11.8125171,77.8363797,https://www.google.com/maps/place/?q=place_id:ChIJ08pZ_DKtrjsR7SEAp_2PAjM,72,71,1,0,VIOLATION
Chinna mettur ganesan tasmac house,"RQR7+56V, Chinna Mettur",11.8396334,77.76328339999999,https://www.google.com/maps/place/?q=place_id:ChIJ2_GO2DKtrjsRdp8FJ6fRT8o,15,15,0,0,VIOLATION
Tasmac,"VP3V+FWM, Singiripatti",11.8537084,77.74479219999999,https://www.google.com/maps/place/?q=place_id:ChIJe2SYXl2zrjsRnt0F3DmI_sQ,60,60,0,0,VIOLATION
Tasmac Ayyavoo's garden,"Tasmac, Ayyavoo's garden, Salem",11.902774,77.69359419999999,https://www.google.com/maps/place/?q=place_id:ChIJeVRYdwCxrjsRX9EzXdwyaN4,10,10,0,0,VIOLATION
Elite TASMAC,"M49X+2WG, Peramanur, Salem",11.6675746,78.1498379,https://www.google.com/maps/place/?q=place_id:ChIJLc16nEnwqzsRJGuUaRfdvtA,94,82,12,0,VIOLATION
TASMAC,"M48Q+W3V, Swarnapuri, Salem",11.6673728,78.1376794,https://www.google.com/maps/place/?q=place_id:ChIJcaR3jL_xqzsRTf2VJYcFru4,84,72,11,1,VIOLATION
TASMAC Elite,"M556+R56, Town Railway Station Rd, I Agraharam, Salem",11.659525,78.160388,https://www.google.com/maps/place/?q=place_id:ChIJ6Qhk987xqzsR6Ultq7PPVEU,110,93,16,1,VIOLATION
Tasmac,"M5V7+GFF, Yercaud Main Rd, Pon Nagar, Periyakollappatty, Salem",11.6938108,78.1636506,https://www.google.com/maps/place/?q=place_id:ChIJn99AoAbxqzsRA3vO8-rcCtk,77,70,7,0,VIOLATION
TASMAC,"P3M3+9WP, Kullamanickenpatti",11.733464,78.054815,https://www.google.com/maps/place/?q=place_id:ChIJqxANpHz5qzsRWFdR_8OWQZY,62,60,2,0,VIOLATION
Tasmac wine shop,"105, Yercaud Main Rd, Kondappanayaganpatty, Salem",11.7118294,78.1764547,https://www.google.com/maps/place/?q=place_id:ChIJA4dbd5jxqzsRiRg0_k-qzK8,73,67,6,0,VIOLATION
Tasmac,"J5H6+FC4, K R Nagar, Seelanaickenpatti, Salem",11.6286318,78.16108009999999,https://www.google.com/maps/place/?q=place_id:ChIJp6LpxTPuqzsRVvoNOPJWXBo,64,64,0,0,VIOLATION
TASMAC,"J4X9+899, TNHB Colony, Chengikottai, Kandhampatty",11.648326,78.1183631,https://www.google.com/maps/place/?q=place_id:ChIJJRa-aQTwqzsRUjroNXjbuYA,68,66,0,2,VIOLATION
TASMAC wine shop,"34/22-B periyar Nagar, pud road, near periyandichi kovil, Salem",11.6741372,78.1042712,https://www.google.com/maps/place/?q=place_id:ChIJ3SNOfBD7qzsRl5_j07RDa20,88,81,7,0,VIOLATION
Tasmac,"Siddhar Kovil Rd, Sivathapuram, Salem",11.6514364,78.1084261,https://www.google.com/maps/place/?q=place_id:ChIJ6weEY6j6qzsRNTa7FF10dG4,75,72,3,0,VIOLATION
Tasmac,"1/18, Sankagiri - Salem Main Rd, Andi Gounder Colony, Kathayammal Nagar, Maniyanur, Salem",11.6394205,78.1335812,https://www.google.com/maps/place/?q=place_id:ChIJ0dnRKBfvqzsRYgzqU9z-sQk,72,70,2,0,VIOLATION
TASMAC,"M5XH+J44, Venketaswara, Kannanlyer Kadu, Salem",11.6990146,78.1778345,https://www.google.com/maps/place/?q=place_id:ChIJJUp_Qg3xqzsR8CYl3dwu9G8,80,75,5,0,VIOLATION
Tasmac wineshop Kondalampatti,"181/254, Coimbatore Rd, South, Sandaipet, Kondalampatti, Salem",11.6303776,78.1245703,https://www.google.com/maps/place/?q=place_id:ChIJlxbDmqbvqzsRyYP6pygdmbQ,85,76,4,5,VIOLATION
Tasmac wineshop Kondalampatti,"13/528, Nagapattinam - Coimbatore - Gundlupet Hwy, 13/528, Sandaipet, Kondalampatti, Salem",11.6274467,78.1227754,https://www.google.com/maps/place/?q=place_id:ChIJt3EAYgDvqzsRGGa1YerbEX0,82,77,5,0,VIOLATION
Tasmac elite,"M4GP+8MC, Swarnapuri, Salem",11.6758203,78.1366412,https://www.google.com/maps/place/?q=place_id:ChIJh9SXUADxqzsRkYEQihKcbmE,104,80,24,0,VIOLATION
Tamil Nadu Tasmac,"P422+8RV, Burn's Colony, Salem",11.7008595,78.10204949999999,https://www.google.com/maps/place/?q=place_id:ChIJ68CBx3H6qzsRLAfJOpYi4cI,62,61,1,0,VIOLATION
Wine Shop,"26, Bretts Rd, I Agraharam, Salem",11.6595186,78.1573933,https://www.google.com/maps/place/?q=place_id:ChIJ33wXpszxqzsR3qK9p7w5aJo,96,80,16,0,VIOLATION
VELU NAGAR WINE SHOP,"J4HX+XRX, Perumal Kovil Medu Street Number 8, R.S.P Thottam, Parasakthi Nagar, Seelanaickenpatti, Salem",11.6299773,78.14961919999999,https://www.google.com/maps/place/?q=place_id:ChIJ0xlo30jvqzsRNNXAXLy8mvo,90,82,7,1,VIOLATION
TASMAC,"M59R+W5H, Chinnammapet, Allikuttai, Salem",11.6698393,78.1904989,https://www.google.com/maps/place/?q=place_id:ChIJJWqpf5LxqzsR-y59xoj9huw,79,76,3,0,VIOLATION
TASMAC Wine Shop மதுக்கடை,"M674+4G5, NH 179A, Kamarajar Nagar Colony, Udayapatti, Salem",11.6627723,78.2063654,https://www.google.com/maps/place/?q=place_id:ChIJC8Q7j-HzqzsRMSR7m6WzCHc,71,70,1,0,VIOLATION
TASMAC Godown,"S, No. 2/92, Santhiyur Village, Post, Attayampatti, Sandiyur Attayampatti",11.5667799,78.1409433,https://www.google.com/maps/place/?q=place_id:ChIJF32utDvvqzsRlxedYzvjM6Y,61,61,0,0,VIOLATION
7402 TASMAC,QVV2+P5M,11.7943254,77.8504134,https://www.google.com/maps/place/?q=place_id:ChIJPRJ2D7tUqTsRs0xT2WI6cmQ,3,3,0,0,VIOLATION
TASMAC,"RV8R+PJ2, Palangotai Road, Chinnakoothanur",11.8167559,77.8915131,https://www.google.com/maps/place/?q=place_id:ChIJ46uVXMGrrjsRuDYuy1Nx8zE,21,21,0,0,VIOLATION
Tasmac,RR5V+CPP,11.8085914,77.84429279999999,https://www.google.com/maps/place/?q=place_id:ChIJ5QhLzKxUqTsR3wVJ0bpAKbE,42,42,0,0,VIOLATION
Tamilnadu Govt Wineshop,"Dharmapuri No: 197, Alamalupuram, Pappireddipatti",11.904596,78.390489,https://www.google.com/maps/place/?q=place_id:ChIJ-wtH15F3rDsRZoneJPwM8Jw,6,6,0,0,VIOLATION
Govt Wine Shop,"W9GQ+Q4F, Pappireddipatti - Harur - Tirapathur Rd",11.9269462,78.3877829,https://www.google.com/maps/place/?q=place_id:ChIJhUdzLptxrDsRmFGxEXfUecY,4,4,0,0,VIOLATION
Govt. Wine Shop (Tasmac),"RJCG+94Q, Chinnakalrayan Hills Therkkunadu",11.8204525,78.62522779999999,https://www.google.com/maps/place/?q=place_id:ChIJ96VCqqOBqzsR-v0C48vPDiE,58,58,0,0,VIOLATION
TASMAC,"2-1, Ammapet Rd, Kacharapalayam, Vadakkanandal",11.7857348,78.8645421,https://www.google.com/maps/place/?q=place_id:ChIJIT2E2qRjqzsR3HbO2-DICzA,65,62,3,0,VIOLATION
TASMAC,"Bus Stand, Kachirayapalayam New, Vengattampettai Rd, Vadakkanandal",11.7784819,78.8635895,https://www.google.com/maps/place/?q=place_id:ChIJMcOYKdxjqzsRpEPpFzCYtTE,73,69,4,0,VIOLATION
"TASMAC,Deviyanandal","QCCG+QQP, Sirulapattu",11.7719182,79.4269652,https://www.google.com/maps/place/?q=place_id:ChIJ3emJNn2sVDoRQ1YogBP-etY,7,7,0,0,VIOLATION
Government wine shop,"R8RW+Q6X, MDR336, Periyasevalai",11.8419842,79.3455858,https://www.google.com/maps/place/?q=place_id:ChIJlXSBL21VqzsR-pG-ztWavns,47,47,0,0,VIOLATION
Government wine shop,"R8JW+MRJ, Koovagam",11.8317073,79.3470004,https://www.google.com/maps/place/?q=place_id:ChIJzYVBkJFVqzsRP-jwitLjM9w,2,2,0,0,VIOLATION
Killiyur wine shop,"R772+XC, Killiyur",11.8150159,79.2509773,https://www.google.com/maps/place/?q=place_id:ChIJncqPqDNXqzsRKXs4Ov79sO0,43,43,0,0,VIOLATION
Mecheri Wine Shop,"RXP3+R66, Salem",11.8370371,77.9530269,https://www.google.com/maps/place/?q=place_id:ChIJy02RZNsBrDsRamOijjgWpso,24,24,0,0,VIOLATION
Silk wine shop Bar,"RWMM+CRM, Unnamed Road",11.8335965,77.9345566,https://www.google.com/maps/place/?q=place_id:ChIJs5nv_iIBrDsRNys8SjGaYxs,60,59,1,0,VIOLATION
TASMAC,"QHF2+8QX, Road, Ulunthampattu, Chennai, Panruti",11.7733587,79.5519781,https://www.google.com/maps/place/?q=place_id:ChIJlWZrecuvVDoRclO_nThInKA,88,79,7,2,VIOLATION
Tasmac,"QG5X+77C, Panikankupp, Panruti, Panikankuppam",11.7581794,79.5481355,https://www.google.com/maps/place/?q=place_id:ChIJka6Qw7evVDoRN910I-GUFk0,58,58,0,0,VIOLATION
Bus stand TASMAC,"back side, Bus stand, Indira Gandhi Rd, Kamaraj Nagar, Panruti",11.7704736,79.5530967,https://www.google.com/maps/place/?q=place_id:ChIJ_z8eJKevVDoR-3TQKp1aoeo,91,77,12,2,VIOLATION
Tasmac,"2R57+8GH, Unnamed Road, Senganur",12.0083108,77.81386479999999,https://www.google.com/maps/place/?q=place_id:ChIJ--iqCDylrjsRWWc22DLdAZw,13,13,0,0,VIOLATION
TASMAC,"VWGJ+7VX, Salem",11.8757432,77.9322327,https://www.google.com/maps/place/?q=place_id:ChIJfYgdV54BrDsR85-9ejiN2KQ,6,6,0,0,VIOLATION
Tasmac,"P2VX+H97, Omalur",11.7439041,78.0484254,https://www.google.com/maps/place/?q=place_id:ChIJSYiYoVD5qzsRYt7m3sQmsKQ,97,90,7,0,VIOLATION
Wine Shop,"Q3C4+CFX, Salem, Kamalapuram",11.7710746,78.05622869999999,https://www.google.com/maps/place/?q=place_id:ChIJd-u38AL5qzsR7RZekqOBDME,65,64,1,0,VIOLATION
TASMAC,"PXQF+6WG, SH 204, Kottaimedu, Kallakurichi",11.7380599,78.9748248,https://www.google.com/maps/place/?q=place_id:ChIJjzKbDx5nqzsR_RxalW8eUO8,59,59,0,0,VIOLATION
Tasmac,"PXVR+WR2, Villupuram",11.744925,78.990743,https://www.google.com/maps/place/?q=place_id:ChIJcZMYaQBnqzsRuPJmukK5GnU,45,45,0,0,VIOLATION
TASMAC,"39M7+QM8, MDR777, Chintalpadi",12.0844177,78.3642168,https://www.google.com/maps/place/?q=place_id:ChIJLT_ZFcdtrDsRbSkKgmUBhe0,7,7,0,0,VIOLATION
Tasmac,"X7G9+3VQ, Bommidi",11.9752026,78.26971879999999,https://www.google.com/maps/place/?q=place_id:ChIJMfE4H6UNrDsRHJSOtmfVilI,52,52,0,0,VIOLATION
TASMAC Wine Shop,"Semmanatham, Mangalam",11.8682134,78.2268618,https://www.google.com/maps/place/?q=place_id:ChIJn-PI6EoKrDsRaRmkN-r3vTw,17,17,0,0,VIOLATION
TASMAC,"Tamil Nadu 635303, India",12.0848296,78.2905064,https://www.google.com/maps/place/?q=place_id:ChIJ9UaHdk0TrDsRicUQBHMKTEQ,82,76,6,0,VIOLATION
Goverment Wine Shop,"3F39+C92, Sundekuppam, Harur",12.0535127,78.46839589999999,https://www.google.com/maps/place/?q=place_id:ChIJYafkubFvrDsRFbya0NW4UQc,31,31,0,0,VIOLATION
TASMAC Mall shop,"Q5JX+GW2, Mundagapadi",11.7812605,78.1997779,https://www.google.com/maps/place/?q=place_id:ChIJ____v4n2qzsR2dgrcmYpakk,61,61,0,0,VIOLATION
TASMAC மதுபானகடை,"P3RF+83V, Thiyagadurgam",11.7408704,79.0726758,https://www.google.com/maps/place/?q=place_id:ChIJCb7u-fldqzsRz6R1idQkeMg,85,78,7,0,VIOLATION
Wine shop,"3PF4+429, Sikkalur",12.0727598,78.7051498,https://www.google.com/maps/place/?q=place_id:ChIJn9ZmtxGJrDsRpOVM0hkpLR4,5,5,0,0,VIOLATION
TASMAC,"R492+6H6, Rishivandiyam",11.81805,79.1013905,https://www.google.com/maps/place/?q=place_id:ChIJBUpYqilfqzsRHkkeb0cWs3o,60,60,0,0,VIOLATION
TASMAC,"R4VV+323, Aliapath",11.8425881,79.1425397,https://www.google.com/maps/place/?q=place_id:ChIJm3YbZJJYqzsRFlNGdg6P0ZI,1,1,0,0,VIOLATION
TASMAC,"V5CF+VJQ, Ariyur",11.8722174,79.1741049,https://www.google.com/maps/place/?q=place_id:ChIJ4Uh6r42nrDsRNrtV4e4f7hU,48,48,0,0,VIOLATION
TASMAC ELITE,"W6QH+F8, Kachikkuvachan",11.9386437,79.22832059999999,https://www.google.com/maps/place/?q=place_id:ChIJQ55xM02prDsR5UDxBzPzAjo,9,9,0,0,VIOLATION
TASMAC,"W3PJ+X92, Madampoondi Road Bus Stop, SH 9A, Kadambur",11.9373853,79.0809269,https://www.google.com/maps/place/?q=place_id:ChIJGb84VLWhrDsR_Cl5rtQ7DEU,12,12,0,0,VIOLATION
Tasmac,"X52M+29M, Kanakanandal, T.Keeranur",11.950092,79.1834074,https://www.google.com/maps/place/?q=place_id:ChIJ04OMgX6nrDsR5RG_usvEHlE,30,30,0,0,VIOLATION
TASMAC (wine shop),"V6Q3+VHG, Palengur",11.8896811,79.2039417,https://www.google.com/maps/place/?q=place_id:ChIJhUMTX3SorDsRA0uio5cE8_w,10,10,0,0,VIOLATION
TASMAC,"W53M+RRR, Villupuram",11.9045826,79.1845831,https://www.google.com/maps/place/?q=place_id:ChIJn32YScynrDsRyAOZ3yA1hYo,60,60,0,0,VIOLATION
TASMAC,"W4MG+2Q8, Road, Kolaparai, Tirupalapandal",11.9325395,79.12696729999999,https://www.google.com/maps/place/?q=place_id:ChIJ4RcbtpqnrDsR8VrYwAbRgUU,6,6,0,0,VIOLATION
TASMAC,"WGVF+8G8, Viluppuram",11.943296,79.5238202,https://www.google.com/maps/place/?q=place_id:ChIJR1BCfRhXUzoRHE4WN20SbNo,38,38,0,0,VIOLATION
Govt.Tasmac,"ware Housing Corporation, 59 A, Compartment No.II, Chennai Trunk Rd, Viluppuram",11.956601,79.495992,https://www.google.com/maps/place/?q=place_id:ChIJn5dO2vtxqzsR1BcvLCK9evk,62,62,0,0,VIOLATION
tasmac,"X8CR+242, Ayandur",11.9699851,79.34026039999999,https://www.google.com/maps/place/?q=place_id:ChIJe8l2D4KtrDsRWrr2R0_YHD0,56,56,0,0,VIOLATION
TASMAC Wine Shop,"PQV4+QMF, Thirupapuliyur, Cuddalore",11.7444317,79.756676,https://www.google.com/maps/place/?q=place_id:ChIJb86v_2OYVDoRbIIm2M58VRU,82,77,1,4,VIOLATION
🍸Delux Bar & Restaurant A/C,Sorian Kuppam,11.7885541,79.7386539,https://www.google.com/maps/place/?q=place_id:ChIJC2RMOQCjVDoRpdiGR351RbY,15,15,0,0,VIOLATION
Tasmac,"4V55+G9C, Road, Kodihalli",12.1087964,77.8583965,https://www.google.com/maps/place/?q=place_id:ChIJgSkEY62hrjsRR4R2Ap2BJa8,6,6,0,0,VIOLATION
Tasmac jarugu,"222G+J3Q, Dharmapuri - Jarugu - Hogenakkal Rd, Maniathahalli",12.001624,78.0252419,https://www.google.com/maps/place/?q=place_id:ChIJfai_PCwbrDsRwOXx9_ngv3k,59,59,0,0,VIOLATION
TASMAC,"3477+PG5, Nallampalli",12.0642642,78.11386689999999,https://www.google.com/maps/place/?q=place_id:ChIJ4_pmCQARrDsRNVwphr48els,67,67,0,0,VIOLATION
TASMAC,ajithkarthickumar selvam 0,12.071533,78.114862,https://www.google.com/maps/place/?q=place_id:ChIJW5LF2q4RrDsRCpj5S4MtXss,37,37,0,0,VIOLATION
TASMAC,Kadayampatti,11.8726994,78.08852209999999,https://www.google.com/maps/place/?q=place_id:ChIJ87yu0zcGrDsRrEE4a7vgdk4,64,62,2,0,VIOLATION
Wine Shop Thoppur,"W3P4+968, Thoppur",11.9359131,78.0555873,https://www.google.com/maps/place/?q=place_id:ChIJTcJNVB4FrDsRXYb-R0uvJAA,70,69,1,0,VIOLATION
TASMAC Danishpet,"V45Q+R5P, Danishpet",11.8595843,78.13796339999999,https://www.google.com/maps/place/?q=place_id:ChIJJVBjlv4JrDsRX7vy_PHayqM,37,37,0,0,VIOLATION
"Govt,TASMAC","37WQ+GV8, Dharmapuri",12.0962897,78.2897007,https://www.google.com/maps/place/?q=place_id:ChIJw2-k05UTrDsR9KfmYGw-hUI,51,51,0,0,VIOLATION
TASMAC,"6G3W+6M2, Kottukarampatti",12.2029913,78.5466406,https://www.google.com/maps/place/?q=place_id:ChIJNw8uOgNdrDsR3ccIRh8HOrc,14,14,0,0,VIOLATION
TASMAC,"499R+M5J, Morappur Rd, Morappur",12.1192151,78.3904019,https://www.google.com/maps/place/?q=place_id:ChIJT1DXG1xprDsRwowdbmfxDaI,23,23,0,0,VIOLATION
Wine Shop Virupakshi,"PQXC+6G9, Anna Nagar, Cuddalore",11.7480419,79.7713687,https://www.google.com/maps/place/?q=place_id:ChIJ_8t_3l6ZVDoRxkh5euUZyXY,97,91,6,0,VIOLATION
Senthilraja Wine Shop,"Pondy, Cuddalore Road, Kirumampakkam",11.8214628,79.7821191,https://www.google.com/maps/place/?q=place_id:ChIJmTnz_x6fVDoRe7k73AFI6L0,72,68,4,0,VIOLATION
Kudil Bar & Restaurant (Kennedy),"QQWC+376, National Highway, 45A, Kanniyakoil",11.7955617,79.7708277,https://www.google.com/maps/place/?q=place_id:ChIJL6PoFgCfVDoR_EiRFHQNd68,67,65,2,0,VIOLATION
"Wine Shop, Vanapuram","W2M4+XJX, Villupuram",11.9349983,79.0066099,https://www.google.com/maps/place/?q=place_id:ChIJK5sbXkWfrDsRACMAAPSikZc,11,11,0,0,VIOLATION
TASMAC,"4R6W+2JP, Thanipadi, Se.Andapattu",12.1100643,78.8465598,https://www.google.com/maps/place/?q=place_id:ChIJ22YQzT6RrDsRLoLWZVpWJzI,7,7,0,0,VIOLATION
Thanipadi Check Post Wine Shop,"3RXG+68H, Thanipadi",12.0980525,78.82587250000002,https://www.google.com/maps/place/?q=place_id:ChIJ6w6x58ePrDsRmZJFaeCm6bk,62,62,0,0,VIOLATION
Tasmac New,"347H+JRJ, Tiruvannamalai",12.0640911,79.12949359999999,https://www.google.com/maps/place/?q=place_id:ChIJ_9D0gGq7rDsR1M4cMN4qHM0,17,17,0,0,VIOLATION
TASMAC,"X3WP+F56, Villupuram",11.9961673,79.0854009,https://www.google.com/maps/place/?q=place_id:ChIJxZtS2H6jrDsRXzUfm89iEUQ,18,18,0,0,VIOLATION
Tasmac,"X4PM+9Q7, Sorayapattu, Kottagam",11.9859228,79.1344288,https://www.google.com/maps/place/?q=place_id:ChIJPy8aMF2krDsR1Kob2fCLel8,34,34,0,0,VIOLATION
Wine shop,"32G7+JX8, road, Edakkal, Perayampattu",12.0765374,79.0149544,https://www.google.com/maps/place/?q=place_id:ChIJO-uSvfuXrDsRQgAnoxD-dNs,3,3,0,0,VIOLATION
Tasmac,"234W+C2V, Manalurpettai",12.0061064,79.09506360000002,https://www.google.com/maps/place/?q=place_id:ChIJk7yd5HGjrDsReNdH2wGkci4,65,63,2,0,VIOLATION
Govt Wine shop,"37JH+7CG, Mazhavanthangal",12.0806944,79.2785885,https://www.google.com/maps/place/?q=place_id:ChIJpzfBkmOxrDsRzGihCADl_ZM,21,21,0,0,VIOLATION
TASMAC,"XFRP+34F, Gingee - Villupuram Rd",11.9901815,79.4853048,https://www.google.com/maps/place/?q=place_id:ChIJbcKxsslRUzoRP4YKiBV9Bnw,13,13,0,0,VIOLATION
TASMAC GOVT.,"XFR9+RJ9, Cholaganur",11.9920458,79.4691046,https://www.google.com/maps/place/?q=place_id:ChIJHYY-DOxTUzoR0YU0GnFxiT4,7,7,0,0,VIOLATION
Tasmac,"3CMQ+PQP, Melkaranai",12.0843287,79.4394459,https://www.google.com/maps/place/?q=place_id:ChIJ4egFKQBNUzoR14mu4VDpMAs,12,12,0,0,VIOLATION
Modern Wine Shop,"WJMH+9QR, Kalitheerthalkuppam",11.9334758,79.62939879999999,https://www.google.com/maps/place/?q=place_id:ChIJLa13GQ5ZUzoRLphtrvfqYac,16,16,0,0,VIOLATION
REGAN WINES LIQUOR SHOPPE,India,11.9184665,79.6288967,https://www.google.com/maps/place/?q=place_id:ChIJ3U69691YUzoR_5C0Ef6chQA,65,62,3,0,VIOLATION
Confed LIQUOR SHOPPE,India,11.8701935,79.637315,https://www.google.com/maps/place/?q=place_id:ChIJOcuKxlqnVDoRJ3FNin07s3Q,57,57,0,0,VIOLATION
New Continental Bar & Restaurant,"150/2A, East Coast Rd, Thavalakuppam",11.8605907,79.7918933,https://www.google.com/maps/place/?q=place_id:ChIJY8I1wkieVDoRdjspgUtCyHE,80,70,9,1,VIOLATION
LIQUOR SHOPPE LIBERTY HOTEL,India,11.8002732,79.7748438,https://www.google.com/maps/place/?q=place_id:ChIJD-UG6S2fVDoRRB3Cx1b_7EE,69,68,1,0,VIOLATION
D.R. BAR & RESTAURANT,"VRM3+X4H, Chunnambar Road, Ariyankuppam",11.8849379,79.80287179999999,https://www.google.com/maps/place/?q=place_id:ChIJ52ArwiCeVDoR_valsvSHkAw,62,61,1,0,VIOLATION
TASMAC,"6723+3FF, Krishnapuram",12.2001865,78.25366540000002,https://www.google.com/maps/place/?q=place_id:ChIJrZ1HvN4_rDsRmxXK5Tr0MOk,9,9,0,0,VIOLATION
TASMAC Wine shop,"67Q9+VFR, Karimangalam - Harur Rd, Bannikulam",12.2397319,78.2686116,https://www.google.com/maps/place/?q=place_id:ChIJu31-Hg0_rDsRWS0QKRqqbNM,54,54,0,0,VIOLATION
government Tasmac,"76W8+9XC, Dharmapuri",12.2959235,78.2174089,https://www.google.com/maps/place/?q=place_id:ChIJfeI7ru05rDsRPSifVSi5_vo,35,35,0,0,VIOLATION
Arasampatti Wine Shop,"78M5+PJ6, Arasampatti",12.2842934,78.309001,https://www.google.com/maps/place/?q=place_id:ChIJV30vvU5HrDsRRIi8PiGgF0A,68,66,2,0,VIOLATION
Tasmac Wine Shop,"7G7W+RHX, Illuppaikuttapatti",12.2646199,78.5464902,https://www.google.com/maps/place/?q=place_id:ChIJEVtGMj5crDsRuUlGPdvxsNw,18,18,0,0,VIOLATION
Tasmac Shop,"7GJM+GX4, Appinaickenpatti",12.2812691,78.5349425,https://www.google.com/maps/place/?q=place_id:ChIJa_BJKHFcrDsRA7ymkzaoJF8,49,49,0,0,VIOLATION
TASMAC,"7PWQ+QGM, Pakkiripalayam, Pudhur",12.29695,78.738812,https://www.google.com/maps/place/?q=place_id:ChIJ-Y4c73X3rDsRq9EQ9b8PTgg,5,5,0,0,VIOLATION
TASMAC (GOVERNMENT WINE SHOP),"7P8R+M7F, Tiruvannamalai",12.2666869,78.7406735,https://www.google.com/maps/place/?q=place_id:ChIJs5qvQXH0rDsRmyOqbeIYX6Q,61,61,0,0,VIOLATION
WINE SHOP,"Bus Stop, Thanda, Chengam",12.2348833,78.7934969,https://www.google.com/maps/place/?q=place_id:ChIJiSR0PgLzrDsR9fkR8cLcZS4,19,19,0,0,VIOLATION
Tasmac wine shop,"5562+7VP, Unnamed Road",12.1607125,78.15220839999999,https://www.google.com/maps/place/?q=place_id:ChIJMQ2amQgXrDsRYLbgNY9cBK8,58,58,0,0,VIOLATION
TASMAC WINE SHOP,Dharmapuri,12.1366774,78.1612837,https://www.google.com/maps/place/?q=place_id:ChIJ67fI1ZQXrDsRfBNTeYkE58Y,105,89,14,2,VIOLATION
TASMAC Semmandakuppam,"55QP+2PM, Dharmapuri",12.1875963,78.1868049,https://www.google.com/maps/place/?q=place_id:ChIJUUC9FXg9rDsR3wlBFO-nDGU,9,9,0,0,VIOLATION
Siva Dhaba.tasmac bar.dharmapuri,"Krishnagiri, East Coast Rd, Dharmapuri",12.145797,78.16528319999999,https://www.google.com/maps/place/?q=place_id:ChIJPxBrTFAWrDsRd1Zldd7otAI,64,64,0,0,VIOLATION
Govt TASMAC 🍻,"5W9R+9R3, Thandarampattu",12.168487,78.94077,https://www.google.com/maps/place/?q=place_id:ChIJb3bFIgCVrDsRh2QH35AaqhA,12,12,0,0,VIOLATION
"Goverment,Tasmac","5X44+522, Thandarampattu",12.1553843,78.955006,https://www.google.com/maps/place/?q=place_id:ChIJ31l6WAqVrDsRy47oGWpCE1U,10,10,0,0,VIOLATION
WINE SHOP,"5WVP+329, Tharadapattu Rd, Tharadapattu, Malligapuram",12.1926543,78.9351003,https://www.google.com/maps/place/?q=place_id:ChIJ21A0mX-VrDsRxpxDwlizsso,2,2,0,0,VIOLATION
Sathanur Wine Shop,"5VXV+MHX, Tiruvannamalai, Sathanur",12.1992479,78.893996,https://www.google.com/maps/place/?q=place_id:ChIJQf6mOSWTrDsReq10byVzybg,11,11,0,0,VIOLATION
TASMAC,"7VFJ+GRQ, Pinjur R.F.",12.2738248,78.88204660000001,https://www.google.com/maps/place/?q=place_id:ChIJR1ODn7TtrDsRDpTN885J0Uw,3,3,0,0,VIOLATION
Wine Shop,"7WGR+87X, Eraiyurmalai R.F.",12.2758636,78.9407205,https://www.google.com/maps/place/?q=place_id:ChIJtyCACHPrrDsRatW3GmPzark,2,2,0,0,VIOLATION
Clinton Bar & Restaurant,"No: 2, Cuddalore Road, Ariyankuppam",11.8977822,79.8049345,https://www.google.com/maps/place/?q=place_id:ChIJ54jTpA9hUzoRbqQWhHNqbOM,93,84,8,1,VIOLATION
TASMAC,"42XM+HVQ, SH6, Nacha Nanthal",12.1489548,79.03474030000001,https://www.google.com/maps/place/?q=place_id:ChIJx72Uvqu_rDsRgOl2BkXqf8g,18,18,0,0,VIOLATION
Wine Shop,"34R5+3WX, Tiruvannamalai",12.0902336,79.1098636,https://www.google.com/maps/place/?q=place_id:ChIJu-S8Qeu7rDsRS1GQBNvABZw,13,13,0,0,VIOLATION
Wine Shop Pavithiram,"44H9+QM6, Unnamed Road, Pavithiram",12.1294115,79.11921439999999,https://www.google.com/maps/place/?q=place_id:ChIJsa4Cb5G7rDsRq9nJxaaz67k,2,2,0,0,VIOLATION
Pavithuram wine shop,"4484+VP, Periyakallapadi",12.1171875,79.1067535,https://www.google.com/maps/place/?q=place_id:ChIJEeCWCgC9rDsR4mALDW6WBI0,15,15,0,0,VIOLATION
Tasmac,"552F+4V7, Tiruvannamalai",12.1502844,79.1747065,https://www.google.com/maps/place/?q=place_id:ChIJN3vNgJu5rDsRXvCNbS5yYjs,37,37,0,0,VIOLATION
Tasmac wine shop,463P+PM3,12.1042727,79.2366789,https://www.google.com/maps/place/?q=place_id:ChIJ9cfMU86xrDsRDd3Bk1G17X8,16,16,0,0,VIOLATION
TASMAC,"4CRH+P5X, Ottampattu",12.1418623,79.42803390000002,https://www.google.com/maps/place/?q=place_id:ChIJR6d0DvpNUzoRSt9D8ImLMJw,9,9,0,0,VIOLATION
Tasmac Shop 1 மதுக்கடை,"4549+7HM, Tiruvannamalai",12.105753,79.1689499,https://www.google.com/maps/place/?q=place_id:ChIJwQ9uaW67rDsRtpJ0tC6mswk,12,12,0,0,VIOLATION
Tasmac Sangeethamangalam,"Bus Stop, mail road, Sangeethamangalam, Ananthapuram",12.1095423,79.394109,https://www.google.com/maps/place/?q=place_id:ChIJ51ygLkZNUzoRMN-Dn7IYNOE,24,24,0,0,VIOLATION
Tasmac 1 Ananthapuram,"498M+3QH, Panamalai",12.115185,79.3844787,https://www.google.com/maps/place/?q=place_id:ChIJ7dhxDsdNUzoRsD3RSiXc9yg,62,60,2,0,VIOLATION
Kanakkankuppam New Tasmac,"587J+7C3, Tandavasamudram",12.1621892,79.3313708,https://www.google.com/maps/place/?q=place_id:ChIJPYDbPRa1rDsR5_-PhGraOoo,3,3,0,0,VIOLATION
Tasmac 2 Ananthapuram,"497J+WP8, Panamalai",12.1148282,79.3818288,https://www.google.com/maps/place/?q=place_id:ChIJb4XbkqhNUzoRNamoBFv-RSc,70,67,3,0,VIOLATION
Wine shop,"49WR+MF4, MDR807, Anaiyeri, Varikkal",12.1466137,79.3912649,https://www.google.com/maps/place/?q=place_id:ChIJ09hvXlZLUzoRjCpjfaZz4Hg,18,18,0,0,VIOLATION
Wine Shop,"4548+FW3, Andampallam",12.1062411,79.1673215,https://www.google.com/maps/place/?q=place_id:ChIJhdyD-Vi6rDsRdMWOCIeGXhM,21,21,0,0,VIOLATION
TaSMaC,"2G39+FGX, NH Service Road, Mundiyampakkam",12.0037982,79.51885949999999,https://www.google.com/maps/place/?q=place_id:ChIJX6i1SrJRUzoR5tYjXMiqXvE,53,53,0,0,VIOLATION
TASMAC,"6J9V+5FQ, Mailam Rd, Tindivanam",12.2179606,79.6437241,https://www.google.com/maps/place/?q=place_id:ChIJK8CBETZHUzoRc6dEPn12gHk,59,59,0,0,VIOLATION
Wine Shop,"2VV9+JMF, Ganapathichettikulam",12.0440449,79.8691637,https://www.google.com/maps/place/?q=place_id:ChIJTQvngaFlUzoR_8mhuUn-21E,70,68,1,1,VIOLATION
Wine Shop,"6Q2H+QR5, Ariyanthangal Road, Bramaddesam",12.2018985,79.7796199,https://www.google.com/maps/place/?q=place_id:ChIJUT3VD1ZqUzoRFIRjuZpZqls,63,61,2,0,VIOLATION
Tasmak / wine shop,7RH7+7CG,12.2781484,79.8135762,https://www.google.com/maps/place/?q=place_id:ChIJH-0t-mwVUzoRG2h_nQcFnSw,55,55,0,0,VIOLATION
Wine shop,"5J67+4J, Kiledayalam",12.1602289,79.6140558,https://www.google.com/maps/place/?q=place_id:ChIJVVk7pFZHUzoRhUK-AEqzF5A,30,30,0,0,VIOLATION
TASMAC,"5FRV+WPX, Unnamed Road, Vadataram",12.1923508,79.4943796,https://www.google.com/maps/place/?q=place_id:ChIJ22XPuGFJUzoRFc3GBaIZV6Y,1,1,0,0,VIOLATION
Nemur wine shop,"3FX4+P7V, Viluppuram",12.099366,79.4556571,https://www.google.com/maps/place/?q=place_id:ChIJUZOZfa1NUzoRhzWWh-KOU0g,60,60,0,0,VIOLATION
Tasmac,"9257+53H, Palacode--Amanimallapuram, Marandahalli - Palacode Rd, Gujjarahalli",12.3579495,78.0127461,https://www.google.com/maps/place/?q=place_id:ChIJY4M5sh8prDsRLGshnSh--rI,63,62,1,0,VIOLATION
Tasmac,"Marandahalli Bypass Bus Stop, Denkanikottai - Palakodu Rd, Marandahalli",12.3879191,78.0072552,https://www.google.com/maps/place/?q=place_id:ChIJn--18-kprDsRMqMIctTzoto,69,68,1,0,VIOLATION
"Tarmac,wine shope","929V+639, Narayanan Kottai",12.3680268,78.0427193,https://www.google.com/maps/place/?q=place_id:ChIJsy7fJZYvrDsRMOiQmldBSE4,10,10,0,0,VIOLATION
TASMAC,"8HQM+62C, Pudur",12.3380517,78.5825038,https://www.google.com/maps/place/?q=place_id:ChIJcaf35lRZrDsR7CV-o2A_C7U,9,9,0,0,VIOLATION
Tasmac Koratti,"CHG3+VGF, Unnamed Road",12.4271954,78.5537992,https://www.google.com/maps/place/?q=place_id:ChIJizPyqiNRrDsRWHfHM66gVmg,39,39,0,0,VIOLATION
tasmac,"63MV+R6G, Modugulahalli",12.2345817,78.09306219999999,https://www.google.com/maps/place/?q=place_id:ChIJbyEB1qsjrDsRMtkON-CW_G0,12,12,0,0,VIOLATION
Tasmac,"7368+XH2, Dharmapuri",12.2623879,78.0664072,https://www.google.com/maps/place/?q=place_id:ChIJjd_k2t0jrDsR5QhUHyb7Xrk,4,4,0,0,VIOLATION
Wine Shop,"62W2+569, Tiruvannamalai Rd",12.2454023,79.0006172,https://www.google.com/maps/place/?q=place_id:ChIJo9HH_TPrrDsR_NoG3FsLMIY,18,18,0,0,VIOLATION
Tasmac,"856W+5H9, Kariamangalam",12.310388,78.19648,https://www.google.com/maps/place/?q=place_id:ChIJyZUblC07rDsRRL53vVVCQLc,41,41,0,0,VIOLATION
Tasmac,"6499+QWF, pulikarai to, Pothalahalli",12.2194483,78.1197373,https://www.google.com/maps/place/?q=place_id:ChIJOentyQo9rDsRD6wYWgWdnsE,23,23,0,0,VIOLATION
TASMAC,"Tamil Nadu 635111, India",12.3017041,78.21203129999999,https://www.google.com/maps/place/?q=place_id:ChIJs9S1CmY5rDsRxm9s_X0kv9g,59,59,0,0,VIOLATION
SRI SAI ENTERPRISES LIQUOR SHOPPE,India,11.9501058,79.8147426,https://www.google.com/maps/place/?q=place_id:ChIJf5dvPGlhUzoRkObN1QWetbE,90,81,9,0,VIOLATION
Maharaja Inn Bar & Restaurant,"North, Vasanth Nagar, Villianur",11.9181485,79.7574916,https://www.google.com/maps/place/?q=place_id:ChIJDY5NXGVhUzoRLb9W7HDZROU,91,80,9,2,VIOLATION
TASMAC,"7CCJ+P3H, Singavaram",12.2718104,79.4302357,https://www.google.com/maps/place/?q=place_id:ChIJA-ITRqk1UzoRgFdODes5iM4,30,30,0,0,VIOLATION
Tasmac,"67R8+36R, Pappambadi [MEL]",12.2402325,79.2655011,https://www.google.com/maps/place/?q=place_id:ChIJ86B65cLJrDsRUPLycc4O7bo,45,45,0,0,VIOLATION
TASMAC,"9VQQ+WPR, Kanchipuram",12.3898556,79.88925549999999,https://www.google.com/maps/place/?q=place_id:ChIJLT_-SeARUzoR9XjDeKLIyEo,12,12,0,0,VIOLATION
Tasmac,"9QCH+MFX, Perumbairkandigai",12.3717323,79.7787215,https://www.google.com/maps/place/?q=place_id:ChIJ3SY7rlAWUzoRUz3NFfFmgjg,42,42,0,0,VIOLATION
Tasmac - Govt. Wine Shop,"CRGR+98R, Kanchipuram",12.425992,79.8407651,https://www.google.com/maps/place/?q=place_id:ChIJ4xOEnagQUzoRuRph6AGKCPI,10,10,0,0,VIOLATION
TASMAC WINE SHOP,"CW63+562, Saravambakam",12.4103932,79.90301149999999,https://www.google.com/maps/place/?q=place_id:ChIJG_3czkIRUzoR5mTocwP9vwQ,11,11,0,0,VIOLATION
Tasmac,"CPMP+3V, Seeshamangalam [Kil]",12.432706,79.73720110000001,https://www.google.com/maps/place/?q=place_id:ChIJO0iYuzojUzoRR3l0ZSlxV0A,34,34,0,0,VIOLATION
"Tasmac,wineshop","7H66+F83, Deevanur",12.2611358,79.56080399999999,https://www.google.com/maps/place/?q=place_id:ChIJ1fm24B05UzoRDwHXzqKeLx8,1,1,0,0,VIOLATION
Tasmac Wineshop,"7GV5+FRC, Nangiyanandal",12.2936847,79.509503,https://www.google.com/maps/place/?q=place_id:ChIJMU8Bgn43UzoRlphImRAxDUM,19,19,0,0,VIOLATION
Tasmac,"7G92+JVP, Melchitamur Rd, Chittamur",12.2690962,79.5022165,https://www.google.com/maps/place/?q=place_id:ChIJucUaBTg3UzoRU5RbXbRkWOU,2,2,0,0,VIOLATION
Tasmac Denkanikottai,"GRG3+M8H, Unnamed Road, Devarulimangalam",12.5266838,77.803359,https://www.google.com/maps/place/?q=place_id:ChIJ7d1Qpkp9rjsRzME8L_ylzlQ,3,3,0,0,VIOLATION
TASMAC,"GJ8V+GRC, Jawalagiri Rd, Jowlagiri",12.5163369,77.6445225,https://www.google.com/maps/place/?q=place_id:ChIJ3QLrpQeKrjsR36gKk6wbn1U,51,51,0,0,VIOLATION
TASMAC,"Tamil Nadu 635107, India",12.4628251,77.76432160000002,https://www.google.com/maps/place/?q=place_id:ChIJG52rOzmGrjsR1EHM49C3Pjc,60,60,0,0,VIOLATION
Tasmac,"G22G+8PX, Rayakotta Rd",12.5008727,78.0268626,https://www.google.com/maps/place/?q=place_id:ChIJxdZ5PFMtrDsRwaz0DKox0T8,36,36,0,0,VIOLATION
Tasmac,"G2CG+XCF, Pillari Agraharam",12.5224407,78.026049,https://www.google.com/maps/place/?q=place_id:ChIJp_Ly2r4trDsRoYN9CjJnIcQ,60,60,0,0,VIOLATION
Tasmac,"C64Q+MHJ, MDR157, Chowttahalli",12.4067207,78.2388953,https://www.google.com/maps/place/?q=place_id:ChIJV7_Y13M3rDsRNvB9uiJRjNc,13,13,0,0,VIOLATION
Tasmac,"86X6+HQ3, Sappanipatti",12.3488515,78.21192099999999,https://www.google.com/maps/place/?q=place_id:ChIJOev5V9k5rDsRfe2Ik7ggkEg,47,47,0,0,VIOLATION
TASMAC kattukkollai,"88M2+FPG, Puliyur - Sellampatti Road, Vilangamudi",12.3336892,78.3017696,https://www.google.com/maps/place/?q=place_id:ChIJdQfDcApHrDsRsFXaoW-QfQ8,10,10,0,0,VIOLATION
Tasmac Wine Shop,"98XP+Q29, X, Pochampalli - Santhur Road, Santhur",12.3994048,78.3350656,https://www.google.com/maps/place/?q=place_id:ChIJb5PyD1lIrDsRkUewr5-5SFk,48,48,0,0,VIOLATION
Govt Wine Shop,"C65P+C5X, Chowttahalli",12.4086249,78.2354898,https://www.google.com/maps/place/?q=place_id:ChIJVST8Fjw3rDsRz6tjQuEq-yc,23,23,0,0,VIOLATION
Government liquor shop,"C54X+228, Kaveripattinam - Marandahalli Rd, Kaveripattinam",12.4050419,78.1975745,https://www.google.com/maps/place/?q=place_id:ChIJaRFx5JQxrDsRO21eOniROzU,24,24,0,0,VIOLATION
Wine shop | மதுபான கடை,"9CJ6+738, Batrahalli",12.3806699,78.4102048,https://www.google.com/maps/place/?q=place_id:ChIJcbIEOQJPrDsRyqikJfjj8SI,73,71,2,0,VIOLATION
TASMAC,"86VJ+MVW, Tiruvannamalai",12.3442391,79.2321924,https://www.google.com/maps/place/?q=place_id:ChIJ6729mRnPrDsRh4gUfxGTCSE,12,12,0,0,VIOLATION
TASMAC,"994G+54, Valathi",12.3554104,79.3753218,https://www.google.com/maps/place/?q=place_id:ChIJUQM957fNrDsRgZfcrkIKZ4M,8,8,0,0,VIOLATION
TASMAC Wine Shop,"86VV+64C, Avalurpet",12.3430473,79.2427774,https://www.google.com/maps/place/?q=place_id:ChIJM8mQWh7PrDsRgEBl-rdQlIY,65,64,1,0,VIOLATION
TASMAC Wine Shop 3,"88QM+6WF, Malaiyanur",12.3380456,79.3347896,https://www.google.com/maps/place/?q=place_id:ChIJAUSP5mHMrDsRU2_fgrx5f38,20,20,0,0,VIOLATION
TASMAC Wine Shop,"88HQ+8C2, Malaiyanur",12.3282164,79.33845529999999,https://www.google.com/maps/place/?q=place_id:ChIJ72zj-4bMrDsRO2T4QR1j4rs,2,2,0,0,VIOLATION
TASMAC Wine Shop,"88J6+C27, Thayanur",12.331024,79.31003299999999,https://www.google.com/maps/place/?q=place_id:ChIJRWjehxLMrDsRIHxrW95CR3Q,33,33,0,0,VIOLATION
TASMAC,"85CH+MF5, Tiruvannamalai",12.321661,79.1787205,https://www.google.com/maps/place/?q=place_id:ChIJw-sneh3FrDsRuruKaf9F4mU,3,3,0,0,VIOLATION
"TASMAC Wine shop, Randam","845X+7QX, Nookambadi",12.3082383,79.1494903,https://www.google.com/maps/place/?q=place_id:ChIJz1zkhinHrDsR2d3vrLbB5MU,1,1,0,0,VIOLATION
TASMAC,"89WC+CG2, Valathi",12.3459959,79.3712329,https://www.google.com/maps/place/?q=place_id:ChIJ73GTEG_NrDsRjdRUyy3Yfcc,19,19,0,0,VIOLATION
Wine shope,"65P9+X2, Sirukothan",12.2374317,79.167585,https://www.google.com/maps/place/?q=place_id:ChIJ57gawfPHrDsRnk8gIzUghAY,16,16,0,0,VIOLATION
Liquor shop (govt allowed),"88PQ+PM9, Malaiyanur",12.3367682,79.33928820000001,https://www.google.com/maps/place/?q=place_id:ChIJd6ybNwDNrDsRMIL8TSVuAOE,13,13,0,0,VIOLATION
Gov.wine shop,"CC63+62V, Unnamed Road, Peruvalur",12.4106062,79.402553,https://www.google.com/maps/place/?q=place_id:ChIJTfCk_9MzUzoRzkoCBSt82-8,1,1,0,0,VIOLATION
ETHAPATTU WINE SHOP,"C66X+P76, Devikapuram - Avalurpettai Link Rd, Edapattu",12.411785,79.2481473,https://www.google.com/maps/place/?q=place_id:ChIJpc7Dh9TRrDsRdZ7pdXNCkck,6,6,0,0,VIOLATION
MELVAILAMUR TEMPORARILY WINE SHOP,"C733+H27, Vailamur",12.4039002,79.25255609999999,https://www.google.com/maps/place/?q=place_id:ChIJlRuTgFTPrDsRPGJ1si3fIVU,12,12,0,0,VIOLATION
govt wine shop,"9G65+68J, Pennattagaram",12.36059,79.50826599999999,https://www.google.com/maps/place/?q=place_id:ChIJFxlANRsxUzoR6tjT8235nG0,16,16,0,0,VIOLATION
Government wine shop,"CF2H+MCG, Citragavur",12.4016807,79.4785929,https://www.google.com/maps/place/?q=place_id:ChIJS_M2ZwQxUzoR3cvj6_y4oJo,52,52,0,0,VIOLATION
Thally TASMAC,"HJPV+6CW, Kanakapura Road, Thalli",12.5855463,77.6435779,https://www.google.com/maps/place/?q=place_id:ChIJI3coXJZhrjsRrO4xrkvlfCI,3,3,0,0,VIOLATION
Wine Shop,"JPF8+8XX, Madagondapalli",12.6233606,77.7174957,https://www.google.com/maps/place/?q=place_id:ChIJd--1NgBlrjsRw6oYbu9-2Ik,5,5,0,0,VIOLATION
Tasmac wine shop,"MX7W+JWJ, Krishnagiri",12.6640804,77.9972665,https://www.google.com/maps/place/?q=place_id:ChIJD-qzI_XXrTsRLQ8EcOm1kwE,26,26,0,0,VIOLATION
Tasmac,"HWXM+PG2, Shoolagiri",12.5992778,77.9337017,https://www.google.com/maps/place/?q=place_id:ChIJdyYsdgDVrTsRk84OWIKuk8U,4,4,0,0,VIOLATION
Premium Tasmac,"73GF+FF4, Tiruvannamalai Bypass Rd, Vengikkal, Tiruvannamalai",12.2761384,79.07371169999999,https://www.google.com/maps/place/?q=place_id:ChIJL1Lvsc_BrDsRZaJv4MZi7g4,61,61,0,0,VIOLATION
Tasmac depot,"624G+84C, Tiruvannamalai",12.2058034,79.02526139999999,https://www.google.com/maps/place/?q=place_id:ChIJr0BWub6_rDsRv25j1P1noEs,19,19,0,0,VIOLATION
Sign board - Way to TASMAC,"625M+MW8, Tiruvannamalai",12.2091548,79.03482799999999,https://www.google.com/maps/place/?q=place_id:ChIJxQuNWgC_rDsRX6K7wBBsUU0,15,15,0,0,VIOLATION
Sachin Wine Shop,"Thamarai Nagar, Tiruvannamalai",12.2237588,79.059207,https://www.google.com/maps/place/?q=place_id:ChIJFfeycrPBrDsRL--pmP9r_fU,94,87,7,0,VIOLATION
TASMAC Godown,"63QP+77V, Kilnathur, Tiruvannamalai",12.2382421,79.085663,https://www.google.com/maps/place/?q=place_id:ChIJ_5L7v5XArDsRg6lz0nE69-8,61,60,1,0,VIOLATION
TASMAC,"FG26+H63, SH 60, Madapali",12.4513808,78.5105012,https://www.google.com/maps/place/?q=place_id:ChIJTc1LPbBRrDsRCZgWmFvXGvQ,19,19,0,0,VIOLATION
Tasmac pudupettai,"GGG7+7C6, Pudupettai, Rd, Ammanankoil",12.5256594,78.51350610000001,https://www.google.com/maps/place/?q=place_id:ChIJJ4mHhSxTrDsR5kNkk-4LCaA,40,40,0,0,VIOLATION
TASMAC,"G8VP+Q4J, Bagimanoor, Bargur",12.5444175,78.335358,https://www.google.com/maps/place/?q=place_id:ChIJS1TC2epLrDsRJONQHN-CGI8,13,13,0,0,VIOLATION
TASMAC,"G89R+MQ6, Jagadevi - Bargur Main Rd",12.5191799,78.3418769,https://www.google.com/maps/place/?q=place_id:ChIJUWffUxxLrDsRruEXuXXfZPQ,58,58,0,0,VIOLATION
Wine shop bar 2,"G6FH+6QJ, Papparapatti, Krishnagiri",12.523086,78.2294031,https://www.google.com/maps/place/?q=place_id:ChIJN-i9p5U1rDsRqYo0A5hAm88,63,62,1,0,VIOLATION
Wine Shop,"G98W+8C9, Barugur - Thirupattur Rd, Sigaralapalli",12.5158012,78.39608,https://www.google.com/maps/place/?q=place_id:ChIJ0W8DmrhNrDsRd71Law_whuY,35,35,0,0,VIOLATION
Wine shop bar,"G6FH+V55, Unnamed Road, Papparapatti, Krishnagiri",12.5246344,78.22797960000001,https://www.google.com/maps/place/?q=place_id:ChIJgWOeDv01rDsREt9usrBlys8,60,60,0,0,VIOLATION
wine shop,"G6JM+63C, Kattampatti Road, Kattanahalli",12.5305467,78.2326471,https://www.google.com/maps/place/?q=place_id:ChIJgfOv5jU1rDsR3SWuSslCih0,54,54,0,0,VIOLATION
Tasmac,"341, Asiriyar Nagar, Saibaba Colony, Tirupathur, Pachchal",12.4897717,78.5853659,https://www.google.com/maps/place/?q=place_id:ChIJ3wVXWThVrDsRTM5kykYbxzo,32,32,0,0,VIOLATION
Tasmac,"GGVW+46J, Odappatti",12.5428653,78.5455293,https://www.google.com/maps/place/?q=place_id:ChIJD_Nfjf1TrDsRQNnuFYMJFZE,19,19,0,0,VIOLATION
Tasmac,"GHW2+96M, Thiriyalam",12.5459631,78.5505385,https://www.google.com/maps/place/?q=place_id:ChIJkZBCLqtTrDsRakk63a5Sw3Q,11,11,0,0,VIOLATION
Tasmac Wine Shop,"HQPV+7P7, Poongulam R.F.",12.5856608,78.79429350000001,https://www.google.com/maps/place/?q=place_id:ChIJd5_peNwDrTsRSPKvIoXWW_k,3,3,0,0,VIOLATION
govt tasmac,"FXFX+52P, Kettavarampalayam",12.4729569,78.9975743,https://www.google.com/maps/place/?q=place_id:ChIJDQGeeNfnrDsR879vHGlD_tw,60,60,0,0,VIOLATION
"TASMAC, Athipet","HV9P+6WV, Tiruvannamalai",12.5681161,78.88729579999999,https://www.google.com/maps/place/?q=place_id:ChIJtYx9mn7irDsR8wM4J9o-pqs,8,8,0,0,VIOLATION
TASMAC,"C2PH+G5W, Kadaladi",12.4363716,79.0279463,https://www.google.com/maps/place/?q=place_id:ChIJizmsUu3drDsR464mWPIARos,8,8,0,0,VIOLATION
Government wine shop,"82P9+3H9, Voividanthangal",12.3344429,79.01956369999999,https://www.google.com/maps/place/?q=place_id:ChIJ8VqkAODDrDsREKOuFqHi9HY,30,30,0,0,VIOLATION
Tasmac,"G46G+8HC, Anna Salai Rd, Polur",12.5108123,79.12637939999999,https://www.google.com/maps/place/?q=place_id:ChIJPRbvtUbZrDsRiLJNtk3BHcI,115,100,13,2,VIOLATION
Tasmac,"G625+WXV, Tiruvannamalai",12.5023669,79.2099064,https://www.google.com/maps/place/?q=place_id:ChIJU4cZZPDXrDsRrmC0WLkYXfc,17,17,0,0,VIOLATION
TASMAC Wine shop,"F5RC+FFP, Unnamed Road",12.4912231,79.1712119,https://www.google.com/maps/place/?q=place_id:ChIJC04w-3zbrDsRlVkBWRo5Ua8,1,1,0,0,VIOLATION
Tasmac wineshop,"G5Q9+327, Ogur",12.537659,79.16754449999999,https://www.google.com/maps/place/?q=place_id:ChIJ2TWhyw3ZrDsRRlZKfc-U8DI,3,3,0,0,VIOLATION
Tasmac.,"F4WP+G75, Polur",12.4962931,79.1357237,https://www.google.com/maps/place/?q=place_id:ChIJNwSXimnZrDsRoJCT-Izjcnk,1,1,0,0,VIOLATION
TASMAC Wineshop,"F554+QP, Pelasur",12.4594539,79.1568401,https://www.google.com/maps/place/?q=place_id:ChIJeSBV8cbbrDsR8VTqpYOq--0,26,26,0,0,VIOLATION
Wine shop,"94V2+4C, Vada Pulidiyur",12.3924378,79.1018746,https://www.google.com/maps/place/?q=place_id:ChIJ-0YPblTDrDsRTLl15oqqB0M,59,59,0,0,VIOLATION
பேக்கிரி.. WINE SHOP,"94X7+RCW, Tiruvannamalai",12.3996605,79.11359,https://www.google.com/maps/place/?q=place_id:ChIJ1dZJDW7FrDsRiP3HbgWGx9I,7,7,0,0,VIOLATION
Wine shop,"409, Agaram Sibbandhi Kanji Road, Vada Pulidiyur",12.3945542,79.090508,https://www.google.com/maps/place/?q=place_id:ChIJZSWGUUnDrDsR3BmGE-8Dyt4,3,3,0,0,VIOLATION
Wine shop SK,94X7+HR3,12.3988792,79.1145394,https://www.google.com/maps/place/?q=place_id:ChIJGZXYAtXFrDsRgYS4wmeX9tI,9,9,0,0,VIOLATION
TASMAC,"GH5X+X64, Vandavasi",12.5098751,79.59806739999999,https://www.google.com/maps/place/?q=place_id:ChIJwWHMBXElUzoRYF8l7-9qbPo,59,59,0,0,VIOLATION
Tasmac bypass KS MANGALAM,"GH3P+9R5, Vandavasi",12.5033819,79.58712419999999,https://www.google.com/maps/place/?q=place_id:ChIJWWWwTnolUzoRQMAeddhe9fo,30,30,0,0,VIOLATION
Wine Shop Sst,"GFHQ+G8M, Thenkarai Rd",12.5288325,79.4882871,https://www.google.com/maps/place/?q=place_id:ChIJYTBP70EpUzoRm2sTupsqTXg,1,1,0,0,VIOLATION
TASMAC WINE SHOP APPEDU,"G88M+JHG, Appedu - Ulagampattu Rd, Chepet",12.5165662,79.3339396,https://www.google.com/maps/place/?q=place_id:ChIJfxcCz4PVrDsRi_mAABehQdo,12,12,0,0,VIOLATION
TASMAC,"FC2R+9HG, Matam",12.4509518,79.4414417,https://www.google.com/maps/place/?q=place_id:ChIJXVU82rAtUzoRQvWuNU2T8qU,35,35,0,0,VIOLATION
Tasmac shop,"FCPC+V7H, Kozhliplyur",12.4871825,79.4207474,https://www.google.com/maps/place/?q=place_id:ChIJzxXnSF8tUzoRHF9lnwHpTzA,36,36,0,0,VIOLATION
TASMAC Wine shop,"JG8Q+433, Pillayar Kovil St, Vilaripattu",12.6152735,79.53768099999999,https://www.google.com/maps/place/?q=place_id:ChIJq_4xVZrXUjoRmIcwmVywY7E,4,4,0,0,VIOLATION
Tasmac,"JQFC+C25, Unnamed Road, L.Endathur",12.6235025,79.7700971,https://www.google.com/maps/place/?q=place_id:ChIJQ_uSbRnhUjoRR8qBPCx5SLE,6,6,0,0,VIOLATION
Arasur TASMAC,"HHW6+574, Arasur",12.5953826,79.56070199999999,https://www.google.com/maps/place/?q=place_id:ChIJJbE-NAAnUzoRL9NE2s24G1s,3,3,0,0,VIOLATION
TASMAC,"No 55, Chennai - Theni Hwy, Maduranthakam",12.5108825,79.884951,https://www.google.com/maps/place/?q=place_id:ChIJ3WbnalAbUzoR_ORo5uTQkZM,99,89,8,2,VIOLATION
Tasmac,"18/2, Church Street, Grand Southern Trunk Rd, Maduranthakam",12.5141119,79.88806389999999,https://www.google.com/maps/place/?q=place_id:ChIJxzmcSSobUzoRxnCxZj4c0aE,78,71,6,1,VIOLATION
Tasmac,"C2RH+69J, Palur",12.4405839,80.0283876,https://www.google.com/maps/place/?q=place_id:ChIJoa9_WwoHUzoRdEeOfpDjjSY,20,20,0,0,VIOLATION
TASMAC KK PUDUR,"GWVX+G93, Lakshminarayanapuram",12.5451425,79.9483295,https://www.google.com/maps/place/?q=place_id:ChIJOzzX1n4DUzoR7OiMzsY-l3o,10,10,0,0,VIOLATION
TASMAC SHOP,"G46R+FJH, SH 49, Illayanar Kuppam, Kalpakkam, Meiyur",12.5111893,80.141617,https://www.google.com/maps/place/?q=place_id:ChIJM8BO2VipUzoR-oB6UEZC6dU,59,59,0,0,VIOLATION
TASMAC wine shop,"G59M+J52, Krishnagiri",12.5190115,78.18288799999999,https://www.google.com/maps/place/?q=place_id:ChIJ-UOOpQkzrDsRKR2i_GsgjIQ,46,46,0,0,VIOLATION
Tasmac Godown,"H5QP+WJF, Kundarapalli",12.5898187,78.1865591,https://www.google.com/maps/place/?q=place_id:ChIJMeh0DjzNrTsRW-c9KUJW4Uw,7,7,0,0,VIOLATION
"Tasmac depot Krishnagiri, tasmac warehouse Krishnagiri dist","H5QP+V5, Kundarapalli",12.5896875,78.18543749999999,https://www.google.com/maps/place/?q=place_id:ChIJtXuowkPNrTsRCSv0GlKIyZM,10,10,0,0,VIOLATION
New Wine Shop,"G46Q+3F7, Krishnagiri - Royakottai Rd, Marigampalli, Gangaleri",12.5101609,78.13868719999999,https://www.google.com/maps/place/?q=place_id:ChIJ8RWxhM4zrDsRuk-LnkOxEMo,9,9,0,0,VIOLATION
TASMAC shop no: 2956,"1/166-H1, Samy Nagar, Thanampatti Rd, R.Poosarapatti village, Pethathalapalli PO, Krishnagiri",12.5373221,78.1912491,https://www.google.com/maps/place/?q=place_id:ChIJHWi9d7kzrDsRjh3FXhGAO9w,46,46,0,0,VIOLATION
TASMAC,"J4XJ+Q49, Padavedu Temple Rd, Padavedu, Kesavapuram",12.6494015,79.1303741,https://www.google.com/maps/place/?q=place_id:ChIJpYZk_aYnrTsRzxtnFFM0UIA,21,21,0,0,VIOLATION
TASMAC,"Tamil Nadu 635752, India",12.6303415,78.66003479999999,https://www.google.com/maps/place/?q=place_id:ChIJexK5dp8ArTsRn2CMbsGxMF4,9,9,0,0,VIOLATION
Melpallipattu wine shop bar,"PRMH+84W, Melpallipattu",12.7333742,78.8278337,https://www.google.com/maps/place/?q=place_id:ChIJuw8oohQFrTsRX_T5rJC4H7E,6,6,0,0,VIOLATION
Tasmac Wineshop,"H5R7+9P, Kelur R.F.",12.5909339,79.1642471,https://www.google.com/maps/place/?q=place_id:ChIJh1qJScUnrTsRCCqT5K6wNfQ,27,27,0,0,VIOLATION
TASMAC,"J678+69V, Unnamed Road, Kalambur",12.6131168,79.2159223,https://www.google.com/maps/place/?q=place_id:ChIJyeOmbmworTsRLJVbIE0FmEM,5,5,0,0,VIOLATION
TASMAC,"J5X9+WXF, Santhavasal",12.6498733,79.1699218,https://www.google.com/maps/place/?q=place_id:ChIJdWEoaIQnrTsRe0T7ucgPqVs,59,59,0,0,VIOLATION
Tasmac Liquor Store,"Tamil Nadu 632316, India",12.6444099,79.2732283,https://www.google.com/maps/place/?q=place_id:ChIJ_dEcHnIprTsRGSNZ4qsQXMM,35,35,0,0,VIOLATION
TASMAC,"HJQJ+WM2, Yellagiri Road, Athanavur",12.5897578,78.6316417,https://www.google.com/maps/place/?q=place_id:ChIJG50yj86rrTsRnRLnDtDA2mk,64,63,1,0,VIOLATION
Government tasmac,"HHHG+CC6, Unnamed Road, Parsampettai, Kudiyanakuppam, Jolarpet",12.5785281,78.5760135,https://www.google.com/maps/place/?q=place_id:ChIJvxl4w4WrrTsRYjrbG__n9rc,30,30,0,0,VIOLATION
TASMAC,"JHP7+HMP, Unnamed Road, Thekkupattu",12.636466,78.5642088,https://www.google.com/maps/place/?q=place_id:ChIJE63PukatrTsRrLQq31YRYTQ,14,14,0,0,VIOLATION
TASMAC,"H8W8+XR, Agaram",12.5973994,79.3169956,https://www.google.com/maps/place/?q=place_id:ChIJNTODmkorrTsRxVXmcbIqUMA,5,5,0,0,VIOLATION
Tasmac,"JC87+R6W, Vinnamangalam",12.6171652,79.4130248,https://www.google.com/maps/place/?q=place_id:ChIJx0zAk3TVUjoRHbLvIJTxnXk,9,9,0,0,VIOLATION
TASMAC,"H9RW+9QF, MDR43, Avaniyapuram",12.5909376,79.3969133,https://www.google.com/maps/place/?q=place_id:ChIJ_wZmemIrUzoR_0cqu3dyxoI,4,4,0,0,VIOLATION
TASMAC,"Tamil Nadu 632317, India",12.652653,79.3018889,https://www.google.com/maps/place/?q=place_id:ChIJIbCxVsMrrTsR3-yqbjnfu_o,23,23,0,0,VIOLATION
Wine shop,"J9C9+CJW, Munugapattu",12.6211142,79.3690696,https://www.google.com/maps/place/?q=place_id:ChIJMU5EQ9krrTsR-ZSgwr6QgT4,45,45,0,0,VIOLATION
Wine shop,J9J7+7MP,12.6307157,79.3642065,https://www.google.com/maps/place/?q=place_id:ChIJC9IzmXwrrTsRA2wqLW4D6Lk,21,21,0,0,VIOLATION
TASMAC,"P576+875, Vannankulam",12.7132671,79.1607301,https://www.google.com/maps/place/?q=place_id:ChIJWQfLQiElrTsRsUiETLH8ABI,52,52,0,0,VIOLATION
Neeppalampattu Tasmac,"P3VF+MH3, Amirthi Rd, Amirthi, Neepalampattu",12.7441402,79.0739109,https://www.google.com/maps/place/?q=place_id:ChIJFVqYGFkjrTsR7sHllDcgDHQ,14,14,0,0,VIOLATION
Tasmac,"JG63+CW3, Vallam Rd, Sengadu, Irungal",12.6110129,79.5048048,https://www.google.com/maps/place/?q=place_id:ChIJ1dGEcjDWUjoR36Uu4CliM2Q,5,5,0,0,VIOLATION
WINE SHOP PARASUR,"MF3H+RWX, Eraiyur",12.6546,79.4798579,https://www.google.com/maps/place/?q=place_id:ChIJJ1d0kjvXUjoRFOMlegL8pd0,9,9,0,0,VIOLATION
"Wine shop,Krishnapuram","HF5W+6WC, Tiruvannamalai",12.5581086,79.4972688,https://www.google.com/maps/place/?q=place_id:ChIJuZCpX6EpUzoRNFNvCPNNKgw,32,32,0,0,VIOLATION
Wine Shop,"HCCM+7PG, Peranamallur",12.5706943,79.4343401,https://www.google.com/maps/place/?q=place_id:ChIJJ5XaX-grUzoRXzJbleQLCRs,74,71,3,0,VIOLATION
Wine Shop,India,12.7741907,78.87799430000001,https://www.google.com/maps/place/?q=place_id:ChIJ48NuMmcQrTsRqXC-ToQmq5c,59,59,0,0,VIOLATION
TASMAC (Anbu Bar),"J6FX+238, Krishnagiri Main Rd, T.N.H.B.Phase-1, Tirupathur, Maharajkadai R.F.",12.6225483,78.2477134,https://www.google.com/maps/place/?q=place_id:ChIJtQqBzTLKrTsRuR7uDPSXXAE,26,26,0,0,VIOLATION
TASMAC (Wine Shop),"P27J+H87, Gorral Doddi Rd, Chembarasanapalli",12.7138441,78.0307921,https://www.google.com/maps/place/?q=place_id:ChIJGzKm1J_RrTsRTIh7ViRRPnQ,14,14,0,0,VIOLATION
Tasmac Wine Shop,"P586+3HV, Nachikuppam",12.7152467,78.1613872,https://www.google.com/maps/place/?q=place_id:ChIJdcV1aHnPrTsR_6hzmOS2nEA,43,43,0,0,VIOLATION
Tasmac,"P4HP+RWG, MDR1001, Ettipallitalav",12.7295571,78.1373231,https://www.google.com/maps/place/?q=place_id:ChIJzZh54hbFrTsRVFVgDqQUReg,5,5,0,0,VIOLATION
Wine Shop,"P52X+MC5, Veppanapalli",12.7016349,78.1986203,https://www.google.com/maps/place/?q=place_id:ChIJ4widp4_PrTsRjM-f4Qz0e2o,60,60,0,0,VIOLATION
Tasmac melur x road,"JC5W+6J8, Natrampalli -Tirupattur Kuppam Rd, Barathakovil",12.6080302,78.4465692,https://www.google.com/maps/place/?q=place_id:ChIJnycXZnizrTsRqs-Ff1fSmnU,6,6,0,0,VIOLATION
Jothi Sagar Bar and Restaurant,"P8XX+HQV, Bairaganipalle (Rural)",12.7486827,78.3492686,https://www.google.com/maps/place/?q=place_id:ChIJH2dIFAC5rTsRZjOa18qqzE8,72,68,3,1,VIOLATION
WINE SHOP,PMM9+92J,12.7334571,79.66749999999999,https://www.google.com/maps/place/?q=place_id:ChIJx2RZkL7dUjoRDKVnRSuf8N0,4,4,0,0,VIOLATION
Government wine shop,"MMX6+68, Mahajanambakkam",12.6980427,79.66084769999999,https://www.google.com/maps/place/?q=place_id:ChIJxYwNVgvdUjoRITYH0QS8nI0,22,22,0,0,VIOLATION
TASMAC,"Q8JC+J2J, Paradharami Road, Marudamangalam",12.7816423,79.320038,https://www.google.com/maps/place/?q=place_id:ChIJt1TzqrMzrTsRC4F5uB7ivk0,3,3,0,0,VIOLATION
Tasmac,"M7QQ+MV9, Outer Ring Rd, Arani",12.6891526,79.2897426,https://www.google.com/maps/place/?q=place_id:ChIJHYHJ_40vrTsR-3LnsQt8Nxo,62,61,1,0,VIOLATION
Tasmac,"H8H2+C6F, Krishnagiri - Palamaner Rd, Rayappanur",12.5785551,78.3005409,https://www.google.com/maps/place/?q=place_id:ChIJY0q7YPO1rTsRwVXFwrrIBZU,65,64,1,0,VIOLATION
TASMAC,"H7PW+366, Narasimha Swamy Temple Rd",12.5851519,78.2955152,https://www.google.com/maps/place/?q=place_id:ChIJB4vYqay1rTsRAK2wAi9k6bU,9,9,0,0,VIOLATION
Tasmac,"HGQ2+935, Natrampalli -Tirupattur Kuppam Rd, Natrampalli",12.5883862,78.50022600000001,https://www.google.com/maps/place/?q=place_id:ChIJSyrj-RatrTsRqVJiBe0Fbds,32,32,0,0,VIOLATION
Government Wine Shop,"CJ5X+FF3, Mottur",12.4086344,78.6486731,https://www.google.com/maps/place/?q=place_id:ChIJNxmvmi9XrDsRtZUE2RuG550,10,10,0,0,VIOLATION
Tasmac wine shop,"JW62+JXW, Kodithandalam",12.6116105,79.9024685,https://www.google.com/maps/place/?q=place_id:ChIJozTHXQAdUzoROlJbXdL93cQ,11,11,0,0,VIOLATION
Tasmac,"MVGP+842, Seethapuram",12.6757827,79.8851885,https://www.google.com/maps/place/?q=place_id:ChIJk63B7Q3jUjoR8uOFyh2o4Fw,8,8,0,0,VIOLATION
Tasmac,"JWXQ+PP2, Chennai - Villupuram - Trichy - Kanyakumari Rd, Mamandur",12.6492508,79.9392795,https://www.google.com/maps/place/?q=place_id:ChIJufXGtA39UjoRLOs36PYnJTU,68,67,1,0,VIOLATION
Tasmac,"QX52+CVM, Appur R.F.",12.758575,79.952244,https://www.google.com/maps/place/?q=place_id:ChIJFecUFNv7UjoRDezfOwngBcQ,8,8,0,0,VIOLATION
Tasmac 4,"Q2PR+9CJ, Gudalore R.F., Maraimalai Nagar",12.7859743,80.041004,https://www.google.com/maps/place/?q=place_id:ChIJo8rBeun5UjoREKmvxTcm8yE,72,70,0,2,VIOLATION
Tasmac,"MXPM+M79, GST Rd, Anna Nagar, Chengalpattu",12.6866543,79.9832375,https://www.google.com/maps/place/?q=place_id:ChIJd7JX6Cb9UjoRc88m4c0FTQk,89,80,7,2,VIOLATION
Tasmac Wine Shop,"J32G+FRR, Nelvoy, Tirukazhukundram",12.6012452,80.07701159999999,https://www.google.com/maps/place/?q=place_id:ChIJGxNwmBUAUzoRtIykA7bgnpg,32,32,0,0,VIOLATION
Tasmac,"H44M+8W2, Kanchipuram",12.5557508,80.13481949999999,https://www.google.com/maps/place/?q=place_id:ChIJY7JLB0mqUzoRioz2wY0AWGo,19,19,0,0,VIOLATION
Tasmac Wine Shop,"H3RG+VCJ, Echur",12.5921584,80.07598,https://www.google.com/maps/place/?q=place_id:ChIJRSJjyJYBUzoROLKvPsfLZ0g,37,37,0,0,VIOLATION
Tasmac,"82 Kovalam Road, East Coast Rd, Mahabalipuram",12.6316363,80.19563409999999,https://www.google.com/maps/place/?q=place_id:ChIJJQD1OwBTUjoRqKoQNB-UP24,60,59,0,1,VIOLATION
TASMAC,"PQ3M+V25, Hosur - Thally Rd, Karnoor",12.7046182,77.7825932,https://www.google.com/maps/place/?q=place_id:ChIJPWElgr17rjsRoT4SUFOiFKo,60,60,0,0,VIOLATION
TASMAC,"QRM2+XX6, Sikiraman circle, Begepalli, Hosur",12.7849142,77.80238589999999,https://www.google.com/maps/place/?q=place_id:ChIJQXgiAHBxrjsRGcn4iX8AGMA,63,62,1,0,VIOLATION
Tasmac,"PR5R+CFX, Old Rayakottah Hudco, Hosur",12.7085597,77.8412085,https://www.google.com/maps/place/?q=place_id:ChIJuwVR-vF3rjsR2AeJFCA9F-s,61,60,1,0,VIOLATION
Wine shop (TASMAC),"PRQ8+35P, New ASTC Hudco, SBM Colony, Anthivadi, Appavu Nagar, Hosur",12.7377417,77.8154696,https://www.google.com/maps/place/?q=place_id:ChIJSe4UYBlxrjsRsHxY944-eEM,68,64,4,0,VIOLATION
Basthi TASMAC wines,"PRWQ+HP3, Avalapalli Hudco",12.7463797,77.8392957,https://www.google.com/maps/place/?q=place_id:ChIJ25vEiCx3rjsRw9XVnpve6-0,80,67,13,0,VIOLATION
Wine Shop With Bar,"near bus stand, opp.to Sapthagiri palace Restaurant, Hamumanthapuram, Hosur",12.7349488,77.82633349999999,https://www.google.com/maps/place/?q=place_id:ChIJm_36s8hwrjsRp2esMS5Ycyo,136,113,13,10,VIOLATION
MSIL Wine Shop,"PM7X+9RR, Vinayaka Nagar, Anekal",12.7134965,77.69950349999999,https://www.google.com/maps/place/?q=place_id:ChIJzYq3WJ1vrjsRTNx8ph_WnAQ,113,88,16,9,VIOLATION
CCM BAR AND RESTAURANT,"PQXR+5VC, NRI Center City, Nallur",12.7479314,77.7921511,https://www.google.com/maps/place/?q=place_id:ChIJreiYXkxxrjsR44OgOFIY6HY,62,61,1,0,VIOLATION
AVS BAR & RESTAURANT,"Sipcot Ph. I, Hosur",12.7589883,77.7924333,https://www.google.com/maps/place/?q=place_id:ChIJ_Zy_9HxxrjsRdTsJ_vTRl-M,62,60,2,0,VIOLATION
Sri Lakshmi Venkateshwara Bar And Restaurant,"Near, Indalvaadi Cross, Suragajakkanahalli",12.7300278,77.66846579999999,https://www.google.com/maps/place/?q=place_id:ChIJlVq-egNvrjsRcqfXK330-20,58,58,0,0,VIOLATION
Aishwairya Bar and Restaurant,"PM5W+QVC, Vinayaka Nagar, Anekal",12.7094463,77.6971264,https://www.google.com/maps/place/?q=place_id:ChIJR9pQ-HhvrjsRD5GG_A_6f64,122,101,14,7,VIOLATION
Y.M. Bar and Restaurant,PPX4+XXH,12.749925,77.7074938,https://www.google.com/maps/place/?q=place_id:ChIJORnarlNurjsRhn_XeKkrxnw,60,59,1,0,VIOLATION
ISIRI COMFORTS BAR & RESTAURANT,"697/1, near toll plaza, Attibele",12.7749095,77.7795108,https://www.google.com/maps/place/?q=place_id:ChIJgak-0VxxrjsRpHkr_Xs1aBQ,68,62,2,4,VIOLATION
ABC GRAND Bar and Restaurant,"91/1, Chandapura- Anekal Rd, near by VBHC apartments, Byagadadenahalli, Anekal",12.7584735,77.7039964,https://www.google.com/maps/place/?q=place_id:ChIJLxTssvhvrjsRlt2b8nexn0k,71,62,7,2,VIOLATION
Sri Gowda's Bar And Restaurant,"QQ32+GHH, Attibele - Anekal Rd, Mayasandra",12.7538343,77.7513896,https://www.google.com/maps/place/?q=place_id:ChIJYS33-tNxrjsRZG68O3wSBlc,55,55,0,0,VIOLATION
Spandana Bar And Restaurant,"PQWJ+3HH, Attibele-Rayakottai Rd, NRI Center City, Hosur, Nallur",12.745177,77.781497,https://www.google.com/maps/place/?q=place_id:ChIJSTzYJFJwrjsR95taGaJja8M,61,59,0,2,VIOLATION
Srinidhi Bar And Restaurant,"Theater Road, Attibele",12.7785729,77.7733457,https://www.google.com/maps/place/?q=place_id:ChIJlx8J-5NxrjsRpg7pV5V-D_M,125,95,15,15,VIOLATION
"BNR INN BAR & RESTAURANT, LODGING AND BOARDING",Dyavasandra,12.7551875,77.6468125,https://www.google.com/maps/place/?q=place_id:ChIJ5xRdNadprjsRGCwykQ8LQN4,66,63,2,1,VIOLATION
Maruthi Bar & Restaurant,India,12.7105155,77.6970991,https://www.google.com/maps/place/?q=place_id:ChIJ56NGQ3hvrjsRTdCtYYRcJwQ,123,101,15,7,VIOLATION
Tasmac,"RP3Q+WW, Somalapuram",12.8048402,78.73978,https://www.google.com/maps/place/?q=place_id:ChIJ2YSxmfsJrTsRXP8kiNcZXqc,44,44,0,0,VIOLATION
Tasmac Wine shop,"QVRH+75Q, Madhanur - Odugathur Rd, Veppankuppam, Guruvarajapalayam",12.7907919,78.8780165,https://www.google.com/maps/place/?q=place_id:ChIJPY-8ZLERrTsR0Le2jr0IV1k,56,56,0,0,VIOLATION
TN Wine Shop,"VR8X+84P, Madhanur",12.8658475,78.84783639999999,https://www.google.com/maps/place/?q=place_id:ChIJn3utulQTrTsRXaA7mkY449I,62,62,0,0,VIOLATION
wine shop bar,"V8C5+RFR, Kolar Gold Fields",12.8721216,78.3086258,https://www.google.com/maps/place/?q=place_id:ChIJ5-W1iPm_rTsRgV3syBVSuT8,24,24,0,0,VIOLATION
Tasmac,"PV8W+F3C, Bukkasandiram Road, Perandapalli, Moranapalli",12.7161909,77.8951306,https://www.google.com/maps/place/?q=place_id:ChIJv_NoJI93rjsRAAYRBO5TmiM,36,36,0,0,VIOLATION
Settipalli tasmac,PXJM+FWF,12.7311783,77.9848222,https://www.google.com/maps/place/?q=place_id:ChIJLQgt6yfZrTsRVCnv9oO0N2s,16,16,0,0,VIOLATION
TASMAC Shop Kamandoddi,"MWWV+6GR, Addakurukki",12.6955881,77.9437932,https://www.google.com/maps/place/?q=place_id:ChIJJ4w8uf_XrTsRJ2yZWZIVmfE,6,6,0,0,VIOLATION
Tasmac bar,"PWFF+H5, Sundatti",12.7239405,77.9229343,https://www.google.com/maps/place/?q=place_id:ChIJ4fMfOEx3rjsRFjzJGluQcEw,12,12,0,0,VIOLATION
M s bar and restaurant,"VX9X+H7M, Masti",12.8689694,77.9981656,https://www.google.com/maps/place/?q=place_id:ChIJ56vacgDfrTsRLPcDyRIfUiE,81,79,2,0,VIOLATION
Tasmac,"PRFW+M3M, SLV Layout, Sanasandiram, Hosur",12.7242036,77.8451681,https://www.google.com/maps/place/?q=place_id:ChIJb1iafbR3rjsR8xgsxoqklls,68,63,5,0,VIOLATION
Tasmac Wine Shop,"PVH4+242, Moranapalli, Hosur",12.7276121,77.8552564,https://www.google.com/maps/place/?q=place_id:ChIJMzLPIkF3rjsRMDenEC5qpio,61,61,0,0,VIOLATION
Tasmac,"R4V5+FXH, Amirthi Rd, Pennathur",12.8436803,79.1099582,https://www.google.com/maps/place/?q=place_id:ChIJmWAkCfg7rTsRiU0lq8BeJnA,63,62,1,0,VIOLATION
TASMAC,"R46M+65P, Kaniyambadi, Vellore",12.8105464,79.1329637,https://www.google.com/maps/place/?q=place_id:ChIJw0rwAhg7rTsR-oELtDdhmZI,75,71,4,0,VIOLATION
Tasmac,"V2CX+P62, SH 207, Thellur",12.8717632,79.048003,https://www.google.com/maps/place/?q=place_id:ChIJ0yo-SU0_rTsRXA6DyN07lsU,16,16,0,0,VIOLATION
Sri Sai Bar & Restaurant,"WC7V+WGJ, Rajpet, Kolar, Krishnarajapura",12.9148366,78.4437804,https://www.google.com/maps/place/?q=place_id:ChIJa4VwP7S9rTsR0lZXcMGZi8Q,59,59,0,0,VIOLATION
Ganesh Bar and Restaurant,"XFQF+G6P, Panthanahalli",12.9888404,78.4730632,https://www.google.com/maps/place/?q=place_id:ChIJ6zejKACXrTsRHxyoEZJygeo,58,58,0,0,VIOLATION
Kalinga Bar and Restaurant,"XC85+HHG, Bangarapet",12.9664493,78.4089437,https://www.google.com/maps/place/?q=place_id:ChIJbx9eGwCXrTsRqyjysmsoQPM,4,4,0,0,VIOLATION
TASMAC,"RCW8+PWX, Chakkaramallur - Kanchipuram Road, Kalangal Colony Rd",12.8468721,79.4173702,https://www.google.com/maps/place/?q=place_id:ChIJsyMsSkXNUjoR9phwfffJBYk,4,4,0,0,VIOLATION
TASMAC,"WC34+FFJ, Unnamed Road, Bagaveli",12.9037476,79.406132,https://www.google.com/maps/place/?q=place_id:ChIJ-3Zj9efLUjoRzVPBxBABY6I,15,15,0,0,VIOLATION
TASMAC,"NO:536, M.B.T ROAD, KATTERI VILLAGE, BAGAVELI PANCHAYAT, SUMAITHANGI POST, WALAJAPET THALUK,, NO:536, NH 46, Bagaveli",12.9002606,79.4157585,https://www.google.com/maps/place/?q=place_id:ChIJLSYZcwHLUjoR8TYx3BCw7II,5,5,0,0,VIOLATION
Tasmac,"VFR4+3FX, Vellore",12.8902319,79.4562404,https://www.google.com/maps/place/?q=place_id:ChIJx7YizenLUjoRwQqwa69ezvM,13,13,0,0,VIOLATION
Tasmac,"RGP7+28, Munjurpattu",12.8351109,79.5132597,https://www.google.com/maps/place/?q=place_id:ChIJJa3bEQDPUjoRsqvxwhX51tU,27,27,0,0,VIOLATION
TASMAC WINSHOP,"VF28+9P9, Unnamed Road",12.8509154,79.4668516,https://www.google.com/maps/place/?q=place_id:ChIJh1PhXoLNUjoR96RqcD6_B7Y,13,13,0,0,VIOLATION
"Tasmac, Thiruporur","P5MJ+5FQ, Kanchipuram",12.7329535,80.1812317,https://www.google.com/maps/place/?q=place_id:ChIJKenJvLZWUjoRoHF84dDFl4U,26,26,0,0,VIOLATION
TASMAC,"43/2, Chengalpattu Main Road, Viralpakkam,Vengur X road, Chengalpattu - Thiruporur Rd",12.7114653,80.10278559999999,https://www.google.com/maps/place/?q=place_id:ChIJh4tD-6xVUjoRmkppqsHHvHU,35,35,0,0,VIOLATION
Tasmac டாஸ்மாக்,"QXCJ+P87, Thalimangalam",12.7717878,79.98079200000001,https://www.google.com/maps/place/?q=place_id:ChIJqVBYWt_7UjoRetlfRkAKYdw,37,37,0,0,VIOLATION
Tasmac,"Q6H8+JW9, Rajiv Gandhi Salai, Ramalingapuram, Kazhipattur",12.7790284,80.21735579999999,https://www.google.com/maps/place/?q=place_id:ChIJX9m422NRUjoRpCYFuMXrynY,66,63,3,0,VIOLATION
Tasmac kottamedu,"P476+377, MDR598, Karumbakkam",12.7126681,80.1106645,https://www.google.com/maps/place/?q=place_id:ChIJt7IOUOlXUjoRBIXLFqlfSEg,39,39,0,0,VIOLATION
Maruthi Wine Shop,"Bommasandra Industrial Area, Bommasandra",12.8121591,77.6873233,https://www.google.com/maps/place/?q=place_id:ChIJOQKjGThsrjsRatboBmH6JlE,58,58,0,0,VIOLATION
Sri Sai Samrat Wine Shop,"RM4X+578, Hennagara Main Rd, Bommasandra Industrial Area, Bommasandra",12.8054119,77.69819369999999,https://www.google.com/maps/place/?q=place_id:ChIJtePJdyVsrjsRlbp4jhfoyWY,91,71,2,18,VIOLATION
RK Bar And Restaurant,"Bommasandra Industrial Area, Yarandahalli",12.814983,77.67147469999999,https://www.google.com/maps/place/?q=place_id:ChIJW_2EemtsrjsRYBCxUAI9Npo,70,60,4,6,VIOLATION
Rajlakshmi Bar and Restaurant,"16, Service Rd, Konappana Agrahara, Electronic City, Konappana Agrahara",12.8517195,77.66819869999999,https://www.google.com/maps/place/?q=place_id:ChIJpeE7PwBtrjsRFVxM4h3u3Gk,109,85,20,4,VIOLATION
SLV BOARDING AND LODGING BAR & Restaurant,"near Railway Bridge, 678/1 M.R Layout, Hosur Main Road, near Railway Bridge, T, Chandapura, Anekal",12.8024034,77.7084661,https://www.google.com/maps/place/?q=place_id:ChIJyQxWf8BtrjsRp6WL5FdT0ts,105,79,15,11,VIOLATION
Gandharva Bar & Restaurant,India,12.7795603,77.6435746,https://www.google.com/maps/place/?q=place_id:ChIJwxEhaFBprjsRNRhzrW_o84U,87,75,5,7,VIOLATION
S R S COMFORTS BAR & Restaurant and Lodging,"Bannergatta Jigani Road, Begihalli",12.7985574,77.6013091,https://www.google.com/maps/place/?q=place_id:ChIJexLI5DFqrjsR1C-yEe08qgQ,66,61,0,5,VIOLATION
MSIL Liquor Shop,"RQ5Q+9X7, Unnamed Road, Bidaraguppe, Mallenahalli, Bidarguppe",12.8083999,77.7899116,https://www.google.com/maps/place/?q=place_id:ChIJCwk-vzJyrjsRXZAtqihGS9o,39,39,0,0,VIOLATION
Kagganur Bar And Restaurant,"VR2G+792, Sokkarasanapalli",12.8506344,77.8259242,https://www.google.com/maps/place/?q=place_id:ChIJU6dve3pzrjsRIwb4dUptRg4,55,55,0,0,VIOLATION
"NEW DROPS BAR AND RESTAURANT, MRP OUTLET","Sy No 118/1, Sarjapur Hobli, V. Kallahalli, Anekal, Volagerekallahalli",12.8819151,77.7813492,https://www.google.com/maps/place/?q=place_id:ChIJG9p2Mg1zrjsRiz3K5VQdhXw,63,61,2,0,VIOLATION
Aishwarya Bar & Restaurant,"RQ5M+7G4, Sarjapura - Attibele Rd, Bidaraguppe, S.Medihalli, Bidarguppe",12.8081422,77.78380589999999,https://www.google.com/maps/place/?q=place_id:ChIJLdrveoBzrjsRQzxU7DoAD_A,83,71,6,6,VIOLATION
SVB GARDEN ( bar and restaurant ),"RQPG+R42, Bikkanahalli, Bikkanhalli",12.837006,77.7752695,https://www.google.com/maps/place/?q=place_id:ChIJAfP0uNBzrjsR8Yz8fgIcfME,40,40,0,0,VIOLATION
Shubha Bar & Restaurant,"QRX4+2P2, Nallur, Bidarguppe",12.7976282,77.8070714,https://www.google.com/maps/place/?q=place_id:ChIJ-Yp5_nFzrjsRaVOg8bI_srg,22,22,0,0,VIOLATION
Hah bar and restaurant,"State Highway 35, Kada Agrahara",12.862728,77.770679,https://www.google.com/maps/place/?q=place_id:ChIJfcphZgBzrjsRhvCZvZHcaJU,81,63,15,3,VIOLATION
Adhi parameshwaree wine shop,"X5VG+Q3C, Gandhi Nagar, Bangarapet",12.9944354,78.17513799999999,https://www.google.com/maps/place/?q=place_id:ChIJN7mV26_vrTsRhwnke-YDIA8,106,90,16,0,VIOLATION
Ambika Bar & Restaurant,"NEAR, David Rd, Vivekanand Nagar, Bangarapet",12.9864179,78.1796536,https://www.google.com/maps/place/?q=place_id:ChIJX3w80EnprTsRj2CCY4FKcjM,84,78,5,1,VIOLATION
GCV BAR AND RESTAURANT,"W3PC+M3C, Masti - Tekal Rd, Tekal, Badakanahalli",12.9366879,78.07012639999999,https://www.google.com/maps/place/?q=place_id:ChIJBQCUWADnrTsRHHZco-kcZaU,2,2,0,0,VIOLATION
SHILPA BAR & RESTAURANT,"M Vishweshwarya Nagar, Doddurkarpanahalli Plantation OG",12.9911563,78.2404317,https://www.google.com/maps/place/?q=place_id:ChIJ6yy_IoTrrTsRE0Dolmu3BWQ,65,64,1,0,VIOLATION
Sri Thirumala Boarding Lodging Bar & Restaurant,"Chikka kunthur, road, Tekal, Malur",13.0006686,78.00851039999999,https://www.google.com/maps/place/?q=place_id:ChIJbd3TPADjrTsRweQqCPeF-hM,13,13,0,0,VIOLATION
NAGARAJU Bar and Restaurant,"X652+P4, Keelukopp, Kesaranhalli",12.9593125,78.2003125,https://www.google.com/maps/place/?q=place_id:ChIJZeJ5egDprTsRGbjVWIb0zz4,4,4,0,0,VIOLATION
D2 Bar and restaurant,"F 08, Puliyendaran layout, Dasarahosahalli, Bangarpet",12.9919022,78.2240918,https://www.google.com/maps/place/?q=place_id:ChIJ1d8riOvrrTsRDT_ZGYImgm4,61,60,1,0,VIOLATION
Mahesh Bar & Restaurant,"5, Dr BR Ambedkar Main Rd, opp. karur Vysya Bank, exactly, opp. to Rithvik Fashions, Hebbagodi",12.826327,77.678386,https://www.google.com/maps/place/?q=place_id:ChIJvWtvEl1srjsRb5bZpfV_Jko,86,80,2,4,VIOLATION
WHOLESALE WINE SHOP,"VPPQ+53G, Layout Road, Swami Vivekanandanagar, Dommasandra, Sulikunte Colony",12.8854264,77.7377161,https://www.google.com/maps/place/?q=place_id:ChIJtVH47qwSrjsRFm8uOv6LGR0,86,74,9,3,VIOLATION
Narmada Bar & Restaurant,"QQJ7+GV4, Attibele",12.7812527,77.7646999,https://www.google.com/maps/place/?q=place_id:ChIJ66RWv-1xrjsRjV1rp_m7bvg,64,61,3,0,VIOLATION
TASMAC wine shop morasapalli,"WQQW+224, Morasapalli",12.937512,78.79508489999999,https://www.google.com/maps/place/?q=place_id:ChIJifXHYxpzrTsRe0jqdH9se9g,10,10,0,0,VIOLATION
Tasmac,"W36F+PW6, Unnamed Road, Abdullah Puram, Vellore",12.9117909,79.0746745,https://www.google.com/maps/place/?q=place_id:ChIJq6qqIw4_rTsR6XPmdVjlL9Q,62,62,0,0,VIOLATION
Tasmac 11225,"W252+9MV, Okkanapuram",12.9084754,79.0016745,https://www.google.com/maps/place/?q=place_id:ChIJdbxu0G0VrTsRh0UnUnUfmrM,24,24,0,0,VIOLATION
Tasmac wine shop,"WVPQ+P7M, Unnamed Road, Vaidheeswaran Nagar, Gudiyatham",12.9368531,78.8881718,https://www.google.com/maps/place/?q=place_id:ChIJfw2aASptrTsR35IbRAHk3c0,59,59,0,0,VIOLATION
Wine shop,"X29Q+6F3, Latteri",12.9680224,79.03868410000001,https://www.google.com/maps/place/?q=place_id:ChIJrZ6HheNBrTsRv8OW-YxC_t0,24,24,0,0,VIOLATION
Kandaneri wine shop,"WX4F+MG9, Golden Temple Rd, Kalanipakkam",12.9067255,78.97386949999999,https://www.google.com/maps/place/?q=place_id:ChIJA2_m2IwVrTsRdXTfNatcBlg,51,51,0,0,VIOLATION
Wine shop,"WXVW+HG3, Unnamed Road, Pillanthipattu",12.9439243,78.99637129999999,https://www.google.com/maps/place/?q=place_id:ChIJFXM0zMNrrTsRUNtpMnTofEY,7,7,0,0,VIOLATION
Reddy Bar & Restaurant,"4GG8+PJJ, G marandahalli post, Mulbagal Taluk, K.Byappalli",13.126866,78.5165141,https://www.google.com/maps/place/?q=place_id:ChIJIy_e5x6FrTsRczDtvLxh9Wk,30,30,0,0,VIOLATION
SBR Bar and Restaurant,"Thimmaravuthanahalli, Mulbagal",13.0682848,78.4967643,https://www.google.com/maps/place/?q=place_id:ChIJW7VURRubrTsR0e4Z836TiwY,39,39,0,0,VIOLATION
SLV Resort Bar and Restaurant,"3G97+V8W, Chukkanahalli",13.0697377,78.5133293,https://www.google.com/maps/place/?q=place_id:ChIJWVgYegCbrTsRCfuEgwNrUGg,4,4,0,0,VIOLATION
Tasmac,"VM8W+MF3, Unnamed Road, Enathur",12.8666467,79.6961989,https://www.google.com/maps/place/?q=place_id:ChIJ4ctpU0nDUjoRhY_vMfCxdtU,59,59,0,0,VIOLATION
Tasmac wine Shop,"No 55 sri ganga nager Sevilimedu, palaru bridge, Kanchipuram",12.8039002,79.6802835,https://www.google.com/maps/place/?q=place_id:ChIJLSGERrjDUjoRNYaPGPzW9nM,61,61,0,0,VIOLATION
TASMAC,"sitco estate, Gem Nagar, Sevlimedu, Kanchipuram",12.8121474,79.69991820000001,https://www.google.com/maps/place/?q=place_id:ChIJ4xDfpv7DUjoRQ5QpE7MYGs4,59,58,1,0,VIOLATION
TASMAC Wine Shop,"VJHG+8QF, Baluchetty Chatram, Sirunaiperugal",12.878351,79.6269415,https://www.google.com/maps/place/?q=place_id:ChIJ6V24jnnHUjoRg5sbQ9u4-CM,22,22,0,0,VIOLATION
Tasmac Wine Shop,"RR6J+R7C, Uthukadu",12.8120544,79.8306506,https://www.google.com/maps/place/?q=place_id:ChIJay0jJ0vvUjoReMUVZz4Wl1I,56,56,0,0,VIOLATION
TASMAC WINE SHOP,"RWXV+MQM, Perumalpattu - Kottamedu Rd, Oragadam Industrial Corridor, Vaipoor",12.8493323,79.9444297,https://www.google.com/maps/place/?q=place_id:ChIJ6_-j6qXxUjoRHUH1eEtwTXU,70,62,0,8,VIOLATION
Wine shop,"VX33+RHF, Oragadam Industrial Corridor, Oragadam",12.8545564,79.95391959999999,https://www.google.com/maps/place/?q=place_id:ChIJO1XezfLxUjoR5y3iXwsUN2c,6,6,0,0,VIOLATION
Government Wine Shop,"QRW5+5R3, Walajabad",12.7953801,79.80955999999999,https://www.google.com/maps/place/?q=place_id:ChIJGwnawdrpUjoRTau0JbwCS2Q,37,37,0,0,VIOLATION
Namadhu Kadai,"Vandavasi Rd, Collectorate Bus stop Back side, Thaiyar Kullam, Kanchipuram",12.821659,79.6985038,https://www.google.com/maps/place/?q=place_id:ChIJWfph4CDDUjoRfz19f9f0ufM,81,71,10,0,VIOLATION
TASMAC,"V2F6+X39, Ragavendra Nagar, Padappai",12.8749213,80.0102177,https://www.google.com/maps/place/?q=place_id:ChIJ048FFrP2UjoRW_ACP-SO5iY,60,59,1,0,VIOLATION
Tasmac Wine Shop,"V3VC+CH8, Bharati Nagar, Perungalathur",12.8935429,80.07141969999999,https://www.google.com/maps/place/?q=place_id:ChIJ5foW7nX2UjoR26o4Fj1gorU,75,68,3,4,VIOLATION
Tasmac Wine Shop,"V3PJ+F9R, Vandalur",12.8862464,80.0808982,https://www.google.com/maps/place/?q=place_id:ChIJq8JkHwz2UjoRka9E7EpGOs0,69,64,4,1,VIOLATION
Tasmac Wine Shop,"No-154, 1, Nellikuppam Rd, Gandhi Nagar, Kamarajapuram, Kumaran Nagar, Nandhivaram, Guduvancheri",12.8437047,80.0597975,https://www.google.com/maps/place/?q=place_id:ChIJxwqRYqz3UjoRP15JJ3fomhM,120,88,17,15,VIOLATION
TASMAC,"366, Madurai Meenakshipuram Main Rd, Urapakkam, Chennai",12.8701066,80.08793519999999,https://www.google.com/maps/place/?q=place_id:ChIJuWrsm373UjoR6F1x4K84KHE,66,62,4,0,VIOLATION
Tasmac 2,"Q2RH+J82, Maraimalai Nagar",12.7915046,80.02828,https://www.google.com/maps/place/?q=place_id:ChIJT_s1C575UjoRfn6SYdmM0Bw,87,75,6,6,VIOLATION
Unofficial Tasmac open bar,"79, Rajagopal Rd, Vallancheri",12.8333962,80.0506779,https://www.google.com/maps/place/?q=place_id:ChIJOVyJFgD3UjoRL_jfAazDYcI,69,63,2,4,VIOLATION
Tasmac 3,"10/27, singaravelan street, Maraimalai Nagar",12.7908983,80.0292225,https://www.google.com/maps/place/?q=place_id:ChIJ50uEewD5UjoRKXzT-wgeUWM,88,75,7,6,VIOLATION
wine Shop,"V3MH+5VW, Otteri, Otteri Extension, Vandalur",12.8829753,80.07970999999999,https://www.google.com/maps/place/?q=place_id:ChIJQ96sUwX3UjoRXDgAcUa-r5M,80,69,2,9,VIOLATION
Govt. TASMAC Wine Shop,"R2MR+5QP, Potheri, Thailavaram",12.8329527,80.041938,https://www.google.com/maps/place/?q=place_id:ChIJRZvxvDX3UjoRYhrVYq0U9sg,62,60,2,0,VIOLATION
Sapthagiri bar and restaurant,"Road, Harohalli",13.0166205,77.9370859,https://www.google.com/maps/place/?q=place_id:ChIJm3Lyo_njrTsRWeU6oFJEld0,59,59,0,0,VIOLATION
Chowdeshwari bar and restaurant,Malur,12.990375,77.9333163,https://www.google.com/maps/place/?q=place_id:ChIJeSgaKVPjrTsRVpV9bjY2R2g,63,63,0,0,VIOLATION
VINAYAKA BAR & RESTAURANT,"2W4P+4G4, Karanje St, Karanje Extension, Malur",13.0052692,77.9363221,https://www.google.com/maps/place/?q=place_id:ChIJRdqO0AzirTsRAej0zrxfVRY,116,106,8,2,VIOLATION
MALGUDI BAR AND RESTAURANT,"Chokkandahalli and, Junction, Hoskote Malur Rd, Madivala, Malur",13.0178398,77.9246611,https://www.google.com/maps/place/?q=place_id:ChIJ0wAmgUwJrjsRADMsXyakI2A,57,57,0,0,VIOLATION
Patel bar and restaurant,"to, Hosur - Malur Road NH 207, Malur",12.9721121,77.9226412,https://www.google.com/maps/place/?q=place_id:ChIJK3Bw_K4LrjsRTKm7tHwl7k4,15,15,0,0,VIOLATION
BALAJI BAR & RESTAURANT,India,13.0065637,77.9395725,https://www.google.com/maps/place/?q=place_id:ChIJI1f5qXLirTsRFlUQx6zNdXA,93,84,7,2,VIOLATION
Arun Bar And Restaurants,"VVR8+Q7V, Chikka Tirupathi",12.8919774,77.865668,https://www.google.com/maps/place/?q=place_id:ChIJIzN1fDMLrjsRdWeWWbYOHL8,64,59,2,3,VIOLATION
V. R. BAR & RESTAURANT,"XWH4+3J7, Byalahalli",12.9776734,77.9065344,https://www.google.com/maps/place/?q=place_id:ChIJiSAr5ToLrjsRaU5W4s7k8ds,20,20,0,0,VIOLATION
S.L.V BAR & RESTAURANT,"WWG4+9M8, Kodihallai, Koppathimmanahalli",12.9260163,77.907067,https://www.google.com/maps/place/?q=place_id:ChIJFY_MAecLrjsRe2HgD9BooNk,61,60,1,0,VIOLATION
MALURU BAR & RESTAURANT,"2W4Q+H5J, Mosque Road, Karanje Extension, Malur",13.0064653,77.93790170000001,https://www.google.com/maps/place/?q=place_id:ChIJU5dgyXLirTsRmH1_EIMgIk4,108,98,8,2,VIOLATION
SKYEE BAR & RESTAURANT LODGING,"XVQM+CC7, Malur Whitefield Rd, Madanahalli",12.9885335,77.8835598,https://www.google.com/maps/place/?q=place_id:ChIJwZ3WaIIJrjsRJqlWStfJUNQ,22,22,0,0,VIOLATION
VINAYAKA BAR & RESTAURANT,India,12.9863901,77.93025779999999,https://www.google.com/maps/place/?q=place_id:ChIJ8_mg8ADirTsRiggVhsIAkzA,59,59,0,0,VIOLATION
Old mj bar and restaurant,"2W2M+Q6P, Railway Feeder Road, Patalama Extension, Malur",13.0019738,77.9330725,https://www.google.com/maps/place/?q=place_id:ChIJv64zbMvjrTsRNtnAuUhHF7M,92,85,7,0,VIOLATION
Tasmac,"Naviyas Sarumathi Apartment, Gangai Amman Koil St, Noothencheri, Vengavasal, Chennai",12.8997792,80.1811436,https://www.google.com/maps/place/?q=place_id:ChIJdQNWfK1fUjoR76aG7Rei4c8,67,61,6,0,VIOLATION
TASMAC,"W44V+833, New Agaram Road, Yeswanth Nagar, Tambaram, Padmavathi Nagar, Selaiyur, Chennai",12.905751,80.14267869999999,https://www.google.com/maps/place/?q=place_id:ChIJj2zBHChfUjoRrk8QYFLqvcw,108,78,22,8,VIOLATION
Tasmac Wine Shop,"V43R+7FW, Rathinamangalam, Kandigai",12.8532489,80.1411907,https://www.google.com/maps/place/?q=place_id:ChIJ0yz1iMRZUjoRFo68H7t9MSE,83,72,7,4,VIOLATION
Tasmac,"A4, Mappedu - Vengambakkam Rd, Puthur, Chennai",12.8841909,80.13546149999999,https://www.google.com/maps/place/?q=place_id:ChIJ8XvLCGBZUjoRKe_3SHUa65o,70,66,4,0,VIOLATION
BALAJI BAR AND RESTAURANT ANANDA T,"226, Bethamangala",13.0106078,78.32591570000001,https://www.google.com/maps/place/?q=place_id:ChIJK-5xMuyTrTsRVUy9OJeCZps,75,69,6,0,VIOLATION
Priya Bar And Restaurant,"Priya Bar B, M Road, Oorgaumpet, Robertson Pet",12.9563545,78.2715747,https://www.google.com/maps/place/?q=place_id:ChIJHcNH2DjrrTsRSxZDbBU44vE,99,92,7,0,VIOLATION
SURYA BAR AND RESTAURANT. DIKSHITH M N,"102, Bethamangala",13.0057352,78.3308539,https://www.google.com/maps/place/?q=place_id:ChIJmWb9KXyTrTsR7DzpLWp04mk,90,85,5,0,VIOLATION
Mahavishnu Bar and Restaurant,"Parandahalli, Swarna Nagar, Kolar Gold Fields, Parandhalli",12.9599707,78.28578689999999,https://www.google.com/maps/place/?q=place_id:ChIJYee0NCnrrTsRJ9BgaXCj2gs,71,68,3,0,VIOLATION
SRI BALAJI BAR & RESTAURANT & RECIDENCY,"X8QM+MXQ, Bethamangala, Potarajahalli",12.9880378,78.3353778,https://www.google.com/maps/place/?q=place_id:ChIJCXChsGKVrTsRZcqpvxMLMdI,4,4,0,0,VIOLATION
A R BAR AND RESTAURANT,"Karidaganahalli, Thookal, Karadiganahalli",12.9329969,78.348665,https://www.google.com/maps/place/?q=place_id:ChIJb3gbAQCVrTsRlW6rR58rMEQ,3,3,0,0,VIOLATION
BTM ADDA bar and restaurant,"V kota mulbagal road circle Doddakari village, Hulkur, Bethamangala",13.0044926,78.35090579999999,https://www.google.com/maps/place/?q=place_id:ChIJxc6B9-KTrTsRMeuqJ-57ulY,10,10,0,0,VIOLATION
Bar and Restaurant,"behind Gangama temple, opposite Vadrahalli, 12""46, Bethamangala",13.0147953,78.37284559999999,https://www.google.com/maps/place/?q=place_id:ChIJadO_Y0uTrTsR9QEn4_KdUTA,12,12,0,0,VIOLATION
TASMAC,"W9X6+WWV, Ammoor",12.9498534,79.36230859999999,https://www.google.com/maps/place/?q=place_id:ChIJgQgioV41rTsRcqZApv59pp0,25,25,0,0,VIOLATION
Tasmac,"X83H+R3Q, Ranipet",12.9545879,79.3276893,https://www.google.com/maps/place/?q=place_id:ChIJ-6atMXhKrTsRTZjUCyYHo5M,37,37,0,0,VIOLATION
Tasmac Wineshop,"262V+GW4, Kugaiyanallore",13.0013058,79.24484149999999,https://www.google.com/maps/place/?q=place_id:ChIJHU5DAf5IrTsRbJo1t6F5nxk,25,25,0,0,VIOLATION
"Tasmac wine shop, Lalapettai","X7RW+RQ4, Ranipet",12.9920114,79.2969348,https://www.google.com/maps/place/?q=place_id:ChIJne5JW0BLrTsR-39AMJ-GMw0,14,14,0,0,VIOLATION
Tasmac,"W8X6+P73, Sipcot, Ranipet",12.9492505,79.3107268,https://www.google.com/maps/place/?q=place_id:ChIJZbMYGUw1rTsRh_hOpmasX1Q,55,55,0,0,VIOLATION
TASMAC SHOP,"X88P+972, Unnamed Road, Ammoor, Ranipet",12.9658806,79.33564,https://www.google.com/maps/place/?q=place_id:ChIJFdYqy4dKrTsR9Xo9vDVO89k,7,7,0,0,VIOLATION
Ranipet wine shop,"W8CH+2W2, Palar Bridge, Ranipet",12.9200126,79.3297673,https://www.google.com/maps/place/?q=place_id:ChIJDYOei1g1rTsRFyP-7ic9Cek,68,67,1,0,VIOLATION
TASMAC,"Tamil Nadu 632513, India",12.9382445,79.3545865,https://www.google.com/maps/place/?q=place_id:ChIJlf89fGk1rTsRw1FaXwIFZCI,39,39,0,0,VIOLATION
Ammoor Wine Shop,"X9H9+234, Edappalayam, Velam",12.9774804,79.36769559999999,https://www.google.com/maps/place/?q=place_id:ChIJq1iezTtLrTsRq-QrJtIbVmc,64,61,3,0,VIOLATION
Pulliyankannu Wine Shop,"W7RW+X2X, Karai",12.9424903,79.2951248,https://www.google.com/maps/place/?q=place_id:ChIJ9znXovw1rTsRIcBivJMhZP0,8,8,0,0,VIOLATION
Govt. Wine Shop,"W9CV+JJQ, Unnamed Road, Walajapet",12.9216461,79.3941509,https://www.google.com/maps/place/?q=place_id:ChIJeSsnoGzLUjoRCPfxS5LZQ3Y,26,26,0,0,VIOLATION
Arakonam Tasmac godown,"X847+MPV, Ranipet",12.9567456,79.31428880000001,https://www.google.com/maps/place/?q=place_id:ChIJyQMnd8ZLrTsR5VKW9XqtGQc,46,46,0,0,VIOLATION
Panniyur Wine shop,"XF3F+GMX, Unnamed Road, Panniyur",12.9538685,79.47424319999999,https://www.google.com/maps/place/?q=place_id:ChIJl3QeKDjJUjoRq-TGR2WXb20,4,4,0,0,VIOLATION
Wine shop,"2F4V+8VV, Police Line St",13.005857,79.4946709,https://www.google.com/maps/place/?q=place_id:ChIJD_AFFyS3UjoRYOxMwVdA7Bo,6,6,0,0,VIOLATION
TVR BAR AND RESTAURANT,"3F8W+76W, Thimmaravathanahalli, Sivanapura",13.0657317,78.49562209999999,https://www.google.com/maps/place/?q=place_id:ChIJByARIXebrTsRcoTzowzhRrY,31,31,0,0,VIOLATION
Tasmac,"W4MX+693, Tamil Nadu Housing Board, Vellore",12.9330248,79.14846159999999,https://www.google.com/maps/place/?q=place_id:ChIJBxYRDjk5rTsRKFCeg0RxBrg,74,73,1,0,VIOLATION
Tasmac Wine Shop Updated,"W4MP+G25, Vevekanandar Nagar, Thottapalayam, Vellore",12.9337652,79.1351025,https://www.google.com/maps/place/?q=place_id:ChIJvcj7TFQ5rTsRhSvNLMxThNY,81,74,2,5,VIOLATION
TASMAC wine shop,"Phase 3 St, Vaibhav Nagar, Katpadi, Vellore",12.9600029,79.1593412,https://www.google.com/maps/place/?q=place_id:ChIJN1pclJxHrTsRRqPoBP53E6A,37,37,0,0,VIOLATION
ELITE Tasmac Vellore,"W4JJ+6W4, New St, Housing Board, Thottapalayam, Vellore, Venkatapuram",12.9305215,79.1323342,https://www.google.com/maps/place/?q=place_id:ChIJbx1BegA5rTsR0jrRELdmoF0,89,80,7,2,VIOLATION
Vellor Tasmac Office,"W4HM+MPC, Thottapalayam, Vellore",12.9291899,79.1342702,https://www.google.com/maps/place/?q=place_id:ChIJq0cud5Y4rTsRzpy30H4dhKM,101,86,12,3,VIOLATION
TASMAC Liquor Shop,"81, Arcot Rd, Sripuram, Thottapalayam, Vellore",12.9288068,79.1433416,https://www.google.com/maps/place/?q=place_id:ChIJG-rhBpI4rTsRRoWwwLaOdOE,101,97,4,0,VIOLATION
Wine Shop Street,"W4FM+23P, Balaji Nagar, Vellore",12.9225938,79.1327185,https://www.google.com/maps/place/?q=place_id:ChIJ2VTepjE5rTsRS5ioiCovjts,144,128,15,1,VIOLATION
Wine shop,"X48H+R8X, Unnamed Road, Katpadi, Vellore",12.9671099,79.1283605,https://www.google.com/maps/place/?q=place_id:ChIJtfPj9r1HrTsRNhIWEIKFuY0,14,14,0,0,VIOLATION
Tasmac shop number:11045,"KRS Nagar, Katpadi, Vellore",12.9774937,79.1368626,https://www.google.com/maps/place/?q=place_id:ChIJvWEOF-xHrTsR4lSaVxK1I2c,107,89,14,4,VIOLATION
Wine Shop Thas Mark,"X49P+FWJ, Vellore Road, Vellore Road, Railway Station, Tarapada Vedu, Vellore",12.96872,79.13727999999999,https://www.google.com/maps/place/?q=place_id:ChIJDQBMrRRHrTsRIzlZRvdZoY4,78,70,5,3,VIOLATION
Tasmac Wine Shop,"No. 11051, Odai Pillaiyar Kovil, Vellore",12.9579561,79.13706499999999,https://www.google.com/maps/place/?q=place_id:ChIJXRhEpWhHrTsRgmfxQe_FPXc,84,72,12,0,VIOLATION
tasmac,"XJQ2+JH7, MDR577, Kilkalathur",12.9890285,79.6014115,https://www.google.com/maps/place/?q=place_id:ChIJ0w5Aw1u5UjoRYbs4IMGKyzo,9,9,0,0,VIOLATION
Tasmac,"XJC5+CQX, Vettangulam",12.9711214,79.609483,https://www.google.com/maps/place/?q=place_id:ChIJ83VWA5u5UjoRwbusHCtMW3g,22,22,0,0,VIOLATION
Silk tasmac,"Muthu Store, Bus Stop, SH 126, Panapakkam",12.925085,79.5671778,https://www.google.com/maps/place/?q=place_id:ChIJU4VISgDHUjoRE7FnwqIhgUY,87,85,2,0,VIOLATION
Peruvalayam wine shop,"WGQ8+WCV, Unnamed Road, Pudupattu",12.9399106,79.5160428,https://www.google.com/maps/place/?q=place_id:ChIJy40Sw3XJUjoReBbQD6q5ojg,7,7,0,0,VIOLATION
Govt wine shop,"2P2V+MG6, Thakkolam",13.0016666,79.7437315,https://www.google.com/maps/place/?q=place_id:ChIJIYq8pmOVUjoRNkRNvSYUHzw,2,2,0,0,VIOLATION
10244 GOVERNMENT WINE SHOP,"MLC Complex, 6-34/1, Road, Gudiyattam, Palamaner",13.1962135,78.7431075,https://www.google.com/maps/place/?q=place_id:ChIJPyE0HQF5rTsRFglZQ_qpRAo,80,69,11,0,VIOLATION
Priya Bar & Restaurant,"6P2H+GH4, Palamaner",13.20138,78.7289631,https://www.google.com/maps/place/?q=place_id:ChIJ47W-y7R-rTsRGkXua1cQ0nY,53,53,0,0,VIOLATION
DEEPIKA BAR & RESTAURANT,"5GVV+FP9, N. Yeluvahalli",13.1936502,78.5443603,https://www.google.com/maps/place/?q=place_id:ChIJ-V7mSQCHrTsRtVX4pMJJpvg,30,30,0,0,VIOLATION
Slv Bar And Restaurant,"20-1,Slv bar and restarent, Pasupattoor, Gangavaram Pasupattoor Check Post",13.2244492,78.577085,https://www.google.com/maps/place/?q=place_id:ChIJj7BzgXuBrTsR497Vbwq1ow0,1,1,0,0,VIOLATION
Bar and restaurant,"5J6C+4F7, Peddachellaragunta",13.1597968,78.62119059999999,https://www.google.com/maps/place/?q=place_id:ChIJpT0hHgCDrTsRlvI_gWQNQg0,12,12,0,0,VIOLATION
Tasmac,"Sriperumbudur Rd, Thirumangalam",12.929551,79.8827125,https://www.google.com/maps/place/?q=place_id:ChIJKxggEnrtUjoR9GDh80ggsP4,63,60,2,1,VIOLATION
Tasmac,"WVQF+X2, FARM&GARDEN, Sogandi",12.9406985,79.8721236,https://www.google.com/maps/place/?q=place_id:ChIJmR0C2ADtUjoRMHSp9xyEhi4,58,58,0,0,VIOLATION
TASMAC,"W5P7+9QC, Airport Colony, Heritage Jayendra Nagar, Sembakkam, Chennai",12.935938,80.1643575,https://www.google.com/maps/place/?q=place_id:ChIJAyqbqPReUjoRpU2oBijWWv4,68,62,4,2,VIOLATION
TASMAC,"W5XW+73X, S. Kolathur, Kovilambakkam, Viduthalai Nagar, Kovilambakkam, Chennai",12.9482307,80.1952144,https://www.google.com/maps/place/?q=place_id:ChIJedvU3UNdUjoRks6a3Dp8bC0,97,72,21,4,VIOLATION
TASMAC,"W483+CMQ, Periyar Nagar, West Tambaram, Irumbuliyur, Chennai",12.9161374,80.10421819999999,https://www.google.com/maps/place/?q=place_id:ChIJb949dERfUjoRhc9cJbVWAJE,96,81,12,3,VIOLATION
Tasmac,"Ambedkar Nagar St, Nagappa Nagar, Chromepet, Chennai",12.960943,80.1368525,https://www.google.com/maps/place/?q=place_id:ChIJw4cRELVfUjoRNxJktFZKFco,110,98,10,2,VIOLATION
TASMAC,"94, Velachery Main Rd, Babu Nagar, Pallikaranai, Chennai",12.919902,80.1961834,https://www.google.com/maps/place/?q=place_id:ChIJceC5ZSRdUjoRd_IXvhDpu6E,105,79,12,14,VIOLATION
TASMAC,"X4JX+G25, Mallika Nagar, Meenambakkam, Chennai",12.9812505,80.1475975,https://www.google.com/maps/place/?q=place_id:ChIJfX1H8CteUjoR9eoZLEzVJmk,82,71,8,3,VIOLATION
Tasmac,"89, Tiruneermalai Main Rd, Argeeswarar Colony, Chromepet, Chennai",12.9607185,80.13454349999999,https://www.google.com/maps/place/?q=place_id:ChIJUeFH7_5fUjoRCRdZVglOs3s,108,88,16,4,VIOLATION
Tasmac,"XXQW+5CW, Sri Kamatchi Nagar",12.9879785,79.9960871,https://www.google.com/maps/place/?q=place_id:ChIJtxkIF06NUjoRwLfC8xp2E1o,29,29,0,0,VIOLATION
Tasmac Wine Shop,"2, Thurairaj St, Teachers Colony, Palavanthangal, Chennai",12.9894342,80.186004,https://www.google.com/maps/place/?q=place_id:ChIJP1pq6qpgUjoRVp3eCR9klx0,123,96,19,8,VIOLATION
Tasmac,"233W+RF6, Earrikarai Rd, Kundrathur, Chennai, Sikkarayapuram",13.0045078,80.0961408,https://www.google.com/maps/place/?q=place_id:ChIJ1zx1mxaLUjoRXECS8GWY3-s,74,66,5,3,VIOLATION
Tasmac,"Kalpatharu Apartments, Medavakkam Main Rd, Nanganallur, Jeevan Nagar, Adambakkam, Chennai",12.9919248,80.198853,https://www.google.com/maps/place/?q=place_id:ChIJ8UYID_JnUjoRevYLpupMLY0,134,89,30,15,VIOLATION
Tasmac,"Major District Road 633 1/546 Mambakkam main road, Nehru Nagar 1st St, opp. to dinamalar press, Soumya Nagar, Medavakkam, Chennai",12.9088169,80.1907609,https://www.google.com/maps/place/?q=place_id:ChIJbZ7fQzFdUjoRHWKWO216a9Q,99,72,22,5,VIOLATION
Tasmac-Adaikkalam wine shop,"X42R+X6H, New Colony, Chromepet, Chennai",12.9524602,80.1406004,https://www.google.com/maps/place/?q=place_id:ChIJZ3AJFLRfUjoRBqWTkxe-tU4,143,91,40,12,VIOLATION
Tasmac wine shop,"X4F3+49C, Irandankattalai",12.9728223,80.103357,https://www.google.com/maps/place/?q=place_id:ChIJA17tzSxfUjoR5xFGJpGdV4U,65,62,2,1,VIOLATION
TASMAC Wine Shop,"XWPX+4WG, Nemili",12.985319,79.9498373,https://www.google.com/maps/place/?q=place_id:ChIJbdi103WNUjoR9zyL3dDw508,19,19,0,0,VIOLATION
M L M TASMAC,"102/1, Kamaraj High Rd, New Perungalathur, Chennai",12.911074,80.0892968,https://www.google.com/maps/place/?q=place_id:ChIJJ1aG7Qn1UjoRZRzv_ztV0Gw,85,73,8,4,VIOLATION
TASMAC Wine Shop,"X53P+WQ9, Soundararajan Nagar, Keelkattalai, Chennai",12.9547858,80.1869792,https://www.google.com/maps/place/?q=place_id:ChIJSQynaGBfUjoRCZh4Sf9KLic,106,78,24,4,VIOLATION
TASMAC Bar,"9, M.G.R. రోడ్డు, opposite vetrivel theatre, TNGO Colony, Nanganallur, Chennai",12.9801902,80.1829109,https://www.google.com/maps/place/?q=place_id:ChIJncRFkQZeUjoRJgkahxYyP54,120,83,27,10,VIOLATION
"TASMAC, Perumbakam","3, Perumbakkam Main Rd, Green Court, Medavakkam, Chennai",12.914124,80.1949261,https://www.google.com/maps/place/?q=place_id:ChIJWQOEt4tdUjoRm63lUjmsHhE,111,83,17,11,VIOLATION
TASMAC & SS HI-TECH BAR,"494, Velachery Main Rd, Vijayanagaram, Santhosapuram, Medavakkam, Chennai",12.9193693,80.1810045,https://www.google.com/maps/place/?q=place_id:ChIJJ4tWiJRfUjoRa7svfR4VHSU,89,76,6,7,VIOLATION
TASMAC Wineshop & Bar,"X4V6+XG9, Jawaharlal Nehru Rd, Andan Kuppam, Tiruneermalai, Chennai, Kolathuvancheri",12.9949236,80.1113439,https://www.google.com/maps/place/?q=place_id:ChIJ5YIhzcJhUjoRG2PgzjfZ4ho,86,75,6,5,VIOLATION
Tasmac,"71/88, Grand Southern Trunk Rd, Sunnambu Colony, Pallavaram, Chennai",12.9640645,80.14756299999999,https://www.google.com/maps/place/?q=place_id:ChIJ7WBjpE9fUjoRlp1JlRtJIAI,113,97,11,5,VIOLATION
Tasmac,"W4JF+M6H, Kadaperi, Tambaram, Chennai",12.9316919,80.12312039999999,https://www.google.com/maps/place/?q=place_id:ChIJtyDDNbVfUjoRrrjeoeUDWL8,94,82,12,0,VIOLATION
Tasmac Bar And Wines,"W5XM+V7Q, Balamurugan Nagar, Thenmozhi Nagar, Keelkattalai, Chennai",12.9496921,80.183236,https://www.google.com/maps/place/?q=place_id:ChIJbdyiDABfUjoR76FhPc_fwtI,77,64,6,7,VIOLATION
TASMAC Bar,"X3XX+2H9, Jawaharlal Nehru Rd, Kundrathur",12.997527,80.0989702,https://www.google.com/maps/place/?q=place_id:ChIJj9EDIzJhUjoRIS0DcEE8ViQ,117,94,15,8,VIOLATION
Tasmac Wine Shop,"W4PJ+P28, Station Rd, Sri Ram Colony, Tambaram, Tambaram Sanatorium, Chennai",12.9368051,80.1300785,https://www.google.com/maps/place/?q=place_id:ChIJUc9J8ghfUjoRr8VXR8jbt4g,95,79,6,10,VIOLATION
TASMAC,"117, Ambedkar Main Rd, Perumal Nagar, Keelkattalai, Chennai",12.9515754,80.1766454,https://www.google.com/maps/place/?q=place_id:ChIJ9UrbOiRfUjoRO04JkDnUHXM,67,63,3,1,VIOLATION
TASMAC Bar,"2434+X25, Kundrathur Main Rd, Lakhsmi Nagar, Thandalam",13.0048692,80.1050911,https://www.google.com/maps/place/?q=place_id:ChIJf-nlPlVhUjoRL3ZHJyZuHX4,73,66,3,4,VIOLATION
Tasmac,"4, 341B, Annakili St, Ponnurangam Nagar, Kolapakkam, Chennai",12.9934895,80.1461343,https://www.google.com/maps/place/?q=place_id:ChIJF-0lyGBhUjoRZ1fX7oMdALM,78,71,1,6,VIOLATION
TASMAC WINE SHOP,"X3H2+F36, Unnamed Road, Malayambakkam",12.9786637,80.05015449999999,https://www.google.com/maps/place/?q=place_id:ChIJ6zFDyVX1UjoRS2QU5JWUnRQ,77,68,3,6,VIOLATION
TASMAC,"Bama Illam, Kamarajapuram, Sembakkam, Chennai",12.9237799,80.1556705,https://www.google.com/maps/place/?q=place_id:ChIJdSTdy-heUjoRZ6uFbniIehk,111,87,17,7,VIOLATION
Green Park Tasmac Bar,"X498+767, Unnamed Road, Chennai",12.9682633,80.11555059999999,https://www.google.com/maps/place/?q=place_id:ChIJ1e5CQlJfUjoRFmp1na-mWjc,64,62,1,1,VIOLATION
TASMAC Bar,"2446+6JQ, Unnamed Road, Kovur, Shree Kumaran Nagar, Thandalam",13.0055927,80.1116066,https://www.google.com/maps/place/?q=place_id:ChIJ2QrH0N5hUjoRTgWsCi2httg,79,68,7,4,VIOLATION
Tasmac Wine Shop,"27/B, Mudichur Rd, Raja Rajeswari Nagar, Shanthi Nagar, Lingam Nagar, Old Perungalathur",12.9192157,80.08438129999999,https://www.google.com/maps/place/?q=place_id:ChIJy2jt1kH1UjoRfgSr9FeJRWU,99,82,13,4,VIOLATION
TASMAC,"100, Nethaji St, Pallikaranai, Chennai",12.92377,80.1976614,https://www.google.com/maps/place/?q=place_id:ChIJz0hmYgBdUjoRU3_qh38_f6k,103,73,22,8,VIOLATION
TASMAC Rockey AC delex bar,"248, Velachery Main Rd, Durga Colony, Sembakkam, Chennai",12.9231655,80.15962600000002,https://www.google.com/maps/place/?q=place_id:ChIJ6Qu4HwBfUjoRhgnmpluszpE,111,87,21,3,VIOLATION
Wine Shop,"#165, Medavakkam Main Rd, near by Jayalakshmi Theatre, Kesari Nagar, TNGO Colony, Adambakkam, Chennai",12.9850706,80.1971642,https://www.google.com/maps/place/?q=place_id:ChIJz7netfldUjoRDUFaCGvLqdU,110,83,20,7,VIOLATION
Wine shop,"132, Kundrathur, Chennai, Sikkarayapuram",12.9957917,80.08987619999999,https://www.google.com/maps/place/?q=place_id:ChIJOYIOWJeLUjoRyxlkjCZLcbA,94,78,9,7,VIOLATION
Government Wineshop TasMark,"XWHQ+R7Q, Nemili",12.9796768,79.93722570000001,https://www.google.com/maps/place/?q=place_id:ChIJrx-4cACNUjoREYsgCthIH7A,42,42,0,0,VIOLATION
Harsh Bar and Restaurants,"44F6+FGW, Kalavanchi, Kolar",13.1237425,78.1113338,https://www.google.com/maps/place/?q=place_id:ChIJf_1BZH_wrTsRUBJ9GrA6ULQ,64,61,3,0,VIOLATION
N S Bar And Restaurant,"Ward No:12, Bangarpet Main Road, Old Tile Factory Area, Kanakanapalya, Kolar",13.1262718,78.1348723,https://www.google.com/maps/place/?q=place_id:ChIJ42JSyF_wrTsR0RWtvgxvtJM,73,66,6,1,VIOLATION
Vaishnavi Bar And Restaurant,"44CG+FRP, Jayanagara B Block, Jayanagara, Kolar",13.1212074,78.12708549999999,https://www.google.com/maps/place/?q=place_id:ChIJw_EzFmTwrTsRz3dMW3dxdZ8,73,65,8,0,VIOLATION
Vinayaka Bar & Restaurant Kolar,"4496+XW8, Kolar - Malur Rd, Opp to Krishna Convention Hall, Kalavanchi, Kolar, Kondarajanahalli",13.1199027,78.1123274,https://www.google.com/maps/place/?q=place_id:ChIJjUGRlp7xrTsRZO2t-PF7W6k,61,59,2,0,VIOLATION
Surya bar and Restaurant,"MB Rd, near ksrtc busstand, Doddapet, Kolar",13.1380718,78.1301426,https://www.google.com/maps/place/?q=place_id:ChIJxzQg4RTxrTsRvZFGY1HOnhU,135,120,14,1,VIOLATION
Sri Ankalamma Residency Bar & Restaurant,"NH 4, beside Kamat, Kolar",13.1349588,78.1864246,https://www.google.com/maps/place/?q=place_id:ChIJEbyBpLTxrTsRmgkfhDdT5cQ,35,35,0,0,VIOLATION
DAANVI BAR AND RESTAURANT,"2W3Q+Q5M, Karanje Extension, Malur",13.0044638,77.9379593,https://www.google.com/maps/place/?q=place_id:ChIJ20VPcwDjrTsRyBRODeb4eok,113,99,12,2,VIOLATION
TASMAC,"142, Phoenix Market City St, Indira Gandhi Nagar, Velachery, Chennai",12.9914849,80.21632029999999,https://www.google.com/maps/place/?q=place_id:ChIJG-LeM2JnUjoROOprMKrPbPM,120,88,25,7,VIOLATION
Tasmac Wine Shop / Bar,"26C4+QF4, Jawaharlal Nehru Salai, Ambal Nagar, Ekkatuthangal, Chennai",13.021897,80.2061918,https://www.google.com/maps/place/?q=place_id:ChIJQyXsWzxnUjoR0EMpFM-RkCk,100,77,16,7,VIOLATION
Tasmac,"26CC+5HF, Alandur Rd, Anna Nagar, Saidapet, Chennai",13.0204491,80.2214071,https://www.google.com/maps/place/?q=place_id:ChIJRScqvQVnUjoR9Ane6Sl8zfQ,152,119,27,6,VIOLATION
Tasmac,"X6Q3+7R3, Lakeview Rd, Mohanapuri, New Colony, Adambakkam, Chennai",12.9881266,80.2045492,https://www.google.com/maps/place/?q=place_id:ChIJ56kySLddUjoR9D5h5KmqXcs,144,99,34,11,VIOLATION
TASMAC,"Old No. 153, New, 195, Velachery Main Rd, Pallikaranai, Chennai",12.930853,80.2027121,https://www.google.com/maps/place/?q=place_id:ChIJ6UFbnYpdUjoRRQCHD4a9neM,117,90,20,7,VIOLATION
Tasmac,"735, 4th Floor, LLA Building, Anna Salai, Race View Colony, Guindy, Chennai",13.0086835,80.2121616,https://www.google.com/maps/place/?q=place_id:ChIJxxhRVa9nUjoR1SYt1L6aDhU,113,86,6,21,VIOLATION
TASMAC Madhupana Kadai,"No-34, Chakrapani Rd, Ramapuram, Narasinga Colony, Race View Colony, Guindy, Chennai",13.0038762,80.2110569,https://www.google.com/maps/place/?q=place_id:ChIJJZTGx2lnUjoR6Qbz4lp5V-M,119,106,9,4,VIOLATION
WINE SHOP,Pedda Panjani,13.2936546,78.6862481,https://www.google.com/maps/place/?q=place_id:ChIJPzyKxCaAsjsRvZfPZaTJYlU,61,61,0,0,VIOLATION
ROCK VALLEY BAR AND RESTAURANT,"7HVF+3CW, H.Byappalli",13.2926205,78.5735627,https://www.google.com/maps/place/?q=place_id:ChIJrSlgAed_sjsRx8Ffi_JRty4,18,18,0,0,VIOLATION
వైన్ షాపు WINE SHOP,"Bangarupalem, kurappali, Venkatagiri",13.1979773,78.9126133,https://www.google.com/maps/place/?q=place_id:ChIJ43enHA5krTsRvG71Mf06lzw,74,70,2,2,VIOLATION
Tasmac,"7C3R+PXP, MDR788, Athimanjeripet",13.2543328,79.44245769999999,https://www.google.com/maps/place/?q=place_id:ChIJS7P-KAGrUjoRW81t0ZVKUfA,6,6,0,0,VIOLATION
Wine Shop,"2FG8+5RV, Ayal",13.0255167,79.4670446,https://www.google.com/maps/place/?q=place_id:ChIJabqrryG0UjoRePI72oShzOc,3,3,0,0,VIOLATION
Tasmac wine shop,MDR792,13.1189248,79.5748066,https://www.google.com/maps/place/?q=place_id:ChIJi0_9KmW7UjoRVOafdUAqu0c,73,71,2,0,VIOLATION
Government Wine Shop,"525Q+2GG, Yadamari",13.1574739,79.0387276,https://www.google.com/maps/place/?q=place_id:ChIJR1Vrw1ZdrTsRGWqzUg4sNmA,74,70,4,0,VIOLATION
Shiva wine shop,"2, officers line, near by raja theatre, Vellore",12.914253,79.13252530000001,https://www.google.com/maps/place/?q=place_id:ChIJAUfPK-g4rTsRlS4SdStgncc,135,120,15,0,VIOLATION
Tasmac kumilipettai,"3JRF+6H6, Unnamed Road, Thandalam",13.0905386,79.6238906,https://www.google.com/maps/place/?q=place_id:ChIJGSctyby7UjoR9MEqmDL5WNU,11,11,0,0,VIOLATION
K G Kandigai Wine Shop,"5GJ7+8XQ, Thadur",13.1808382,79.5149837,https://www.google.com/maps/place/?q=place_id:ChIJmU_S_MivUjoRVXRIDv8okCM,11,11,0,0,VIOLATION
Silverpettai Wine Shop,"3PW3+MH7, Vellore, Ambarishpuram",13.096658,79.7039065,https://www.google.com/maps/place/?q=place_id:ChIJN5eAIDy9UjoRo_xWwMFP_Ds,7,7,0,0,VIOLATION
Tasmac wineshop,"709, Chennai Tiruvallur High Rd, Ma. Po. Si. Nagar, Tiruvallur, Kakkalur",13.1359822,79.920399,https://www.google.com/maps/place/?q=place_id:ChIJOYcXtN2PUjoRXGTy1xEC0Yw,65,63,1,1,VIOLATION
Tasmac,"2RQ8+XXX, Hospital Road, Perambakkam",13.0399753,79.8174921,https://www.google.com/maps/place/?q=place_id:ChIJneOfA6CVUjoRp0Bz3Rb6o8E,78,72,4,2,VIOLATION
TASMAC Wine Shop,"3W75+PXX, SH 57, Polivakkam",13.0643625,79.909987,https://www.google.com/maps/place/?q=place_id:ChIJz8TNSSuTUjoRhmN27mgByEY,29,29,0,0,VIOLATION
Tasmac Elite,"4WP7+Q6W, NH 716, Ma. Po. Si. Nagar, Tiruvallur, Kakkalur",13.1369765,79.9130752,https://www.google.com/maps/place/?q=place_id:ChIJCesvNiWRUjoRoMAqKN8USs4,73,67,5,1,VIOLATION
Manavalanagar Wine Shop,"4W78+FHH, Tiruvallur",13.1136765,79.9164912,https://www.google.com/maps/place/?q=place_id:ChIJJ__wKdWRUjoRsR7Zn8KPbDA,83,73,4,6,VIOLATION
TASMAC Shop,"2P98+VGW, Thakkolam, Arigilapadi",13.0197421,79.716318,https://www.google.com/maps/place/?q=place_id:ChIJH999Fkq-UjoRazvIVI7Et6I,23,23,0,0,VIOLATION
Tasmac Wineshop,"2XH5+PHM, Kondavakkam",13.0293361,79.95891809999999,https://www.google.com/maps/place/?q=place_id:ChIJKUaa2GSNUjoRw8PmIVI3uqg,48,48,0,0,VIOLATION
Tasmac DM Office,"4WHQ+MH5, Kakkalur Industrial Estate, Tiruvallur",13.1291404,79.93897129999999,https://www.google.com/maps/place/?q=place_id:ChIJ_____8aPUjoR9KF275s31cQ,68,68,0,0,VIOLATION
Ganga baireveshwara bar and restaurant,"5C44+CG, Mulbagal, Sonnavadi",13.1560894,78.40612279999999,https://www.google.com/maps/place/?q=place_id:ChIJL2eJx--PrTsRnc7LxBxmQFM,52,52,0,0,VIOLATION
Venu Bar & restaurant,"l, Kappalamadagu, Mulbagal",13.1908296,78.4358681,https://www.google.com/maps/place/?q=place_id:ChIJY3IJQ2yJrTsRoZVW0qsgx2M,32,32,0,0,VIOLATION
Anurag Bar and Restaurant,"5C53+WXP, NH 75, next to dosa corner, Mulabagilu",13.1598439,78.40494819999999,https://www.google.com/maps/place/?q=place_id:ChIJm3pPG_6PrTsR0x1ZJeuXzoI,62,60,2,0,VIOLATION
Balaji Bar and Restaurant Padmaghatta,"5FW6+H9, Padmaghatta, Nangli Vaddarahalli",13.1964362,78.4610017,https://www.google.com/maps/place/?q=place_id:ChIJR6wVcQCJrTsRmRLt70Fw4jA,59,58,1,0,VIOLATION
TASMAC,"3478+FWC, Unnamed Road, Sri Shanmuga Nagar, Thiruverkadu",13.0636752,80.11714990000002,https://www.google.com/maps/place/?q=place_id:ChIJKbj6Wu1hUjoR4XfPvhRX9eU,65,61,2,2,VIOLATION
Tasmac,"No: 24, School Street, Near Mangadu Bus Stop, Mangadu, Astha Lakshmi Nagar, Indrani Nagar, Chennai",13.0422146,80.11493,https://www.google.com/maps/place/?q=place_id:ChIJD95r6i9hUjoRrxixWa2uFys,131,108,15,8,VIOLATION
TASMAC,"43C7+J3P, SH 206, Pattabiram",13.1215889,80.06269189999999,https://www.google.com/maps/place/?q=place_id:ChIJQXw671KIUjoR-2zmNtFSCIA,97,85,6,6,VIOLATION
Tasmac Wineshop,"34QF+J47, Tiruvallur",13.0890471,80.1227878,https://www.google.com/maps/place/?q=place_id:ChIJcYCQIz1iUjoRjLe4Rt4kizg,69,65,3,1,VIOLATION
TASMAC,"55, Koladi Rd, Kaveri Nagar, Thiruverkadu, Chennai",13.0824528,80.1264501,https://www.google.com/maps/place/?q=place_id:ChIJ918gAiRiUjoRZyephUbwQhg,83,80,3,0,VIOLATION
TasMaC,"No-440, krishna complex, Mangadu, MSS Nagar, Indrani Nagar, Kumananchavadi, Chennai",13.0453426,80.1149143,https://www.google.com/maps/place/?q=place_id:ChIJ-aMQTA9hUjoRYnyn4cqtjCM,121,95,13,13,VIOLATION
tasmac,"439G+QJG, Modern City, Pattabiram",13.1194257,80.07658289999999,https://www.google.com/maps/place/?q=place_id:ChIJDXgou8qJUjoRjOq3ndPQQpo,90,71,11,8,VIOLATION
Tasmac (Vasantham Bar),"4435+X7M, Avadi Rd, Ram Nagar, Avadi",13.1049729,80.1081804,https://www.google.com/maps/place/?q=place_id:ChIJ0_fM83FiUjoRl81B8tCKmjA,81,66,12,3,VIOLATION
Tasmac Wine Shop,"No.290, Trunk Rd, Srinivasa Nagar, Poonamallee, Chennai",13.0499413,80.1017207,https://www.google.com/maps/place/?q=place_id:ChIJwQBIEyJhUjoR3Z_nQBCtbfw,122,98,20,4,VIOLATION
Avadi Tasmac,"170, Poonamallee - Avadi High Rd, JB Estate, Township Area, TNHB Mig V Block, Chennai, Avadi",13.1133498,80.10838249999999,https://www.google.com/maps/place/?q=place_id:ChIJtWW3iHljUjoRgwhyDrRWAHU,109,85,15,9,VIOLATION
Tasmac,"34Q5+R8M, Avadi",13.0895797,80.1083482,https://www.google.com/maps/place/?q=place_id:ChIJzWTKyA9iUjoRIrDusU2d27U,89,72,13,4,VIOLATION
TASMAC Deluxe A/C Bar,"219-222, Poonamallee High Rd, Kumananchavadi, Goparasanallur, Chennai",13.0461737,80.1191341,https://www.google.com/maps/place/?q=place_id:ChIJr1A7A51hUjoRhdsHTGxfZDk,92,74,13,5,VIOLATION
Tasmac,"3444+H74, Kantaroopan Nagar, Chennai",13.0563899,80.1057148,https://www.google.com/maps/place/?q=place_id:ChIJoTrKbgBhUjoRVCi76Ndo6XY,74,68,6,0,VIOLATION
Tasmac,"23WH+JMX, Nazarathpettai",13.0466246,80.07923579999999,https://www.google.com/maps/place/?q=place_id:ChIJNz1vr_6LUjoRcIeA2d19h5c,90,79,7,4,VIOLATION
Tasmac,"448H+W3P, Siva Sakthi Nagar, Cholambedu, Chennai",13.1173638,80.1277226,https://www.google.com/maps/place/?q=place_id:ChIJNbdZTlliUjoRNpCHV_YI1As,78,70,8,0,VIOLATION
TASMAC Wine Shop,"427, Chennai - Tiruttani Hwy, Pattabiram",13.1196676,80.07053599999999,https://www.google.com/maps/place/?q=place_id:ChIJT0E2qbSJUjoRD0G3YjozcpA,82,70,6,6,VIOLATION
Tasmac,"24RF+PHP Paradise, Saminathan Nagar, Swaminatha Nagar, Kattupakkam, Chennai",13.0418406,80.12395570000001,https://www.google.com/maps/place/?q=place_id:ChIJVyLvU4phUjoRibfXbTXfV84,100,83,14,3,VIOLATION
Thirumazhisai Tasmac Godown,"23R5+P64, Thirumazhisai",13.0417649,80.0580777,https://www.google.com/maps/place/?q=place_id:ChIJFd5OGbqLUjoRCl5ZE1I0Ltw,67,63,0,4,VIOLATION
K.K. Tasmac,"Subam Nagar, KK Nagar, Mangadu, Chennai",13.0240871,80.10839639999999,https://www.google.com/maps/place/?q=place_id:ChIJB38VDi5gUjoRKdq2PgfXQKw,99,87,5,7,VIOLATION
TASMAC,"3447+JQR, Service Rd, Abirami Nagar, Chennai",13.0566185,80.1143962,https://www.google.com/maps/place/?q=place_id:ChIJHwAqeulhUjoRxn8GNPumcbo,86,80,4,2,VIOLATION
TASMAC,"Swamy Nagar, Nadukuthagai",13.1271589,80.03147299999999,https://www.google.com/maps/place/?q=place_id:ChIJF4_2geeIUjoRlPEr7kxS_-g,109,88,13,8,VIOLATION
Government wine shop,"Door No.108,Plot No1,Poovai Road, Rajbai Nagar, Govardanagiri",13.1010258,80.1084825,https://www.google.com/maps/place/?q=place_id:ChIJJTseyQpjUjoR83h9ixKvPLw,95,80,10,5,VIOLATION
Mallika Bar and Restaurant,"SH 96, Gulpet, Kolar",13.1412748,78.13608529999999,https://www.google.com/maps/place/?q=place_id:ChIJeXJoc-3wrTsRxjft5kTgJ-w,95,87,8,0,VIOLATION
Manjunatha BAR and restaurant,"44C7+X5R, Kalavanchi, Kolar",13.1225947,78.1132006,https://www.google.com/maps/place/?q=place_id:ChIJocZoaQDxrTsRCVUxdBNmzik,67,65,2,0,VIOLATION
Manjunatha Bar & Restaurant,"44QH+C86, Karanji Katte, Muneshwara Nagar, Kolar",13.1385289,78.128269,https://www.google.com/maps/place/?q=place_id:ChIJufz9443wrTsRwVFonhTEL8g,129,114,14,1,VIOLATION
Sri Venkateshwara Bar & Restaurant,"Bestharahalli (V, TQ, Po, Mudiyanur, Mulbagal",13.216229,78.3185949,https://www.google.com/maps/place/?q=place_id:ChIJ20LigBeLrTsRciJf7UVXwJE,5,5,0,0,VIOLATION
TASMAC,"343V+RR8, Rajiv Nagar, Vanagaram, Chennai, Adayalampattu",13.0545481,80.1445653,https://www.google.com/maps/place/?q=place_id:ChIJkdGm67dhUjoRyDrGVveHs6A,71,65,4,2,VIOLATION
Tasmac Elite,"147, 2nd Ave, Block AC, AC Block, Anna Nagar, Chennai",13.0847487,80.21100969999999,https://www.google.com/maps/place/?q=place_id:ChIJD9UO7yFkUjoRUBaOK0oiOIo,136,80,46,10,VIOLATION
Tasmac,"NO.4, Mount Poonamallee Rd, Park Dugar, Ramapuram, Chennai",13.0261126,80.17518319999999,https://www.google.com/maps/place/?q=place_id:ChIJ8a5IytJhUjoRneJaubyZtBU,92,72,17,3,VIOLATION
Tasmac,"26, Dasarathapuram Main Rd, Saligrammam, Mathiazhagan Nagar, Shanthi Nagar, Vadapalani, Chennai",13.0573451,80.2038237,https://www.google.com/maps/place/?q=place_id:ChIJlZSLrrhmUjoRuRAv8I7DTn0,138,94,37,7,VIOLATION
TASMAC,"15, Shanmuganar Salai, Sree Ram Puram, Kamaraj Nagar, Kodambakkam, Vada Agaram Rd, Sree Ram Puram, Kamaraj Nagar, Kodambakkam, Chennai",13.0582435,80.22424,https://www.google.com/maps/place/?q=place_id:ChIJaY-lCI1mUjoRUScs-5TfXt8,140,102,38,0,VIOLATION
TASMAC,"34PQ+35G, Periya Koladi Rd, Pachaiappan Nagar Phase I, Koladdi Village, Kil Ayanambakkam, Chennai",13.0851965,80.1379377,https://www.google.com/maps/place/?q=place_id:ChIJB6dC5pZjUjoRaRtKh58ixKE,62,62,0,0,VIOLATION
TASMAC,"18, 7th Ave, Sarvamangala Colony, Sri Devi Colony, Ashok Nagar, Chennai",13.0386513,80.21647360000001,https://www.google.com/maps/place/?q=place_id:ChIJBT6ixuNmUjoRCWTgZATnf84,148,94,40,14,VIOLATION
Tasmac,"36MG+998, 1st Main Rd, Chinthamani, D Block, Annanagar East, Chennai",13.0833934,80.22593959999999,https://www.google.com/maps/place/?q=place_id:ChIJh6g4eClkUjoRgWMCqELff1I,129,93,26,10,VIOLATION
Tasmac,"3/27, Kalaivanar Nagar, Padi, Chennai",13.095181,80.18894999999999,https://www.google.com/maps/place/?q=place_id:ChIJTxY6kwlkUjoRncFIoiT7rLc,124,97,21,6,VIOLATION
TASMAC Wine Shop,"19 & 20 Raja's Garden, Vanagaram, Chettiyar Agaram Rd, Rajas Garden, Porur, Chennai",13.0442714,80.1481757,https://www.google.com/maps/place/?q=place_id:ChIJef3LLWRhUjoRpNwFRz8xL6E,81,63,8,10,VIOLATION
Tasmac,"31/39, 10th Ave, Sarvamangala Colony, Manthope Colony, Ashok Nagar, Chennai",13.0344862,80.2152639,https://www.google.com/maps/place/?q=place_id:ChIJ49IvAB5nUjoRAdJCfHqKqF0,134,83,30,21,VIOLATION
Tasmac,"No. 8D, Shantha Towers, Second Floor, Mount Near Signal, Mount Poonamallee Rd, Devi Nagar, Porur, Chennai",13.0356808,80.1551674,https://www.google.com/maps/place/?q=place_id:ChIJYRTXHE9hUjoRMtQYMEfbiQs,123,97,13,13,VIOLATION
TASMAC ELITE,"10, Square Mall, Main Road, NSK Nagar, Koyambedu, Chennai",13.0713635,80.2034455,https://www.google.com/maps/place/?q=place_id:ChIJq-vSjaRmUjoRxzbmjGGrY_o,122,84,11,27,VIOLATION
Elite Tasmac,"3625+4VC, Ground Floor, Opposite to SPAR, forum vijaya mall, NSK Salai Rd, Vadapalani, Chennai",13.0503131,80.20962829999999,https://www.google.com/maps/place/?q=place_id:ChIJy-AC8z5nUjoRRY0psrCfycM,189,134,37,18,VIOLATION
TASMAC,"48, Ambattur Rd, TNHB Colony, KK Nagar, Ambattur, Chennai",13.0980347,80.14723579999999,https://www.google.com/maps/place/?q=place_id:ChIJ0_B5N8pjUjoRtBAf2EbAKgo,90,76,5,9,VIOLATION
Tasmac,"No: 89, Velnagar, 2nd Street, near EB Office, Maduravoyal, Chennai",13.0614883,80.1636867,https://www.google.com/maps/place/?q=place_id:ChIJIwJ7AN1hUjoRzvJBkcAnlZQ,106,75,14,17,VIOLATION
TASMAC Bar,"354M+49V, Ganapathy St, Dhanalakshmi Nagar, Bhuvaneswari Nagar, Valasaravakkam, Chennai",13.0553564,80.1834538,https://www.google.com/maps/place/?q=place_id:ChIJr8OZkjVhUjoRaG7j6IPpSgc,116,95,15,6,VIOLATION
TASMAC,"9, Tiruverkadu Rd, near Sanaaz Biryani & Catering, Gayathri Nagar, TNHB Colony, Ayappakkam, Chennai",13.0982906,80.1346076,https://www.google.com/maps/place/?q=place_id:ChIJG4FZSjZiUjoRGjjDbNj7Yyc,108,87,9,12,VIOLATION
TASMAC,"46HX+WJF, Kodungaiyur (East), Erukkancheri, Kodungaiyur, Chennai",13.1298223,80.2490514,https://www.google.com/maps/place/?q=place_id:ChIJBWzZ1AtlUjoRIpv6cpKUKMw,107,81,19,7,VIOLATION
TASMAC,"25JR+H55 South Street, nesapakkam, K. K. Nagar, Chennai",13.0313826,80.1905084,https://www.google.com/maps/place/?q=place_id:ChIJgdW6ZVZnUjoR_7UShMo6sXI,118,100,11,7,VIOLATION
Tasmac,"36XG+X93, Parasurama Eswaran Koil Main St, Ramanuja Nagar, United India Nagar, Ayanavaram, Chennai",13.0998859,80.2259117,https://www.google.com/maps/place/?q=place_id:ChIJd1c-hTZkUjoR1wBsESqWg8E,113,87,18,8,VIOLATION
Tasmac,"3523+HM2, Visalakshi Nagar, Vanagaram, Chennai",13.0513905,80.15413649999999,https://www.google.com/maps/place/?q=place_id:ChIJHzaRdxJhUjoREC6Z6kqZFsU,73,71,2,0,VIOLATION
Tasmac,"1-24, Rathinammal St, KG NTR Heritage, Boopathy Nagar, Kodambakkam, Chennai",13.0479776,80.2214193,https://www.google.com/maps/place/?q=place_id:ChIJHWMVRTxnUjoRyd75wvNkTFw,141,104,34,3,VIOLATION
TASMAC,"45MR+3M7, Korattur Tank, Korattur, Chennai",13.1325824,80.1916881,https://www.google.com/maps/place/?q=place_id:ChIJ12F9ooNkUjoRa38UMxO_gyA,71,65,3,3,VIOLATION
Tasmac Bar,"36MC+PGQ, 2nd Ave, B Block, Annanagar East, Chennai",13.0843345,80.221352,https://www.google.com/maps/place/?q=place_id:ChIJZUfUnihkUjoRO7vr7amoi2g,130,78,36,16,VIOLATION
Tasmac,"Shop No: 217, Madhavaram High Rd, Perambur, Chennai",13.1128129,80.2434112,https://www.google.com/maps/place/?q=place_id:ChIJJ2nTg7plUjoRetAr3uqsU8Y,164,111,40,13,VIOLATION
Tasmac Wine Shop,"26P2+GFF, Anna Main Rd, MGR Nagar, Nesapakkam, Chennai",13.0363104,80.20118099999999,https://www.google.com/maps/place/?q=place_id:ChIJz5QuV9hmUjoR-waxXoq8DyM,152,93,48,11,VIOLATION
TASMAC Wine Shop and Deluxe Bar,"36J7+WGV, 4th Ave, AH Block, Anna Nagar, Chennai",13.0823631,80.2137829,https://www.google.com/maps/place/?q=place_id:ChIJAVcLPnllUjoRQ7dd7w0mV2M,165,96,54,15,VIOLATION
Tasmac - Wine Shop,"7, Pachaiyappan St, Sapthagiri Colony, West Jafferkhanpet, Chennai",13.0313432,80.2021718,https://www.google.com/maps/place/?q=place_id:ChIJQR_QBidnUjoRpAdbciOnUp0,135,95,33,7,VIOLATION
Elite Tasmac shanthi colony,"123AA, 4th Ave, Shanthi Colony, Anna Nagar, Chennai",13.0824096,80.2164398,https://www.google.com/maps/place/?q=place_id:ChIJiRbGc8dlUjoRjH-hser_kGk,150,93,44,13,VIOLATION
Tasmac wineshop,"8-12, 600024, Gangaiamman Koil St, Easwar Nagar, Choolaimedu, Chennai",13.0580466,80.21606129999999,https://www.google.com/maps/place/?q=place_id:ChIJlxGuWpNmUjoR3LxnPXRonOk,137,107,29,1,VIOLATION
TASMAC,"36GG+M4C, Shenoy Nagar, Chennai",13.0766719,80.2252694,https://www.google.com/maps/place/?q=place_id:ChIJJUK9CCZnUjoR1oASx8I1DvA,146,112,24,10,VIOLATION
TASMAC,"Golden George Nagar, Mogappair East, Chennai",13.0726922,80.1827617,https://www.google.com/maps/place/?q=place_id:ChIJw5lvyPNhUjoRWbENGFFevEw,123,93,19,11,VIOLATION
TASMAC ELITE,"324, Mount Poonamallee Rd, Kungumam Nagar, Porur, Chennai",13.0344508,80.1560384,https://www.google.com/maps/place/?q=place_id:ChIJ-xb0QgBhUjoRXC690vNUwI8,130,102,15,13,VIOLATION
Elite Tasmac,"369G+7FP, Nelson Manickam Rd, Officers Colony, Aminjikarai, Chennai",13.0682156,80.2262062,https://www.google.com/maps/place/?q=place_id:ChIJ6Te8J8lnUjoRT00hnT7Xzps,133,99,30,4,VIOLATION
Tasmac shop no. 210,"4, Jawahar Rd, Ramana Nagar, Perambur, Chennai",13.1168029,80.24441209999999,https://www.google.com/maps/place/?q=place_id:ChIJvbCurUxlUjoRwkw_5GoOm-w,150,113,24,13,VIOLATION
Tasmac Shop No 977,"No 176, 1st Floor, Arcot Rd, near Power House, Ganga Nagar, Kodambakkam, Chennai",13.052429,80.2199266,https://www.google.com/maps/place/?q=place_id:ChIJEejtOwBnUjoRxwrPXPPq7Sc,168,122,38,8,VIOLATION
Tasmac outlet,"72, A , 1st floor, Jawaharlal Nehru Salai, Vadapalani, Chennai",13.0646673,80.2116245,https://www.google.com/maps/place/?q=place_id:ChIJUaJ3gORnUjoRwq7_aZsCcXk,133,98,27,8,VIOLATION
TASMAC Shop,"26QF+JCJ, Thambiah Rd, AGS Colony, Ramakrishnapuram, West Mambalam, Chennai",13.0390756,80.2235135,https://www.google.com/maps/place/?q=place_id:ChIJoSN6UHpnUjoRpIuK_pyq77w,160,106,38,16,VIOLATION
TASMAC AC bar,"26V3+74W, PV Rajamannar Salai, Rajamannar Colony, Sector 4, K. K. Nagar, Chennai",13.0432259,80.20282639999999,https://www.google.com/maps/place/?q=place_id:ChIJrzHmxptnUjoRKvbTblCAqZo,117,89,24,4,VIOLATION
TASMAC Annanagar Dynamic Bar,"216, 1st Ave, L Block, Annanagar East, Chennai",13.09243,80.22411989999999,https://www.google.com/maps/place/?q=place_id:ChIJBU5sFq1lUjoRBzmv3Wwfjlg,118,80,23,15,VIOLATION
TASMAC black,"3, Periyar Nagar, Kumarasamy Colony, Chennai",13.1001491,80.1858661,https://www.google.com/maps/place/?q=place_id:ChIJyxBosL5jUjoRBwU6Z_MzB2g,118,91,12,15,VIOLATION
Tasmac Saral Bar,"No.12/564, Thiruvalluvar Salai, Block 11, J J Nagar, Mogappair, Chennai",13.0839596,80.1797912,https://www.google.com/maps/place/?q=place_id:ChIJweGWiVJjUjoR9xTanmnq5jc,151,93,48,10,VIOLATION
Tasmac Bamboo Bar,"100, Kaliamman Koil St, Sri Venkatesh Nagar, Sai Baba Colony, Virugambakkam, Chennai",13.0564349,80.19387139999999,https://www.google.com/maps/place/?q=place_id:ChIJX-2X4slmUjoRCYYi6K-vfuw,135,87,39,9,VIOLATION
TASMAC (VR Mall),"35JW+8GV, Thirumangalam, Chennai",13.0808744,80.19628469999999,https://www.google.com/maps/place/?q=place_id:ChIJI_G7xhVlUjoRW5xMFo2auqg,108,82,20,6,VIOLATION
TASMAC - Tamil Nadu State Marketing Corporation Limited,"Shop No, 34, Wallers Rd, Mount Road, Chintadripet, Chennai",13.0700237,80.2712231,https://www.google.com/maps/place/?q=place_id:ChIJgV3XTxtmUjoROrHuWFbH560,157,117,23,17,VIOLATION
Wine Shop,"342X+4CJ, Chettiyar Agaram St, Subha Giri Nagar, Porur, Chennai, Adayalampattu",13.0503445,80.1484775,https://www.google.com/maps/place/?q=place_id:ChIJ-YaWCgxhUjoRUU-pIi_oxGE,77,67,8,2,VIOLATION
wine shop,"No. 32 kannappan nagar, Mettukuppam Rd, Seemathamman Nagar, Maduravoyal, Chennai",13.0558739,80.1731597,https://www.google.com/maps/place/?q=place_id:ChIJE1MVvrFhUjoRv4rw7VvUkwQ,94,77,12,5,VIOLATION
Wine Shop,"25, Pudur Main Rd, Devanampattu, Abhirampuram, Ambattur, Chennai",13.1252412,80.15949239999999,https://www.google.com/maps/place/?q=place_id:ChIJwxG8EbpjUjoRRZKkovvrRv8,101,82,17,2,VIOLATION
Wine Shop,"1/486, Mount Poonamallee Rd, Mahalakshmi Nagar, Iyyappanthangal, Chennai",13.0375784,80.1378891,https://www.google.com/maps/place/?q=place_id:ChIJTcQr7ExhUjoRmrnP9lH_tSg,106,80,18,8,VIOLATION
Wine shop night chennai,"3538+RJP, Dhanalakshmi Nagar, Janaki Nagar, Maduravoyal, Chennai",13.0545834,80.166549,https://www.google.com/maps/place/?q=place_id:ChIJ6foyNmdhUjoRHX-zHnJ0Vmw,96,75,10,11,VIOLATION
Wine Shop,"353P+RVJ, Earikarai Rd, Nasarathpettai, Poonamallee, Chennai",13.0545597,80.18714340000001,https://www.google.com/maps/place/?q=place_id:ChIJeQV5NjVhUjoR_yHY4TiogCQ,119,89,27,3,VIOLATION
Wine shop,"25VM+JMH, Arcot Rd, Valasaravakkam, Chennai",13.044059,80.184246,https://www.google.com/maps/place/?q=place_id:ChIJAQXDhC1hUjoRRvx70FiVc64,115,76,33,6,VIOLATION
TASMAC - Bar,"44GR+6MJ, NH 716, Shobha Nagar, Ambattur, Chennai",13.1255816,80.141644,https://www.google.com/maps/place/?q=place_id:ChIJ9fEgy_9iUjoRmed5gka_1mU,89,70,14,5,VIOLATION
TasMac Wine Shop,"8, Korattur Railway Station Rd, Korattur, Chennai",13.112072,80.18501920000001,https://www.google.com/maps/place/?q=place_id:ChIJY6SWZYhjUjoR03zLImrIEI0,109,81,18,10,VIOLATION
English Wine Shop,"45G3+662, Ambattur High Road (NH-716), Rajiv Gandhi Nagar, Vijayalakshmi Puram, Ambattur, Chennai",13.1255019,80.1530247,https://www.google.com/maps/place/?q=place_id:ChIJ9bcxzwdjUjoRaEE9UlF5cOM,112,83,23,6,VIOLATION
Tasmac Wine Shop,"1/41, Panneerselvam Nagar, Saidapet, Chennai",13.0308911,80.22419889999999,https://www.google.com/maps/place/?q=place_id:ChIJjdIKpANnUjoRkRnJLJJ2BFY,168,121,31,16,VIOLATION
Tasmac Shop No.931,"289/2, Netaji Nagar, West Jafferkhanpet, Chennai",13.0310959,80.2090412,https://www.google.com/maps/place/?q=place_id:ChIJwT3ozSFnUjoRIPK_Yh-8V8A,144,97,28,19,VIOLATION
Phoenix Bar & Restaurant,"Old No.152, New, 371, Konnur High Rd, United India Nagar, Ayanavaram, Chennai",13.0998747,80.22867099999999,https://www.google.com/maps/place/?q=place_id:ChIJGzo7UDRkUjoRlv57slNKs7w,111,82,17,12,VIOLATION
Tasmac Bar,"24WX+GQ7, Porur Link Road, Gandhi Nagar, Porur, Chennai",13.0462944,80.14941160000001,https://www.google.com/maps/place/?q=place_id:ChIJVQa_2A5hUjoR1Ffqirdv5-8,91,66,12,13,VIOLATION
TASMAC,"25QR+4CV, 2nd Street, Raghavendra Nagar, Nesapakkam, Chennai",13.0378596,80.1910584,https://www.google.com/maps/place/?q=place_id:ChIJX_4baNRmUjoRihTtI5qTY6o,125,84,30,11,VIOLATION
Tasmac Bar,"No.415, Kaliamman Koil Street, Koyambedu, Chennai",13.0709488,80.2016209,https://www.google.com/maps/place/?q=place_id:ChIJ6fsSZKRmUjoRgBIPBhdYeuY,123,83,10,30,VIOLATION
TASMAC,"36C3+76J, Jawaharlal Nehru Salai, Koyambedu, Chennai",13.0707061,80.2030034,https://www.google.com/maps/place/?q=place_id:ChIJ66pgi6RmUjoR_wBbKAh21iQ,115,78,9,28,VIOLATION
Tasmac,"No. 437, Poonamallee High Road, Aminjikarai, Kathiravan Colony, Shenoy Nagar, Chennai",13.0742362,80.22383669999999,https://www.google.com/maps/place/?q=place_id:ChIJ3dPqfYRmUjoR6fvCgdXkqbE,155,112,27,16,VIOLATION
Tasmac,"45C8+PRV, Karukku Main Road, Om Shakti Nagar, Korattur, Chennai",13.1218604,80.1670584,https://www.google.com/maps/place/?q=place_id:ChIJOVWvu59jUjoRLAIEpYsoMy4,91,80,6,5,VIOLATION
TASMAC,"East Kamakoti Nagar, Chennai",13.0417647,80.1753536,https://www.google.com/maps/place/?q=place_id:ChIJGc2VdiVhUjoRnujvk-0jTIw,122,92,25,5,VIOLATION
Tasmac,"26W9+9FX, Dr Ambedkar Rd, Samiyar Madam, Kodambakkam, Chennai",13.0459848,80.2187177,https://www.google.com/maps/place/?q=place_id:ChIJyU2Ch-9mUjoRfnm1U4_8KGQ,138,103,33,2,VIOLATION
Govt. Wine shop,"8PJG+3G3, Rayalapeta",13.3301322,78.7263004,https://www.google.com/maps/place/?q=place_id:ChIJJUddj92BsjsR4A7DYGOY0zk,63,63,0,0,VIOLATION
"Haasini Bar and Restaurant, PUTTUR","Puttur - Gopalakrishna Puram Rd, Puttur",13.4556578,79.5521577,https://www.google.com/maps/place/?q=place_id:ChIJt_F_n1RRTToRpJvsP4S7q5w,33,33,0,0,VIOLATION
Tasmac,"47C5+H6Q, Ponnai",13.1215032,79.25817789999999,https://www.google.com/maps/place/?q=place_id:ChIJQzX-zTpOrTsR92J4BGl7Cs8,47,47,0,0,VIOLATION
TASMAC Bar,"37FC+887, SH 124",13.0732871,79.27082039999999,https://www.google.com/maps/place/?q=place_id:ChIJA-yjrpNOrTsRsavSVOpXcXE,41,41,0,0,VIOLATION
Tasmac Wineshop,"X4VP+RPQ, Unnamed Road, RadhaKrishnan Nagar, Katpadi, Vellore",12.99459,79.13686369999999,https://www.google.com/maps/place/?q=place_id:ChIJuYJVceFGrTsREQFYW-Cx_rA,51,51,0,0,VIOLATION
Wine Shop Palamangalam,"CM7H+2J5, Sri Ramapuram, Palamangalam Dakshini",13.412505,79.67910450000001,https://www.google.com/maps/place/?q=place_id:ChIJd1ZxrJxfTToRDHmUlGUAqVg,55,55,0,0,VIOLATION
TASMAC,"42WX+MF5, Palavedu Pettai Aeri Karai Road, Nasik Nagar, Palavedu",13.1465961,80.0487268,https://www.google.com/maps/place/?q=place_id:ChIJ4W-T7YuIUjoRqQcV_1Pv1zc,12,12,0,0,VIOLATION
Tasmac wine shop,"627P+G6F, Unnamed Road, Perumalpattu",13.2138225,80.0355562,https://www.google.com/maps/place/?q=place_id:ChIJHXWt8jKHUjoR5gFJkn0D3QA,13,13,0,0,VIOLATION
Tasmac Liquor Shop / டாஸ்மாக் மதுக்கடை,"4X72+67P, Unnamed Road, Thozhur",13.1131137,79.9506959,https://www.google.com/maps/place/?q=place_id:ChIJd5Z09dqPUjoRgqEqy2LMEZ0,9,9,0,0,VIOLATION
Tasmac Tamilnadu Government,"CXJF+78J, Dalavai Agraharam",13.4307246,79.97324840000002,https://www.google.com/maps/place/?q=place_id:ChIJxwf-Pmh9TToRN26jOpBwvNY,11,11,0,0,VIOLATION
Tasmac,"Nemalur, to, Sathyavedu Rd, Madaharpakkam",13.4425477,79.9975209,https://www.google.com/maps/place/?q=place_id:ChIJbVnl7kZ7TToReP4SFulXCAc,41,41,0,0,VIOLATION
Periyapalayam Wine Shop,"823V+X3F Wine Shop, Periyapalayam",13.3049484,80.0426887,https://www.google.com/maps/place/?q=place_id:ChIJDZEmSD6BUjoRVNoRSGVqw7A,58,58,0,0,VIOLATION
TASMAC,"63, National Highway 205, Venugopal Nagar, Cholambedu, Chennai",13.1302325,80.1370342,https://www.google.com/maps/place/?q=place_id:ChIJzfkbZPpiUjoRtxBXe6wToQA,92,73,9,10,VIOLATION
Tasmac Bar,"7, 200 Feet Road, Senthil Nagar, Kolathur, Chennai",13.1223892,80.2008755,https://www.google.com/maps/place/?q=place_id:ChIJfecd_WJkUjoRUIL1VZ2Lw2U,105,86,10,9,VIOLATION
Tasmac,"53CV+9XG, Vishnu Nagar, New Vellanur",13.1709345,80.09494629999999,https://www.google.com/maps/place/?q=place_id:ChIJ2UqC6KuHUjoREZToKmJavf8,71,64,4,3,VIOLATION
"quality wines, tasmac","55XH+3VM, GNT Rd, near dena bank, M.A.Nagar, Red Hills, Chennai, Padianallur",13.1977201,80.1796727,https://www.google.com/maps/place/?q=place_id:ChIJjX_Qh6Z9UjoR09fIWO_nM4w,103,78,14,11,VIOLATION
Tasmac Wine shop,"46W3+4PX, Red Hills Road, Tirumal Srinivas Nagar, Madhavaram, Kadirvedu",13.145399,80.20435499999999,https://www.google.com/maps/place/?q=place_id:ChIJ4bel1ZVkUjoRQuUUxhz6NhI,90,79,8,3,VIOLATION
Tasmac Wine and Bar,"36C2+PW7, Unnamed Road, Koyambedu, Chennai",13.0717887,80.20230509999999,https://www.google.com/maps/place/?q=place_id:ChIJJ6-15HNnUjoRIypfZinwRcI,130,85,13,32,VIOLATION
Tasmac 513,"26X3+GF3, Arunachalam Rd, Velayutham Colony, Saligramam, Chennai",13.0487698,80.2036845,https://www.google.com/maps/place/?q=place_id:ChIJe4oUwehnUjoRmO-XTa2aQHA,119,92,21,6,VIOLATION
Tasmac Garden a/c bar,"36C2+FCF, Koyambedu, Chennai",13.0711918,80.2010526,https://www.google.com/maps/place/?q=place_id:ChIJ-VOXq6VmUjoRUREKMnvlPQo,128,87,10,31,VIOLATION
TASMAC,"35V5+RHW, Vanagaram Main Rd, Old Ambattur, Attipattu, Athipet, Chennai",13.0946025,80.1589442,https://www.google.com/maps/place/?q=place_id:ChIJPXt9G8RjUjoRiakcyVTO5S0,88,76,7,5,VIOLATION
TASMAC VIP Deluxe A/C Bar,"53, Arunachalam Rd, Mathiazhagan Nagar, Shanthi Nagar, Saligramam, Chennai",13.0556155,80.2039796,https://www.google.com/maps/place/?q=place_id:ChIJXywlPxZnUjoRWvghqYBs5nY,141,97,37,7,VIOLATION
Wine shop,"5-P-104, 5-P-104, Chennai Tiruvallur High Rd, New Tiny Sector, Ambattur Industrial Estate, Chennai",13.0982568,80.17423529999999,https://www.google.com/maps/place/?q=place_id:ChIJH8zl8uxjUjoROGCY9dpq74M,107,93,8,6,VIOLATION
7 Star Bar & Restaurant,"178, GNT, Service Rd, opp. to A2B, Sholavaram, Chennai",13.2318472,80.160913,https://www.google.com/maps/place/?q=place_id:ChIJQ6r6N_Z9UjoRGuNYgMrhfhc,68,63,1,4,VIOLATION
WINE SHOP,India,13.0608345,80.15228719999999,https://www.google.com/maps/place/?q=place_id:ChIJrVvgi3FhUjoRfJrqoZnOB-8,89,72,10,7,VIOLATION
TASMAC HITECH Bar,"458W+4VP, Rajiv Nagar, Korattur, Chennai",13.1156742,80.1973812,https://www.google.com/maps/place/?q=place_id:ChIJW7MhOABlUjoRl95-0V1erEs,93,81,8,4,VIOLATION
Tasmac,"46VC+F2G, Madhavaram Roundabout, V S Mani Nagar, Ponniammanmedu, Adambakkam",13.1436052,80.2202133,https://www.google.com/maps/place/?q=place_id:ChIJ-WzKENNlUjoReA4KG0LFKUo,82,61,1,20,VIOLATION
TASMAC,"46WJ+X86, Kanmal Nagar, Madhavaram, Chennai",13.1474125,80.23081540000001,https://www.google.com/maps/place/?q=place_id:ChIJzQyFMu9lUjoRK_nKSVbWBP4,91,77,9,5,VIOLATION
Tasmac,"46R4+W48, Unnamed Road, Katida Thozilalar Nagar, Thiru VI Ka Nagar, Madhavaram, Chennai",13.1422821,80.2053466,https://www.google.com/maps/place/?q=place_id:ChIJVSiU6UBlUjoRbuaxJaQ-s1w,104,87,13,4,VIOLATION
Tasmac AC Bar,"Shop No: 13/33, S.R.P Koil Street South, SRP Koil St N, Agaram, Perambur, Chennai",13.1148983,80.23155440000001,https://www.google.com/maps/place/?q=place_id:ChIJO5m721hlUjoRPBvPl4RVBkY,140,97,30,13,VIOLATION
Government wine shop,"36WV+R2Q, Nammalwarpet, Purasaiwakkam, Chennai",13.0970576,80.24264629999999,https://www.google.com/maps/place/?q=place_id:ChIJ7eC_kghlUjoRlH3z_nG0oAY,124,97,16,11,VIOLATION
Tasmac,"Block W, 45, 3rd Ave, Block T, Anna Nagar, Chennai",13.0874091,80.2177592,https://www.google.com/maps/place/?q=place_id:ChIJ10OYSSRkUjoRgARPR_DfjWk,119,68,39,12,VIOLATION
Kinema Bar & Restaurant,"46G5+R5X, New Lakshmipuram, Kasthuri Nagar, Ramani Nagar, Lakshmipuram, Chennai",13.1271185,80.2079807,https://www.google.com/maps/place/?q=place_id:ChIJcRy204pkUjoR17YroZMCgp8,114,90,16,8,VIOLATION
Tasmac,"46PX+QQ3, Tiruvalluvar St, Muthamizh Nagar, Kodungaiyur, Chennai",13.1369079,80.249417,https://www.google.com/maps/place/?q=place_id:ChIJQUCh3Q1lUjoRqvosyaIdWs8,119,98,17,4,VIOLATION
FRIENDS WINE SHOP,"4624+PFQ, New Avadi Road, Lakshmipuram, Villivakkam, Chennai",13.1018437,80.2062375,https://www.google.com/maps/place/?q=place_id:ChIJr3iTzxRkUjoRS7CJnYyXhm0,120,94,12,14,VIOLATION
Tasmac Liquor Store,"கடை எண் : 323 No.2A, தேவர்தெரு, வில்லிவாக்கம், சென்னை-600049",13.1099329,80.2071983,https://www.google.com/maps/place/?q=place_id:ChIJ12kkoWlkUjoR_Ohe1DkxSQM,117,93,19,5,VIOLATION
Chincholi Wine Shop,"I.C.F, ICF West Colony, Konnur, Vellore",13.100902,80.2142779,https://www.google.com/maps/place/?q=place_id:ChIJy7GVHitlUjoRXhbT-TUmvDY,98,82,4,12,VIOLATION
TASMAC 9135,"94CG+9J, Kilmudalambedu",13.3708664,80.12656559999999,https://www.google.com/maps/place/?q=place_id:ChIJtTY9uyGBTToRT21gbaNZgjk,15,15,0,0,VIOLATION
2nd Wine shop Arani,"83JQ+PQC, Gummudipoondi - Periyapalayam Rd, Arani",13.3318503,80.0893984,https://www.google.com/maps/place/?q=place_id:ChIJ24tHHrOBUjoRIPyYQvQmwnA,73,72,1,0,VIOLATION
Tasmac Shop,"4WV7+7RP, Chinnaekkadu, Ikkadu",13.1432057,79.9145672,https://www.google.com/maps/place/?q=place_id:ChIJcZFC1i2RUjoR2qB1SXF2lbY,67,64,3,0,VIOLATION
Tasmac - Wine Shop,"No. 36, Koladi Rd, Devi Nagar, Thiruverkadu, Chennai",13.0758301,80.1251922,https://www.google.com/maps/place/?q=place_id:ChIJSUjEEYphUjoRcE8c-S77mtA,109,96,11,2,VIOLATION
3rd wine shop Arani,"83GC+VXC, Gummudipoondi, Periyapalayam Rd, Arani",13.3272052,80.0723723,https://www.google.com/maps/place/?q=place_id:ChIJjU-7rlyBUjoRsAoHj_r1C9U,61,61,0,0,VIOLATION
Tasmac,"8693+P46, Pallaver Nagar, Ponneri",13.3192959,80.2027572,https://www.google.com/maps/place/?q=place_id:ChIJu_vOaFl5UjoRzsovHaMJmj8,61,61,0,0,VIOLATION
Tasmac,"no.r106, 2, Kamaraj Salai, MMDA, TNHB Layout, Mathur",13.1670249,80.24638499999999,https://www.google.com/maps/place/?q=place_id:ChIJ-55YM5BlUjoREB7pjl-nLto,89,68,14,7,VIOLATION
Tasmac J.B. Bar,"36P9+X3H, 3rd Ave, W Block, Annanagar East, Chennai",13.0874391,80.21772949999999,https://www.google.com/maps/place/?q=place_id:ChIJEVanSSRkUjoRTV0vXVcLB-Y,119,68,39,12,VIOLATION
TASMAC,"468F+CXW, Kandasamy St, Masakkalipalayam, Periyar Nagar West, Perambur, Chennai",13.1161135,80.22492799999999,https://www.google.com/maps/place/?q=place_id:ChIJeXUqwVFkUjoRhel94ayJZW8,141,92,34,15,VIOLATION
TASMAC Wine Shop,"No. 45, Madhavaram High Rd, opposite to SRI BRINDA DELUXE Theatre, Madhavaram, Shanthi Nagar, Ponnusamy Nagar, Perambur, Chennai",13.1197591,80.242724,https://www.google.com/maps/place/?q=place_id:ChIJqQstEQBlUjoRcnRgwZGhcbM,138,106,22,10,VIOLATION
Tasmac ஒயின்ஷாப்,"65W3+RMM, Karanodai",13.247105,80.1541835,https://www.google.com/maps/place/?q=place_id:ChIJmxRrxjZ9UjoRAf1l83U829E,75,70,2,3,VIOLATION
Tasmac,"45J6+C6F, Pudur, Ambattur, Chennai",13.1310419,80.1605484,https://www.google.com/maps/place/?q=place_id:ChIJP30JtbdjUjoR_v_KfrebPc0,115,84,27,4,VIOLATION
Mari Wine Shop TASMAC,"305/124, Ayanavaram Rd, KK Nagar, Ayanavaram, Chennai",13.0992744,80.23090409999999,https://www.google.com/maps/place/?q=place_id:ChIJf-Rp59hlUjoRJsP4gWu_2bc,130,93,26,11,VIOLATION
Tasmac,"85PR+26H, NGO Nagar Extension, Ponneri",13.3350728,80.1906386,https://www.google.com/maps/place/?q=place_id:ChIJMzENGJB5UjoRr-xow5h3fpE,118,100,9,9,VIOLATION
மதுபான கடை (Wine Shop),"777C+4W3, SH 104, Attipattu, Minjur, Nandiambakkam",13.2627628,80.2722972,https://www.google.com/maps/place/?q=place_id:ChIJR9L-oj57UjoRG9-TxMoe-Z4,73,70,1,2,VIOLATION
WINE SHOP,"Amullaivoyal, Chennai",13.1792056,80.2511865,https://www.google.com/maps/place/?q=place_id:ChIJ2xYcccl6UjoR4OObFGcyn_w,70,65,3,2,VIOLATION
Tasmac,"93/35/A, TNHB Colony, Villivakkam, Chennai",13.1037849,80.20293769999999,https://www.google.com/maps/place/?q=place_id:ChIJRxcjbu9lUjoRL_3_Jy0whfo,132,105,21,6,VIOLATION
Bar & Restaurant,"452C+32C, Unnamed Road, Periyar Nagar, Mangalapuram, Mannurpet, Chennai",13.1001845,80.17001839999999,https://www.google.com/maps/place/?q=place_id:ChIJNT1UDnpjUjoRpWKn3mRerAk,92,79,8,5,VIOLATION
WINE SHOP,"M.A.Nagar, Padianallur, Chennai",13.1957693,80.1784897,https://www.google.com/maps/place/?q=place_id:ChIJiSPtrZl8UjoRcvNk5fdLJLM,106,78,14,14,VIOLATION
Tasmar wine shop,"87JP+P5G, Thiruvellavoyal",13.3324744,80.2853913,https://www.google.com/maps/place/?q=place_id:ChIJz0iLqIN3UjoRQ07MFQDjG0M,66,63,1,2,VIOLATION
TASMAC,"C4M8+8R7, AH45, Gummidipoondi, Peddikuppam",13.4332846,80.11704619999999,https://www.google.com/maps/place/?q=place_id:ChIJodTkid6BTToR7_g_h8-zU5o,58,58,0,0,VIOLATION
TASMAC,"C4FG+MWC, GNT Rd, Kottai Karai, Gummidipoondi, Peddikuppam",13.4241799,80.1272687,https://www.google.com/maps/place/?q=place_id:ChIJfbCN-JeBTToRQiMAG3F_tBM,67,65,2,0,VIOLATION
TASMAC,"94RM+G48, Gummidipoondi, Paleswarankandigai",13.391286,80.1328229,https://www.google.com/maps/place/?q=place_id:ChIJmT7MQPqBTToRIEkGXtdLlnk,59,59,0,0,VIOLATION
TASMACBAR,"C457+5M3, Pattupalli - Gummudipoondi Rd, New Gummidipoondi, Gummidipoondi",13.4079077,80.11418019999999,https://www.google.com/maps/place/?q=place_id:ChIJU7Nu78WBTToR4MQ9vbpaLZc,66,66,0,0,VIOLATION
TASMAC Yazh Hi tec Ac bar,"76X7+MGW, Anuppampattu",13.2991822,80.21351419999999,https://www.google.com/maps/place/?q=place_id:ChIJXwgCNgB5UjoRdePi5Sg5Zw0,39,39,0,0,VIOLATION
TASMAC BAR SHOP,"Tamil Nadu 600103, India",13.2223441,80.2730261,https://www.google.com/maps/place/?q=place_id:ChIJB8kX8X56UjoRc6rBlZhkxMI,67,62,0,5,VIOLATION
TamilNadu wine shop,"G2VC+HCV, Palmyra Rd, Egumadurai",13.5439827,80.02104489999999,https://www.google.com/maps/place/?q=place_id:ChIJ5eOg_Xp3TToRFOYTpTLDEo0,3,3,0,0,VIOLATION
TASMAC,"V3J5+PF2, Gandhiji St, Thiru Nagar",9.8817598,78.0586464,https://www.google.com/maps/place/?q=place_id:ChIJpzXvaDHOADsRDJm0Q9_pPM8,85,71,11,3,VIOLATION
TASMAC DELUXE,"Gandhi Park, Selvapuram North, Coimbatore",10.9995378,76.94986980000002,https://www.google.com/maps/place/?q=place_id:ChIJqat7_xBZqDsRAWyJEZlJqiw,136,101,25,10,VIOLATION
Government Wine Shop,"Kawwika Corner, 1724, Raja St, Coimbatore",10.9943829,76.95557819999999,https://www.google.com/maps/place/?q=place_id:ChIJ77UeAA1ZqDsRcJvgFqIL-3E,172,127,22,23,VIOLATION
Tasmac Bar,"W5PJ+RWG, Medavakkam Main Road, Kulattur, Madippakkam, Kanchipuram",12.9370528,80.1823392,https://www.google.com/maps/place/?q=place_id:ChIJweAuUoFeUjoR-1RyF8Wxj5M,104,86,15,3,VIOLATION
New Phoenix AC Bar and Restaurant (TASMAC),"W6X4+RM7, Ram Nagar South Extension, Rose Avenue, Kovilambakkam, Chennai",12.9495326,80.20666070000001,https://www.google.com/maps/place/?q=place_id:ChIJmcSxcgBdUjoR33UFjVf_j-U,81,64,8,9,VIOLATION
TASMAC,"25W8+R2R, Alapakkam Main Rd, Alappakam, Ganesh Nagar, Porur, Chennai",13.0471181,80.1650161,https://www.google.com/maps/place/?q=place_id:ChIJ5QsxKhZhUjoRNvT-AFi2a3M,118,91,23,4,VIOLATION
Tasmac Bar,"45, Arcot Rd, Udhayam Colony, Lambert Nagar, Virugambakkam, Chennai",13.0461353,80.18870869999999,https://www.google.com/maps/place/?q=place_id:ChIJd0_5QM1mUjoRjo8ydwKftAk,139,93,35,11,VIOLATION
RR TASMAC BAR,"98, Poonamallee High Rd, Sivabatham, Vanagaram, Chennai",13.0608134,80.1522671,https://www.google.com/maps/place/?q=place_id:ChIJVRf2ZgBhUjoRHoictnaI3ZU,89,72,10,7,VIOLATION
Tasmac Warehouse,"600058, D-83-84, Ambattur Industrial Estate Rd, Ambattur Industrial Estate, Chennai",13.092475,80.172291,https://www.google.com/maps/place/?q=place_id:ChIJb-OnH-9jUjoRf-R7h6KH3NM,73,63,2,8,VIOLATION
TASMAC,"Srinagar Colony, Shobha Nagar, Tamarai Nagar, Thirumullaivoyal, Chennai",13.1205656,80.13903719999999,https://www.google.com/maps/place/?q=place_id:ChIJuz-qsFViUjoRxY7a6cKQAVk,87,80,7,0,VIOLATION
